$MeshFormat
4.1 0 8
$EndMeshFormat
$PhysicalNames
5
1 2 "precrack"
1 3 "symmetry"
1 4 "pin"
1 5 "outer"
2 1 "domain"
$EndPhysicalNames
$Entities
8 8 1 0
8 18.75 11.75 0 0 
9 0 1 0 0 
10 20.56794919243112 1 0 0 
11 0 28 0 0 
12 22.3 0 0 0 
13 62.5 28 0 0 
14 29 0 0 0 
15 62.5 0 0 0 
8 6.2499999 5.4999999 -1e-07 18.7500001 18.0000001 1e-07 2 4 5 2 8 -8 
9 -9.99999993922529e-08 0.9999999000000001 -1e-07 20.56794929243112 1.0000001 1e-07 1 5 2 9 -10 
10 -1e-07 0.9999999000000006 -1e-07 1e-07 28.0000001 1e-07 1 5 2 11 -9 
11 20.56794909243112 -9.999999994736442e-08 -1e-07 22.3000001 1.0000001 1e-07 1 5 2 10 -12 
12 -1.000000011686097e-07 27.9999999 -1e-07 62.5000001 28.0000001 1e-07 1 5 2 13 -11 
13 22.2999999 -1e-07 -1e-07 29.0000001 1e-07 1e-07 2 2 5 2 12 -14 
14 62.4999999 -9.99999993922529e-08 -1e-07 62.5000001 28.0000001 1e-07 1 5 2 15 -13 
15 28.9999999 -1e-07 -1e-07 62.5000001 1e-07 1e-07 2 3 5 2 14 -15 
1 -1.000000011686097e-07 -9.99999993922529e-08 -1e-07 62.5000001 28.0000001 1e-07 1 1 8 9 11 13 15 14 12 10 -8 
$EndEntities
$Nodes
17 15553 1 15553
0 8 0 1
1
18.75 11.75 0
0 9 0 1
2
0 1 0
0 10 0 1
3
20.56794919243112 1 0
0 11 0 1
4
0 28 0
0 12 0 1
5
22.3 0 0
0 13 0 1
6
62.5 28 0
0 14 0 1
7
29 0 0
0 15 0 1
8
62.5 0 0
1 8 0 187
9
10
11
12
13
14
15
16
17
18
19
20
21
22
23
24
25
26
27
28
29
30
31
32
33
34
35
36
37
38
39
40
41
42
43
44
45
46
47
48
49
50
51
52
53
54
55
56
57
58
59
60
61
62
63
64
65
66
67
68
69
70
71
72
73
74
75
76
77
78
79
80
81
82
83
84
85
86
87
88
89
90
91
92
93
94
95
96
97
98
99
100
101
102
103
104
105
106
107
108
109
110
111
112
113
114
115
116
117
118
119
120
121
122
123
124
125
126
127
128
129
130
131
132
133
134
135
136
137
138
139
140
141
142
143
144
145
146
147
148
149
150
151
152
153
154
155
156
157
158
159
160
161
162
163
164
165
166
167
168
169
170
171
172
173
174
175
176
177
178
179
180
181
182
183
184
185
186
187
188
189
190
191
192
193
194
195
18.70584228451673 12.49163437063297 0
18.61524660921454 13.04083651501267 0
18.5156942430396 13.4452648094797 0
18.41284761448908 13.77502668817741 0
18.29207143293985 14.0982777765252 0
18.12421064526578 14.47594105176159 0
17.87893593247233 14.93269512117608 0
17.65106191150534 15.28964139198294 0
17.44702500999831 15.56961301056158 0
17.22900577784236 15.83644152694414 0
16.9533805177045 16.13519121185496 0
16.57547351152147 16.48846131744123 0
16.23954984865318 16.75782057680165 0
15.95520578437948 16.9580757471057 0
15.66308259465802 17.14049241715184 0
15.31199455165184 17.33168313696508 0
14.8426605384159 17.54434565777267 0
14.43128377584614 17.69412676321371 0
14.09600887944021 17.79278542203411 0
13.76072998140305 17.8715243129462 0
13.3731745055614 17.93870473385486 0
12.8633893937381 17.98942690866065 0
12.41837083172296 17.99946691157625 0
12.06711497967537 17.98499082270203 0
11.72432912695263 17.95167998986613 0
11.34166752800983 17.89172336436062 0
10.84630200885584 17.77725335074657 0
10.41446439690745 17.64177742690891 0
10.08424794609184 17.51425554725313 0
9.770402134585989 17.37243679316427 0
9.432236249091829 17.19530307408264 0
9.003776005409906 16.93062909110974 0
8.632074528385285 16.65934339255609 0
8.358237794181658 16.43063092226409 0
8.106701945419053 16.19538324597725 0
7.846947882024821 15.92272165228004 0
7.529564162126697 15.53909851832658 0
7.260035786421693 15.15665158776454 0
7.072604014187159 14.84933425321998 0
6.910122890163457 14.54567056301801 0
6.753765979120378 14.20831132635507 0
6.578442053341303 13.74941278488541 0
6.443521109723618 13.29323149645041 0
6.364042705726499 12.93849824688631 0
6.307892249452794 12.59870584162784 0
6.26871578550657 12.23331877493534 0
6.25 11.74999999999987 0
6.268715785506584 11.26668122506447 0
6.307892249452815 10.90129415837201 0
6.364042705726529 10.56150175311354 0
6.443521109723664 10.20676850354941 0
6.578442053341382 9.750587215114356 0
6.753765979120454 9.291688673644757 0
6.910122890163527 8.954329436981846 0
7.072604014187236 8.650665746779882 0
7.260035786421794 8.343348412235304 0
7.529564162126845 7.960901481673222 0
7.846947882024952 7.57727834771981 0
8.106701945419164 7.304616754022636 0
8.358237794181775 7.069369077735805 0
8.632074528385433 6.840656607443799 0
9.003776005410142 6.569370908890106 0
9.432236249092025 6.304696925917252 0
9.770402134586153 6.127563206835655 0
10.084247946092 5.985744452746801 0
10.41446439690765 5.858222573091017 0
10.84630200885608 5.722746649253361 0
11.34166752801016 5.608276635639316 0
11.72432912695287 5.548320010133843 0
12.06711497967562 5.515009177297952 0
12.41837083172327 5.500533088423746 0
12.86338939373851 5.510573091339369 0
13.37317450556161 5.561295266145166 0
13.76072998140324 5.628475687053837 0
14.09600887944039 5.707214577965934 0
14.43128377584634 5.805873236786358 0
14.84266053841624 5.955654342227474 0
15.31199455165206 6.16831686303503 0
15.66308259465816 6.35950758284824 0
15.95520578437961 6.54192425289439 0
16.23954984865334 6.742179423198471 0
16.57547351152166 7.011538682558933 0
16.95338051770463 7.364808788145165 0
17.22900577784243 7.663558473055936 0
17.44702500999836 7.930386989438491 0
17.65106191150541 8.210358608017152 0
17.87893593247232 8.567304878823908 0
18.12421064526576 9.024058948238357 0
18.29207143293985 9.40172222347481 0
18.41284761448908 9.724973311822589 0
18.5156942430396 10.0547351905203 0
18.61524660921454 10.45916348498732 0
18.70584228451674 11.00836562936709 0
18.73895080435122 12.12147390337037 0
18.6666614655464 12.76724449831157 0
18.56884025589432 13.24388016535348 0
18.46654954189304 13.61085640610338 0
18.35469087939284 13.93748593292719 0
18.21126356506643 14.28849728980448 0
18.00631135359954 14.70686240417454 0
17.76802299810891 15.11309882272223 0
17.5509836562162 15.43104117127707 0
17.33985457592465 15.70453002060942 0
17.09362246638971 15.98805764900381 0
16.76808361033805 16.31573786973844 0
16.40983198266494 16.62603464582958 0
16.09877099689215 16.85992635092991 0
15.81040091641532 17.05129661239556 0
15.48906761364213 17.23889559028733 0
15.07952003507035 17.44285309740825 0
14.63828403053476 17.62283929669117 0
14.26433606542215 17.74580005072306 0
13.92891188776583 17.83446471080254 0
13.5674808626435 17.90816406146263 0
13.11880186975877 17.96929129772702 0
12.64096952357727 17.99841000522712 0
12.24264110301879 17.99469906385765 0
11.89549256435747 17.97069696740268 0
11.53253375568468 17.92466671700671 0
11.09282031090444 17.83952751226209 0
10.62915650051855 17.7134255759964 0
10.24845317609993 17.58035478335457 0
9.92634800568919 17.44550835414891 0
9.599966462916274 17.28645242766428 0
9.215339156004301 17.06728343610922 0
8.815427660811764 16.79840833107713 0
8.493523802513922 16.54694157552263 0
8.230849173493471 16.31473999484512 0
7.974770840355603 16.0610092846924 0
7.684434427160578 15.7340718133191 0
7.391219938542583 15.35039807294348 0
7.164106973343967 15.00434257693985 0
6.989271416117764 14.69862179242834 0
6.829435062921228 14.37815397082683 0
6.661593597797539 13.98058527806523 0
6.506639760641534 13.52260628490283 0
6.401202253872744 13.11644284616412 0
6.333626539285804 12.76898888266734 0
6.28561797872181 12.41630030287732 0
6.254680699092159 11.99184050468852 0
6.254680699092168 11.50815949531126 0
6.285617978721829 11.08369969712251 0
6.333626539285829 10.73101111733251 0
6.401202253872781 10.38355715383571 0
6.506639760641595 9.977393715096959 0
6.661593597797618 9.519414721934568 0
6.829435062921301 9.121846029173014 0
6.989271416117838 8.801378207571526 0
7.164106973344055 8.495657423060003 0
7.391219938542706 8.149601927056342 0
7.684434427160718 7.765928186680732 0
7.974770840355725 7.438990715307473 0
8.230849173493585 7.185260005154773 0
8.493523802514053 6.953058424477264 0
8.815427660811956 6.701591668922735 0
9.215339156004518 6.432716563890647 0
9.599966462916456 6.21354757233563 0
9.926348005689354 6.054491645851019 0
10.24845317610011 5.91964521664536 0
10.62915650051877 5.786574424003529 0
11.09282031090473 5.660472487737843 0
11.53253375568496 5.575333282993246 0
11.89549256435772 5.529303032597297 0
12.24264110301907 5.505300936142339 0
12.64096952357763 5.501589994772886 0
13.11880186975908 5.53070870227301 0
13.5674808626437 5.591835938537407 0
13.92891188776602 5.665535289197501 0
14.26433606542234 5.754199949276994 0
14.63828403053504 5.877160703308931 0
15.07952003507063 6.057146902591883 0
15.48906761364231 6.261104409712765 0
15.81040091641546 6.448703387604528 0
16.09877099689231 6.640073649070197 0
16.40983198266512 6.873965354170567 0
16.7680836103382 7.184262130261702 0
17.0936224663898 7.511942350996291 0
17.33985457592472 7.795469979390651 0
17.55098365621625 8.068958828723011 0
17.76802299810893 8.38690117727781 0
18.00631135359952 8.793137595825428 0
18.21126356506642 9.2115027101955 0
18.35469087939284 9.562514067072815 0
18.46654954189304 9.889143593896614 0
18.56884025589432 10.25611983464652 0
18.6666614655464 10.73275550168846 0
18.73895080435123 11.37852609662967 0
1 9 0 43
196
197
198
199
200
201
202
203
204
205
206
207
208
209
210
211
212
213
214
215
216
217
218
219
220
221
222
223
224
225
226
227
228
229
230
231
232
233
234
235
236
237
238
0.934906781474142 1 0
1.869813562948284 1 0
2.804720344422426 1 0
3.739627125896568 1 0
4.67453390737071 1 0
5.609440688844852 1 0
6.544347470318994 1 0
7.479254251793136 1 0
8.414161033267277 1 0
9.349067814741419 1 0
10.28397459621556 1 0
11.2188813776897 1 0
12.15378815916385 1 0
13.08869494063799 1 0
14.02360172211213 1 0
14.95850850358627 1 0
15.89341528506041 1 0
16.82832206653455 1 0
17.7632288480087 1 0
18.69813562948284 1 0
19.63304241095698 1 0
0.467453390737071 1 0
1.402360172211213 1 0
2.337266953685355 1 0
3.272173735159497 1 0
4.207080516633638 1 0
5.141987298107781 1 0
6.076894079581923 1 0
7.011800861056065 1 0
7.946707642530206 1 0
8.881614424004347 1 0
9.816521205478489 1 0
10.75142798695263 1 0
11.68633476842677 1 0
12.62124154990092 1 0
13.55614833137506 1 0
14.4910551128492 1 0
15.42596189432334 1 0
16.36086867579748 1 0
17.29577545727162 1 0
18.23068223874577 1 0
19.16558902021991 1 0
20.10049580169405 1 0
1 10 0 55
239
240
241
242
243
244
245
246
247
248
249
250
251
252
253
254
255
256
257
258
259
260
261
262
263
264
265
266
267
268
269
270
271
272
273
274
275
276
277
278
279
280
281
282
283
284
285
286
287
288
289
290
291
292
293
0 27.03571428571428 0
0 26.07142857142857 0
0 25.10714285714286 0
0 24.14285714285714 0
0 23.17857142857143 0
0 22.21428571428572 0
0 21.25 0
0 20.28571428571428 0
0 19.32142857142857 0
0 18.35714285714286 0
0 17.39285714285714 0
0 16.42857142857143 0
0 15.46428571428571 0
0 14.5 0
0 13.53571428571428 0
0 12.57142857142857 0
0 11.60714285714286 0
0 10.64285714285714 0
0 9.678571428571427 0
0 8.714285714285715 0
0 7.75 0
0 6.785714285714285 0
0 5.821428571428569 0
0 4.857142857142858 0
0 3.892857142857142 0
0 2.928571428571427 0
0 1.964285714285715 0
0 27.51785714285714 0
0 26.55357142857143 0
0 25.58928571428572 0
0 24.625 0
0 23.66071428571428 0
0 22.69642857142857 0
0 21.73214285714286 0
0 20.76785714285714 0
0 19.80357142857143 0
0 18.83928571428572 0
0 17.875 0
0 16.91071428571428 0
0 15.94642857142857 0
0 14.98214285714286 0
0 14.01785714285714 0
0 13.05357142857143 0
0 12.08928571428571 0
0 11.125 0
0 10.16071428571428 0
0 9.196428571428569 0
0 8.232142857142858 0
0 7.267857142857142 0
0 6.303571428571427 0
0 5.339285714285715 0
0 4.375 0
0 3.410714285714285 0
0 2.446428571428569 0
0 1.482142857142858 0
1 11 0 19
294
295
296
297
298
299
300
301
302
303
304
305
306
307
308
309
310
311
312
21.05126354697601 0.7209583273003018 0
21.4052484512781 0.5165850475124254 0
21.66448118623327 0.3669169582032911 0
21.85433096964334 0.2573071346459005 0
21.99336795393319 0.1770340943388398 0
22.09519206555703 0.118245916082821 0
22.16976322235838 0.07519223862978008 0
22.22437560261847 0.04366176618552908 0
22.26446781352294 0.02051451742742549 0
20.80960636970356 0.860479163650151 0
21.22825599912705 0.6187716874063636 0
21.53486481875569 0.4417510028578582 0
21.7594060779383 0.3121120464245958 0
21.92384946178826 0.2171706144923701 0
22.04428000974511 0.1476400052108303 0
22.1324776439577 0.09671907735630048 0
22.19706941248842 0.05942700240765464 0
22.24442170807071 0.03208814180647734 0
22.28223390676147 0.01025725871371275 0
1 12 0 127
313
314
315
316
317
318
319
320
321
322
323
324
325
326
327
328
329
330
331
332
333
334
335
336
337
338
339
340
341
342
343
344
345
346
347
348
349
350
351
352
353
354
355
356
357
358
359
360
361
362
363
364
365
366
367
368
369
370
371
372
373
374
375
376
377
378
379
380
381
382
383
384
385
386
387
388
389
390
391
392
393
394
395
396
397
398
399
400
401
402
403
404
405
406
407
408
409
410
411
412
413
414
415
416
417
418
419
420
421
422
423
424
425
426
427
428
429
430
431
432
433
434
435
436
437
438
439
61.5234375 28 0
60.546875 28 0
59.5703125 28 0
58.59375 28 0
57.6171875 28 0
56.640625 28 0
55.6640625 28 0
54.6875 28 0
53.7109375 28 0
52.734375 28 0
51.7578125 28 0
50.78125 28 0
49.8046875 28 0
48.828125 28 0
47.8515625 28 0
46.875 28 0
45.8984375 28 0
44.921875 28 0
43.9453125 28 0
42.96875 28 0
41.9921875 28 0
41.015625 28 0
40.0390625 28 0
39.0625 28 0
38.0859375 28 0
37.109375 28 0
36.1328125 28 0
35.15625 28 0
34.1796875 28 0
33.203125 28 0
32.2265625 28 0
31.25 28 0
30.2734375 28 0
29.296875 28 0
28.3203125 28 0
27.34375 28 0
26.3671875 28 0
25.390625 28 0
24.4140625 28 0
23.4375 28 0
22.4609375 28 0
21.484375 28 0
20.5078125 28 0
19.53125 28 0
18.5546875 28 0
17.578125 28 0
16.6015625 28 0
15.625 28 0
14.6484375 28 0
13.671875 28 0
12.6953125 28 0
11.71875 28 0
10.7421875 28 0
9.765625 28 0
8.7890625 28 0
7.8125 28 0
6.8359375 28 0
5.859375 28 0
4.8828125 28 0
3.90625 28 0
2.9296875 28 0
1.953125 28 0
0.9765625 28 0
62.01171875 28 0
61.03515625 28 0
60.05859375 28 0
59.08203125 28 0
58.10546875 28 0
57.12890625 28 0
56.15234375 28 0
55.17578125 28 0
54.19921875 28 0
53.22265625 28 0
52.24609375 28 0
51.26953125 28 0
50.29296875 28 0
49.31640625 28 0
48.33984375 28 0
47.36328125 28 0
46.38671875 28 0
45.41015625 28 0
44.43359375 28 0
43.45703125 28 0
42.48046875 28 0
41.50390625 28 0
40.52734375 28 0
39.55078125 28 0
38.57421875 28 0
37.59765625 28 0
36.62109375 28 0
35.64453125 28 0
34.66796875 28 0
33.69140625 28 0
32.71484375 28 0
31.73828125 28 0
30.76171875 28 0
29.78515625 28 0
28.80859375 28 0
27.83203125 28 0
26.85546875 28 0
25.87890625 28 0
24.90234375 28 0
23.92578125 28 0
22.94921875 28 0
21.97265625 28 0
20.99609375 28 0
20.01953125 28 0
19.04296875 28 0
18.06640625 28 0
17.08984375 28 0
16.11328125 28 0
15.13671875 28 0
14.16015625 28 0
13.18359375 28 0
12.20703125 28 0
11.23046875 28 0
10.25390625 28 0
9.27734375 28 0
8.30078125 28 0
7.32421875 28 0
6.34765625 28 0
5.37109375 28 0
4.39453125 28 0
3.41796875 28 0
2.44140625 28 0
1.46484375 28 0
0.48828125 28 0
1 13 0 299
440
441
442
443
444
445
446
447
448
449
450
451
452
453
454
455
456
457
458
459
460
461
462
463
464
465
466
467
468
469
470
471
472
473
474
475
476
477
478
479
480
481
482
483
484
485
486
487
488
489
490
491
492
493
494
495
496
497
498
499
500
501
502
503
504
505
506
507
508
509
510
511
512
513
514
515
516
517
518
519
520
521
522
523
524
525
526
527
528
529
530
531
532
533
534
535
536
537
538
539
540
541
542
543
544
545
546
547
548
549
550
551
552
553
554
555
556
557
558
559
560
561
562
563
564
565
566
567
568
569
570
571
572
573
574
575
576
577
578
579
580
581
582
583
584
585
586
587
588
589
590
591
592
593
594
595
596
597
598
599
600
601
602
603
604
605
606
607
608
609
610
611
612
613
614
615
616
617
618
619
620
621
622
623
624
625
626
627
628
629
630
631
632
633
634
635
636
637
638
639
640
641
642
643
644
645
646
647
648
649
650
651
652
653
654
655
656
657
658
659
660
661
662
663
664
665
666
667
668
669
670
671
672
673
674
675
676
677
678
679
680
681
682
683
684
685
686
687
688
689
690
691
692
693
694
695
696
697
698
699
700
701
702
703
704
705
706
707
708
709
710
711
712
713
714
715
716
717
718
719
720
721
722
723
724
725
726
727
728
729
730
731
732
733
734
735
736
737
738
22.34466666666667 0 0
22.38933333333333 0 0
22.434 0 0
22.47866666666667 0 0
22.52333333333333 0 0
22.568 0 0
22.61266666666667 0 0
22.65733333333333 0 0
22.702 0 0
22.74666666666667 0 0
22.79133333333333 0 0
22.836 0 0
22.88066666666667 0 0
22.92533333333333 0 0
22.97 0 0
23.01466666666667 0 0
23.05933333333333 0 0
23.104 0 0
23.14866666666667 0 0
23.19333333333334 0 0
23.238 0 0
23.28266666666667 0 0
23.32733333333334 0 0
23.372 0 0
23.41666666666667 0 0
23.46133333333334 0 0
23.506 0 0
23.55066666666667 0 0
23.59533333333334 0 0
23.64 0 0
23.68466666666667 0 0
23.72933333333334 0 0
23.774 0 0
23.81866666666667 0 0
23.86333333333334 0 0
23.908 0 0
23.95266666666667 0 0
23.99733333333333 0 0
24.042 0 0
24.08666666666667 0 0
24.13133333333333 0 0
24.176 0 0
24.22066666666667 0 0
24.26533333333333 0 0
24.31 0 0
24.35466666666667 0 0
24.39933333333333 0 0
24.444 0 0
24.48866666666667 0 0
24.53333333333333 0 0
24.578 0 0
24.62266666666667 0 0
24.66733333333334 0 0
24.712 0 0
24.75666666666667 0 0
24.80133333333334 0 0
24.846 0 0
24.89066666666667 0 0
24.93533333333334 0 0
24.98 0 0
25.02466666666667 0 0
25.06933333333334 0 0
25.114 0 0
25.15866666666667 0 0
25.20333333333333 0 0
25.248 0 0
25.29266666666667 0 0
25.33733333333333 0 0
25.382 0 0
25.42666666666667 0 0
25.47133333333333 0 0
25.516 0 0
25.56066666666667 0 0
25.60533333333333 0 0
25.65 0 0
25.69466666666667 0 0
25.73933333333333 0 0
25.784 0 0
25.82866666666667 0 0
25.87333333333333 0 0
25.918 0 0
25.96266666666667 0 0
26.00733333333334 0 0
26.052 0 0
26.09666666666667 0 0
26.14133333333334 0 0
26.186 0 0
26.23066666666667 0 0
26.27533333333334 0 0
26.32 0 0
26.36466666666667 0 0
26.40933333333334 0 0
26.454 0 0
26.49866666666667 0 0
26.54333333333333 0 0
26.588 0 0
26.63266666666667 0 0
26.67733333333333 0 0
26.722 0 0
26.76666666666667 0 0
26.81133333333333 0 0
26.856 0 0
26.90066666666667 0 0
26.94533333333333 0 0
26.99 0 0
27.03466666666667 0 0
27.07933333333333 0 0
27.124 0 0
27.16866666666667 0 0
27.21333333333333 0 0
27.258 0 0
27.30266666666667 0 0
27.34733333333334 0 0
27.392 0 0
27.43666666666667 0 0
27.48133333333334 0 0
27.526 0 0
27.57066666666667 0 0
27.61533333333333 0 0
27.66 0 0
27.70466666666667 0 0
27.74933333333333 0 0
27.794 0 0
27.83866666666667 0 0
27.88333333333333 0 0
27.928 0 0
27.97266666666667 0 0
28.01733333333333 0 0
28.062 0 0
28.10666666666667 0 0
28.15133333333333 0 0
28.196 0 0
28.24066666666667 0 0
28.28533333333333 0 0
28.33 0 0
28.37466666666667 0 0
28.41933333333333 0 0
28.464 0 0
28.50866666666667 0 0
28.55333333333333 0 0
28.598 0 0
28.64266666666667 0 0
28.68733333333333 0 0
28.732 0 0
28.77666666666667 0 0
28.82133333333334 0 0
28.866 0 0
28.91066666666667 0 0
28.95533333333334 0 0
22.32233333333333 0 0
22.367 0 0
22.41166666666667 0 0
22.45633333333333 0 0
22.501 0 0
22.54566666666667 0 0
22.59033333333333 0 0
22.635 0 0
22.67966666666667 0 0
22.72433333333333 0 0
22.769 0 0
22.81366666666667 0 0
22.85833333333333 0 0
22.903 0 0
22.94766666666667 0 0
22.99233333333333 0 0
23.037 0 0
23.08166666666667 0 0
23.12633333333333 0 0
23.171 0 0
23.21566666666667 0 0
23.26033333333334 0 0
23.305 0 0
23.34966666666667 0 0
23.39433333333334 0 0
23.439 0 0
23.48366666666667 0 0
23.52833333333334 0 0
23.573 0 0
23.61766666666667 0 0
23.66233333333334 0 0
23.707 0 0
23.75166666666667 0 0
23.79633333333334 0 0
23.841 0 0
23.88566666666667 0 0
23.93033333333334 0 0
23.975 0 0
24.01966666666667 0 0
24.06433333333333 0 0
24.109 0 0
24.15366666666667 0 0
24.19833333333333 0 0
24.243 0 0
24.28766666666667 0 0
24.33233333333333 0 0
24.377 0 0
24.42166666666667 0 0
24.46633333333333 0 0
24.511 0 0
24.55566666666667 0 0
24.60033333333334 0 0
24.645 0 0
24.68966666666667 0 0
24.73433333333334 0 0
24.779 0 0
24.82366666666667 0 0
24.86833333333334 0 0
24.913 0 0
24.95766666666667 0 0
25.00233333333334 0 0
25.047 0 0
25.09166666666667 0 0
25.13633333333334 0 0
25.181 0 0
25.22566666666667 0 0
25.27033333333333 0 0
25.315 0 0
25.35966666666667 0 0
25.40433333333333 0 0
25.449 0 0
25.49366666666667 0 0
25.53833333333333 0 0
25.583 0 0
25.62766666666667 0 0
25.67233333333333 0 0
25.717 0 0
25.76166666666667 0 0
25.80633333333333 0 0
25.851 0 0
25.89566666666667 0 0
25.94033333333334 0 0
25.985 0 0
26.02966666666667 0 0
26.07433333333334 0 0
26.119 0 0
26.16366666666667 0 0
26.20833333333334 0 0
26.253 0 0
26.29766666666667 0 0
26.34233333333334 0 0
26.387 0 0
26.43166666666667 0 0
26.47633333333334 0 0
26.521 0 0
26.56566666666667 0 0
26.61033333333334 0 0
26.655 0 0
26.69966666666667 0 0
26.74433333333333 0 0
26.789 0 0
26.83366666666667 0 0
26.87833333333333 0 0
26.923 0 0
26.96766666666667 0 0
27.01233333333333 0 0
27.057 0 0
27.10166666666667 0 0
27.14633333333333 0 0
27.191 0 0
27.23566666666667 0 0
27.28033333333333 0 0
27.325 0 0
27.36966666666667 0 0
27.41433333333334 0 0
27.459 0 0
27.50366666666667 0 0
27.54833333333333 0 0
27.593 0 0
27.63766666666667 0 0
27.68233333333333 0 0
27.727 0 0
27.77166666666667 0 0
27.81633333333333 0 0
27.861 0 0
27.90566666666667 0 0
27.95033333333333 0 0
27.995 0 0
28.03966666666667 0 0
28.08433333333333 0 0
28.129 0 0
28.17366666666667 0 0
28.21833333333333 0 0
28.263 0 0
28.30766666666667 0 0
28.35233333333333 0 0
28.397 0 0
28.44166666666667 0 0
28.48633333333333 0 0
28.531 0 0
28.57566666666667 0 0
28.62033333333333 0 0
28.665 0 0
28.70966666666667 0 0
28.75433333333334 0 0
28.799 0 0
28.84366666666667 0 0
28.88833333333334 0 0
28.933 0 0
28.97766666666667 0 0
1 14 0 71
739
740
741
742
743
744
745
746
747
748
749
750
751
752
753
754
755
756
757
758
759
760
761
762
763
764
765
766
767
768
769
770
771
772
773
774
775
776
777
778
779
780
781
782
783
784
785
786
787
788
789
790
791
792
793
794
795
796
797
798
799
800
801
802
803
804
805
806
807
808
809
62.5 0.04466158467935427 0
62.5 0.1032362000670465 0
62.5 0.184776636821703 0
62.5 0.2982873188900894 0
62.5 0.4563030397082888 0
62.5 0.6762733008463334 0
62.5 0.9824891350963088 0
62.5 1.408824650696882 0
62.5 2.002852666719296 0
62.5 2.825838256602041 0
62.5 3.793452775204633 0
62.5 4.761714664196447 0
62.5 5.729976553188262 0
62.5 6.698238442180077 0
62.5 7.666500331171891 0
62.5 8.634762220163706 0
62.5 9.60302410915552 0
62.5 10.57128599814734 0
62.5 11.53954788713915 0
62.5 12.50780977613097 0
62.5 13.47607166512278 0
62.5 14.4443335541146 0
62.5 15.41259544310641 0
62.5 16.38085733209822 0
62.5 17.34911922109004 0
62.5 18.31738111008185 0
62.5 19.28564299907367 0
62.5 20.25390488806548 0
62.5 21.2221667770573 0
62.5 22.19042866604911 0
62.5 23.15869055504093 0
62.5 24.12695244403274 0
62.5 25.09521433302456 0
62.5 26.06347622201637 0
62.5 27.03173811100819 0
62.5 0.02233079233967714 0
62.5 0.0739488923732004 0
62.5 0.1440064184443748 0
62.5 0.2415319778558962 0
62.5 0.3772951792991891 0
62.5 0.566288170277311 0
62.5 0.8293812179713211 0
62.5 1.195656892896596 0
62.5 1.705838658708089 0
62.5 2.414345461660668 0
62.5 3.309645515903337 0
62.5 4.27758371970054 0
62.5 5.245845608692354 0
62.5 6.21410749768417 0
62.5 7.182369386675984 0
62.5 8.150631275667799 0
62.5 9.118893164659612 0
62.5 10.08715505365143 0
62.5 11.05541694264324 0
62.5 12.02367883163506 0
62.5 12.99194072062687 0
62.5 13.96020260961869 0
62.5 14.9284644986105 0
62.5 15.89672638760232 0
62.5 16.86498827659413 0
62.5 17.83325016558594 0
62.5 18.80151205457776 0
62.5 19.76977394356958 0
62.5 20.73803583256139 0
62.5 21.70629772155321 0
62.5 22.67455961054502 0
62.5 23.64282149953684 0
62.5 24.61108338852865 0
62.5 25.57934527752046 0
62.5 26.54760716651228 0
62.5 27.51586905550409 0
1 15 0 1491
810
811
812
813
814
815
816
817
818
819
820
821
822
823
824
825
826
827
828
829
830
831
832
833
834
835
836
837
838
839
840
841
842
843
844
845
846
847
848
849
850
851
852
853
854
855
856
857
858
859
860
861
862
863
864
865
866
867
868
869
870
871
872
873
874
875
876
877
878
879
880
881
882
883
884
885
886
887
888
889
890
891
892
893
894
895
896
897
898
899
900
901
902
903
904
905
906
907
908
909
910
911
912
913
914
915
916
917
918
919
920
921
922
923
924
925
926
927
928
929
930
931
932
933
934
935
936
937
938
939
940
941
942
943
944
945
946
947
948
949
950
951
952
953
954
955
956
957
958
959
960
961
962
963
964
965
966
967
968
969
970
971
972
973
974
975
976
977
978
979
980
981
982
983
984
985
986
987
988
989
990
991
992
993
994
995
996
997
998
999
1000
1001
1002
1003
1004
1005
1006
1007
1008
1009
1010
1011
1012
1013
1014
1015
1016
1017
1018
1019
1020
1021
1022
1023
1024
1025
1026
1027
1028
1029
1030
1031
1032
1033
1034
1035
1036
1037
1038
1039
1040
1041
1042
1043
1044
1045
1046
1047
1048
1049
1050
1051
1052
1053
1054
1055
1056
1057
1058
1059
1060
1061
1062
1063
1064
1065
1066
1067
1068
1069
1070
1071
1072
1073
1074
1075
1076
1077
1078
1079
1080
1081
1082
1083
1084
1085
1086
1087
1088
1089
1090
1091
1092
1093
1094
1095
1096
1097
1098
1099
1100
1101
1102
1103
1104
1105
1106
1107
1108
1109
1110
1111
1112
1113
1114
1115
1116
1117
1118
1119
1120
1121
1122
1123
1124
1125
1126
1127
1128
1129
1130
1131
1132
1133
1134
1135
1136
1137
1138
1139
1140
1141
1142
1143
1144
1145
1146
1147
1148
1149
1150
1151
1152
1153
1154
1155
1156
1157
1158
1159
1160
1161
1162
1163
1164
1165
1166
1167
1168
1169
1170
1171
1172
1173
1174
1175
1176
1177
1178
1179
1180
1181
1182
1183
1184
1185
1186
1187
1188
1189
1190
1191
1192
1193
1194
1195
1196
1197
1198
1199
1200
1201
1202
1203
1204
1205
1206
1207
1208
1209
1210
1211
1212
1213
1214
1215
1216
1217
1218
1219
1220
1221
1222
1223
1224
1225
1226
1227
1228
1229
1230
1231
1232
1233
1234
1235
1236
1237
1238
1239
1240
1241
1242
1243
1244
1245
1246
1247
1248
1249
1250
1251
1252
1253
1254
1255
1256
1257
1258
1259
1260
1261
1262
1263
1264
1265
1266
1267
1268
1269
1270
1271
1272
1273
1274
1275
1276
1277
1278
1279
1280
1281
1282
1283
1284
1285
1286
1287
1288
1289
1290
1291
1292
1293
1294
1295
1296
1297
1298
1299
1300
1301
1302
1303
1304
1305
1306
1307
1308
1309
1310
1311
1312
1313
1314
1315
1316
1317
1318
1319
1320
1321
1322
1323
1324
1325
1326
1327
1328
1329
1330
1331
1332
1333
1334
1335
1336
1337
1338
1339
1340
1341
1342
1343
1344
1345
1346
1347
1348
1349
1350
1351
1352
1353
1354
1355
1356
1357
1358
1359
1360
1361
1362
1363
1364
1365
1366
1367
1368
1369
1370
1371
1372
1373
1374
1375
1376
1377
1378
1379
1380
1381
1382
1383
1384
1385
1386
1387
1388
1389
1390
1391
1392
1393
1394
1395
1396
1397
1398
1399
1400
1401
1402
1403
1404
1405
1406
1407
1408
1409
1410
1411
1412
1413
1414
1415
1416
1417
1418
1419
1420
1421
1422
1423
1424
1425
1426
1427
1428
1429
1430
1431
1432
1433
1434
1435
1436
1437
1438
1439
1440
1441
1442
1443
1444
1445
1446
1447
1448
1449
1450
1451
1452
1453
1454
1455
1456
1457
1458
1459
1460
1461
1462
1463
1464
1465
1466
1467
1468
1469
1470
1471
1472
1473
1474
1475
1476
1477
1478
1479
1480
1481
1482
1483
1484
1485
1486
1487
1488
1489
1490
1491
1492
1493
1494
1495
1496
1497
1498
1499
1500
1501
1502
1503
1504
1505
1506
1507
1508
1509
1510
1511
1512
1513
1514
1515
1516
1517
1518
1519
1520
1521
1522
1523
1524
1525
1526
1527
1528
1529
1530
1531
1532
1533
1534
1535
1536
1537
1538
1539
1540
1541
1542
1543
1544
1545
1546
1547
1548
1549
1550
1551
1552
1553
1554
1555
1556
1557
1558
1559
1560
1561
1562
1563
1564
1565
1566
1567
1568
1569
1570
1571
1572
1573
1574
1575
1576
1577
1578
1579
1580
1581
1582
1583
1584
1585
1586
1587
1588
1589
1590
1591
1592
1593
1594
1595
1596
1597
1598
1599
1600
1601
1602
1603
1604
1605
1606
1607
1608
1609
1610
1611
1612
1613
1614
1615
1616
1617
1618
1619
1620
1621
1622
1623
1624
1625
1626
1627
1628
1629
1630
1631
1632
1633
1634
1635
1636
1637
1638
1639
1640
1641
1642
1643
1644
1645
1646
1647
1648
1649
1650
1651
1652
1653
1654
1655
1656
1657
1658
1659
1660
1661
1662
1663
1664
1665
1666
1667
1668
1669
1670
1671
1672
1673
1674
1675
1676
1677
1678
1679
1680
1681
1682
1683
1684
1685
1686
1687
1688
1689
1690
1691
1692
1693
1694
1695
1696
1697
1698
1699
1700
1701
1702
1703
1704
1705
1706
1707
1708
1709
1710
1711
1712
1713
1714
1715
1716
1717
1718
1719
1720
1721
1722
1723
1724
1725
1726
1727
1728
1729
1730
1731
1732
1733
1734
1735
1736
1737
1738
1739
1740
1741
1742
1743
1744
1745
1746
1747
1748
1749
1750
1751
1752
1753
1754
1755
1756
1757
1758
1759
1760
1761
1762
1763
1764
1765
1766
1767
1768
1769
1770
1771
1772
1773
1774
1775
1776
1777
1778
1779
1780
1781
1782
1783
1784
1785
1786
1787
1788
1789
1790
1791
1792
1793
1794
1795
1796
1797
1798
1799
1800
1801
1802
1803
1804
1805
1806
1807
1808
1809
1810
1811
1812
1813
1814
1815
1816
1817
1818
1819
1820
1821
1822
1823
1824
1825
1826
1827
1828
1829
1830
1831
1832
1833
1834
1835
1836
1837
1838
1839
1840
1841
1842
1843
1844
1845
1846
1847
1848
1849
1850
1851
1852
1853
1854
1855
1856
1857
1858
1859
1860
1861
1862
1863
1864
1865
1866
1867
1868
1869
1870
1871
1872
1873
1874
1875
1876
1877
1878
1879
1880
1881
1882
1883
1884
1885
1886
1887
1888
1889
1890
1891
1892
1893
1894
1895
1896
1897
1898
1899
1900
1901
1902
1903
1904
1905
1906
1907
1908
1909
1910
1911
1912
1913
1914
1915
1916
1917
1918
1919
1920
1921
1922
1923
1924
1925
1926
1927
1928
1929
1930
1931
1932
1933
1934
1935
1936
1937
1938
1939
1940
1941
1942
1943
1944
1945
1946
1947
1948
1949
1950
1951
1952
1953
1954
1955
1956
1957
1958
1959
1960
1961
1962
1963
1964
1965
1966
1967
1968
1969
1970
1971
1972
1973
1974
1975
1976
1977
1978
1979
1980
1981
1982
1983
1984
1985
1986
1987
1988
1989
1990
1991
1992
1993
1994
1995
1996
1997
1998
1999
2000
2001
2002
2003
2004
2005
2006
2007
2008
2009
2010
2011
2012
2013
2014
2015
2016
2017
2018
2019
2020
2021
2022
2023
2024
2025
2026
2027
2028
2029
2030
2031
2032
2033
2034
2035
2036
2037
2038
2039
2040
2041
2042
2043
2044
2045
2046
2047
2048
2049
2050
2051
2052
2053
2054
2055
2056
2057
2058
2059
2060
2061
2062
2063
2064
2065
2066
2067
2068
2069
2070
2071
2072
2073
2074
2075
2076
2077
2078
2079
2080
2081
2082
2083
2084
2085
2086
2087
2088
2089
2090
2091
2092
2093
2094
2095
2096
2097
2098
2099
2100
2101
2102
2103
2104
2105
2106
2107
2108
2109
2110
2111
2112
2113
2114
2115
2116
2117
2118
2119
2120
2121
2122
2123
2124
2125
2126
2127
2128
2129
2130
2131
2132
2133
2134
2135
2136
2137
2138
2139
2140
2141
2142
2143
2144
2145
2146
2147
2148
2149
2150
2151
2152
2153
2154
2155
2156
2157
2158
2159
2160
2161
2162
2163
2164
2165
2166
2167
2168
2169
2170
2171
2172
2173
2174
2175
2176
2177
2178
2179
2180
2181
2182
2183
2184
2185
2186
2187
2188
2189
2190
2191
2192
2193
2194
2195
2196
2197
2198
2199
2200
2201
2202
2203
2204
2205
2206
2207
2208
2209
2210
2211
2212
2213
2214
2215
2216
2217
2218
2219
2220
2221
2222
2223
2224
2225
2226
2227
2228
2229
2230
2231
2232
2233
2234
2235
2236
2237
2238
2239
2240
2241
2242
2243
2244
2245
2246
2247
2248
2249
2250
2251
2252
2253
2254
2255
2256
2257
2258
2259
2260
2261
2262
2263
2264
2265
2266
2267
2268
2269
2270
2271
2272
2273
2274
2275
2276
2277
2278
2279
2280
2281
2282
2283
2284
2285
2286
2287
2288
2289
2290
2291
2292
2293
2294
2295
2296
2297
2298
2299
2300
29.04490616621984 0 0
29.08981233243968 0 0
29.13471849865952 0 0
29.17962466487936 0 0
29.22453083109919 0 0
29.26943699731903 0 0
29.31434316353887 0 0
29.35924932975871 0 0
29.40415549597855 0 0
29.44906166219839 0 0
29.49396782841823 0 0
29.53887399463807 0 0
29.58378016085791 0 0
29.62868632707775 0 0
29.67359249329759 0 0
29.71849865951743 0 0
29.76340482573726 0 0
29.8083109919571 0 0
29.85321715817694 0 0
29.89812332439678 0 0
29.94302949061662 0 0
29.98793565683646 0 0
30.0328418230563 0 0
30.07774798927614 0 0
30.12265415549598 0 0
30.16756032171581 0 0
30.21246648793565 0 0
30.25737265415549 0 0
30.30227882037533 0 0
30.34718498659517 0 0
30.39209115281501 0 0
30.43699731903485 0 0
30.48190348525469 0 0
30.52680965147453 0 0
30.57171581769437 0 0
30.61662198391421 0 0
30.66152815013405 0 0
30.70643431635389 0 0
30.75134048257372 0 0
30.79624664879356 0 0
30.8411528150134 0 0
30.88605898123324 0 0
30.93096514745308 0 0
30.97587131367292 0 0
31.02077747989276 0 0
31.0656836461126 0 0
31.11058981233244 0 0
31.15549597855227 0 0
31.20040214477211 0 0
31.24530831099195 0 0
31.29021447721179 0 0
31.33512064343163 0 0
31.38002680965147 0 0
31.42493297587131 0 0
31.46983914209115 0 0
31.51474530831099 0 0
31.55965147453082 0 0
31.60455764075067 0 0
31.64946380697051 0 0
31.69436997319034 0 0
31.73927613941018 0 0
31.78418230563002 0 0
31.82908847184986 0 0
31.8739946380697 0 0
31.91890080428954 0 0
31.96380697050938 0 0
32.00871313672921 0 0
32.05361930294906 0 0
32.09852546916889 0 0
32.14343163538874 0 0
32.18833780160858 0 0
32.23324396782841 0 0
32.27815013404825 0 0
32.32305630026809 0 0
32.36796246648793 0 0
32.41286863270777 0 0
32.45777479892761 0 0
32.50268096514745 0 0
32.54758713136729 0 0
32.59249329758713 0 0
32.63739946380696 0 0
32.6823056300268 0 0
32.72721179624664 0 0
32.77211796246648 0 0
32.81702412868632 0 0
32.86193029490616 0 0
32.906836461126 0 0
32.95174262734584 0 0
32.99664879356568 0 0
33.04155495978551 0 0
33.08646112600535 0 0
33.13136729222519 0 0
33.17627345844503 0 0
33.22117962466487 0 0
33.26608579088471 0 0
33.31099195710455 0 0
33.35589812332439 0 0
33.40080428954423 0 0
33.44571045576406 0 0
33.4906166219839 0 0
33.53552278820374 0 0
33.58042895442358 0 0
33.62533512064342 0 0
33.67024128686326 0 0
33.7151474530831 0 0
33.76005361930294 0 0
33.80495978552278 0 0
33.84986595174261 0 0
33.89477211796245 0 0
33.93967828418229 0 0
33.98458445040213 0 0
34.02949061662197 0 0
34.07439678284181 0 0
34.11930294906165 0 0
34.16420911528149 0 0
34.20911528150133 0 0
34.25402144772116 0 0
34.298927613941 0 0
34.34383378016084 0 0
34.38873994638068 0 0
34.43364611260052 0 0
34.47855227882036 0 0
34.5234584450402 0 0
34.56836461126004 0 0
34.61327077747988 0 0
34.65817694369971 0 0
34.70308310991955 0 0
34.74798927613939 0 0
34.79289544235923 0 0
34.83780160857907 0 0
34.88270777479892 0 0
34.92761394101875 0 0
34.97252010723859 0 0
35.01742627345843 0 0
35.06233243967827 0 0
35.1072386058981 0 0
35.15214477211795 0 0
35.19705093833778 0 0
35.24195710455763 0 0
35.28686327077746 0 0
35.33176943699731 0 0
35.37667560321714 0 0
35.42158176943698 0 0
35.46648793565682 0 0
35.51139410187666 0 0
35.5563002680965 0 0
35.60120643431634 0 0
35.64611260053618 0 0
35.69101876675602 0 0
35.73592493297586 0 0
35.78083109919569 0 0
35.82573726541553 0 0
35.87064343163537 0 0
35.91554959785521 0 0
35.96045576407505 0 0
36.00536193029489 0 0
36.05026809651473 0 0
36.09517426273457 0 0
36.14008042895441 0 0
36.18498659517424 0 0
36.22989276139408 0 0
36.27479892761392 0 0
36.31970509383376 0 0
36.3646112600536 0 0
36.40951742627344 0 0
36.45442359249328 0 0
36.49932975871312 0 0
36.54423592493296 0 0
36.58914209115279 0 0
36.63404825737263 0 0
36.67895442359247 0 0
36.72386058981231 0 0
36.76876675603215 0 0
36.81367292225199 0 0
36.85857908847183 0 0
36.90348525469167 0 0
36.94839142091151 0 0
36.99329758713134 0 0
37.03820375335118 0 0
37.08310991957102 0 0
37.12801608579086 0 0
37.1729222520107 0 0
37.21782841823054 0 0
37.26273458445038 0 0
37.30764075067022 0 0
37.35254691689006 0 0
37.39745308310989 0 0
37.44235924932973 0 0
37.48726541554957 0 0
37.53217158176941 0 0
37.57707774798925 0 0
37.6219839142091 0 0
37.66689008042893 0 0
37.71179624664877 0 0
37.75670241286861 0 0
37.80160857908845 0 0
37.84651474530828 0 0
37.89142091152813 0 0
37.93632707774796 0 0
37.98123324396781 0 0
38.02613941018764 0 0
38.07104557640749 0 0
38.11595174262732 0 0
38.16085790884716 0 0
38.20576407506699 0 0
38.25067024128684 0 0
38.29557640750667 0 0
38.34048257372652 0 0
38.38538873994636 0 0
38.4302949061662 0 0
38.47520107238604 0 0
38.52010723860587 0 0
38.56501340482571 0 0
38.60991957104555 0 0
38.65482573726539 0 0
38.69973190348523 0 0
38.74463806970507 0 0
38.78954423592491 0 0
38.83445040214475 0 0
38.87935656836459 0 0
38.92426273458442 0 0
38.96916890080426 0 0
39.0140750670241 0 0
39.05898123324394 0 0
39.10388739946378 0 0
39.14879356568362 0 0
39.19369973190346 0 0
39.2386058981233 0 0
39.28351206434314 0 0
39.32841823056297 0 0
39.37332439678281 0 0
39.41823056300265 0 0
39.46313672922249 0 0
39.50804289544233 0 0
39.55294906166217 0 0
39.59785522788201 0 0
39.64276139410185 0 0
39.68766756032169 0 0
39.73257372654152 0 0
39.77747989276136 0 0
39.8223860589812 0 0
39.86729222520104 0 0
39.91219839142088 0 0
39.95710455764072 0 0
40.00201072386056 0 0
40.0469168900804 0 0
40.09182305630024 0 0
40.13672922252007 0 0
40.18163538873991 0 0
40.22654155495975 0 0
40.27144772117959 0 0
40.31635388739943 0 0
40.36126005361927 0 0
40.40616621983911 0 0
40.45107238605895 0 0
40.49597855227879 0 0
40.54088471849863 0 0
40.58579088471846 0 0
40.63069705093831 0 0
40.67560321715814 0 0
40.72050938337799 0 0
40.76541554959782 0 0
40.81032171581766 0 0
40.8552278820375 0 0
40.90013404825734 0 0
40.94504021447717 0 0
40.98994638069702 0 0
41.03485254691685 0 0
41.0797587131367 0 0
41.12466487935654 0 0
41.16957104557638 0 0
41.21447721179621 0 0
41.25938337801605 0 0
41.30428954423589 0 0
41.34919571045573 0 0
41.39410187667557 0 0
41.43900804289541 0 0
41.48391420911525 0 0
41.52882037533509 0 0
41.57372654155493 0 0
41.61863270777476 0 0
41.6635388739946 0 0
41.70844504021444 0 0
41.75335120643428 0 0
41.79825737265412 0 0
41.84316353887396 0 0
41.8880697050938 0 0
41.93297587131364 0 0
41.97788203753348 0 0
42.02278820375331 0 0
42.06769436997315 0 0
42.11260053619299 0 0
42.15750670241283 0 0
42.20241286863267 0 0
42.24731903485251 0 0
42.29222520107235 0 0
42.33713136729219 0 0
42.38203753351203 0 0
42.42694369973186 0 0
42.4718498659517 0 0
42.51675603217154 0 0
42.56166219839138 0 0
42.60656836461122 0 0
42.65147453083106 0 0
42.6963806970509 0 0
42.74128686327074 0 0
42.78619302949058 0 0
42.83109919571042 0 0
42.87600536193025 0 0
42.92091152815009 0 0
42.96581769436993 0 0
43.01072386058977 0 0
43.05563002680961 0 0
43.10053619302945 0 0
43.14544235924929 0 0
43.19034852546913 0 0
43.23525469168897 0 0
43.2801608579088 0 0
43.32506702412864 0 0
43.36997319034848 0 0
43.41487935656832 0 0
43.45978552278816 0 0
43.504691689008 0 0
43.54959785522784 0 0
43.59450402144768 0 0
43.63941018766752 0 0
43.68431635388735 0 0
43.7292225201072 0 0
43.77412868632703 0 0
43.81903485254688 0 0
43.86394101876671 0 0
43.90884718498656 0 0
43.95375335120639 0 0
43.99865951742623 0 0
44.04356568364607 0 0
44.08847184986591 0 0
44.13337801608575 0 0
44.17828418230559 0 0
44.22319034852543 0 0
44.26809651474527 0 0
44.31300268096511 0 0
44.35790884718494 0 0
44.40281501340478 0 0
44.44772117962462 0 0
44.49262734584446 0 0
44.5375335120643 0 0
44.58243967828414 0 0
44.62734584450398 0 0
44.67225201072382 0 0
44.71715817694366 0 0
44.76206434316349 0 0
44.80697050938333 0 0
44.85187667560317 0 0
44.89678284182301 0 0
44.94168900804285 0 0
44.98659517426269 0 0
45.03150134048253 0 0
45.07640750670237 0 0
45.12131367292221 0 0
45.16621983914204 0 0
45.21112600536188 0 0
45.25603217158172 0 0
45.30093833780156 0 0
45.3458445040214 0 0
45.39075067024124 0 0
45.43565683646108 0 0
45.48056300268092 0 0
45.52546916890076 0 0
45.57037533512059 0 0
45.61528150134043 0 0
45.66018766756027 0 0
45.70509383378011 0 0
45.74999999999995 0 0
45.79490616621979 0 0
45.83981233243963 0 0
45.88471849865947 0 0
45.92962466487931 0 0
45.97453083109914 0 0
46.01943699731898 0 0
46.06434316353882 0 0
46.10924932975867 0 0
46.1541554959785 0 0
46.19906166219835 0 0
46.24396782841818 0 0
46.28887399463802 0 0
46.33378016085786 0 0
46.3786863270777 0 0
46.42359249329753 0 0
46.46849865951738 0 0
46.51340482573721 0 0
46.55831099195706 0 0
46.60321715817689 0 0
46.64812332439674 0 0
46.69302949061657 0 0
46.73793565683641 0 0
46.78284182305624 0 0
46.82774798927609 0 0
46.87265415549592 0 0
46.91756032171577 0 0
46.9624664879356 0 0
47.00737265415545 0 0
47.05227882037528 0 0
47.09718498659512 0 0
47.14209115281496 0 0
47.1869973190348 0 0
47.23190348525464 0 0
47.27680965147448 0 0
47.32171581769432 0 0
47.36662198391416 0 0
47.411528150134 0 0
47.45643431635384 0 0
47.50134048257367 0 0
47.54624664879351 0 0
47.59115281501335 0 0
47.63605898123319 0 0
47.68096514745303 0 0
47.72587131367287 0 0
47.77077747989271 0 0
47.81568364611255 0 0
47.86058981233239 0 0
47.90549597855222 0 0
47.95040214477206 0 0
47.9953083109919 0 0
48.04021447721174 0 0
48.08512064343158 0 0
48.13002680965142 0 0
48.17493297587126 0 0
48.2198391420911 0 0
48.26474530831094 0 0
48.30965147453077 0 0
48.35455764075061 0 0
48.39946380697045 0 0
48.44436997319029 0 0
48.48927613941013 0 0
48.53418230562997 0 0
48.57908847184981 0 0
48.62399463806965 0 0
48.66890080428949 0 0
48.71380697050932 0 0
48.75871313672916 0 0
48.803619302949 0 0
48.84852546916884 0 0
48.89343163538868 0 0
48.93833780160853 0 0
48.98324396782836 0 0
49.0281501340482 0 0
49.07305630026804 0 0
49.11796246648788 0 0
49.16286863270771 0 0
49.20777479892756 0 0
49.25268096514739 0 0
49.29758713136724 0 0
49.34249329758707 0 0
49.38739946380691 0 0
49.43230563002675 0 0
49.47721179624659 0 0
49.52211796246642 0 0
49.56702412868627 0 0
49.6119302949061 0 0
49.65683646112595 0 0
49.70174262734578 0 0
49.74664879356563 0 0
49.79155495978546 0 0
49.8364611260053 0 0
49.88136729222514 0 0
49.92627345844498 0 0
49.97117962466481 0 0
50.01608579088466 0 0
50.06099195710449 0 0
50.10589812332434 0 0
50.15080428954417 0 0
50.19571045576402 0 0
50.24061662198385 0 0
50.28552278820369 0 0
50.33042895442352 0 0
50.37533512064337 0 0
50.4202412868632 0 0
50.46514745308305 0 0
50.51005361930288 0 0
50.55495978552273 0 0
50.59986595174256 0 0
50.6447721179624 0 0
50.68967828418224 0 0
50.73458445040208 0 0
50.77949061662191 0 0
50.82439678284176 0 0
50.86930294906159 0 0
50.91420911528144 0 0
50.95911528150127 0 0
51.00402144772112 0 0
51.04892761394095 0 0
51.09383378016079 0 0
51.13873994638062 0 0
51.18364611260047 0 0
51.22855227882031 0 0
51.27345844504015 0 0
51.31836461125999 0 0
51.36327077747983 0 0
51.40817694369967 0 0
51.4530831099195 0 0
51.49798927613934 0 0
51.54289544235918 0 0
51.58780160857902 0 0
51.63270777479886 0 0
51.6776139410187 0 0
51.72252010723854 0 0
51.76742627345838 0 0
51.81233243967822 0 0
51.85723860589805 0 0
51.90214477211789 0 0
51.94705093833773 0 0
51.99195710455757 0 0
52.03686327077742 0 0
52.08176943699725 0 0
52.12667560321709 0 0
52.17158176943693 0 0
52.21648793565677 0 0
52.26139410187661 0 0
52.30630026809645 0 0
52.35120643431628 0 0
52.39611260053613 0 0
52.44101876675597 0 0
52.48592493297581 0 0
52.53083109919564 0 0
52.57573726541548 0 0
52.62064343163533 0 0
52.66554959785516 0 0
52.71045576407501 0 0
52.75536193029484 0 0
52.80026809651469 0 0
52.84517426273452 0 0
52.89008042895436 0 0
52.9349865951742 0 0
52.97989276139404 0 0
53.02479892761387 0 0
53.06970509383372 0 0
53.11461126005356 0 0
53.1595174262734 0 0
53.20442359249324 0 0
53.24932975871307 0 0
53.29423592493292 0 0
53.33914209115275 0 0
53.3840482573726 0 0
53.42895442359243 0 0
53.47386058981228 0 0
53.51876675603211 0 0
53.56367292225195 0 0
53.60857908847179 0 0
53.65348525469163 0 0
53.69839142091148 0 0
53.74329758713131 0 0
53.78820375335115 0 0
53.83310991957099 0 0
53.87801608579083 0 0
53.92292225201066 0 0
53.96782841823051 0 0
54.01273458445034 0 0
54.05764075067019 0 0
54.10254691689002 0 0
54.14745308310987 0 0
54.19235924932971 0 0
54.23726541554954 0 0
54.28217158176938 0 0
54.32707774798922 0 0
54.37198391420907 0 0
54.4168900804289 0 0
54.46179624664874 0 0
54.50670241286858 0 0
54.55160857908842 0 0
54.59651474530826 0 0
54.6414209115281 0 0
54.68632707774793 0 0
54.73123324396778 0 0
54.77613941018762 0 0
54.82104557640746 0 0
54.8659517426273 0 0
54.91085790884713 0 0
54.95576407506698 0 0
55.00067024128681 0 0
55.04557640750665 0 0
55.09048257372649 0 0
55.13538873994634 0 0
55.18029490616617 0 0
55.22520107238601 0 0
55.27010723860585 0 0
55.31501340482569 0 0
55.35991957104552 0 0
55.40482573726537 0 0
55.44973190348521 0 0
55.49463806970505 0 0
55.53954423592489 0 0
55.58445040214472 0 0
55.62935656836457 0 0
55.6742627345844 0 0
55.71916890080424 0 0
55.76407506702408 0 0
55.80898123324393 0 0
55.85388739946377 0 0
55.8987935656836 0 0
55.94369973190344 0 0
55.98860589812328 0 0
56.03351206434312 0 0
56.07841823056296 0 0
56.1233243967828 0 0
56.16823056300264 0 0
56.21313672922248 0 0
56.25804289544232 0 0
56.30294906166216 0 0
56.34785522788199 0 0
56.39276139410184 0 0
56.43766756032167 0 0
56.48257372654152 0 0
56.52747989276136 0 0
56.57238605898119 0 0
56.61729222520103 0 0
56.66219839142087 0 0
56.70710455764071 0 0
56.75201072386055 0 0
56.79691689008039 0 0
56.84182305630023 0 0
56.88672922252007 0 0
56.93163538873991 0 0
56.97654155495974 0 0
57.02144772117958 0 0
57.06635388739943 0 0
57.11126005361927 0 0
57.15616621983911 0 0
57.20107238605895 0 0
57.24597855227879 0 0
57.29088471849863 0 0
57.33579088471846 0 0
57.3806970509383 0 0
57.42560321715814 0 0
57.47050938337799 0 0
57.51541554959782 0 0
57.56032171581766 0 0
57.6052278820375 0 0
57.65013404825734 0 0
57.69504021447717 0 0
57.73994638069702 0 0
57.78485254691686 0 0
57.8297587131367 0 0
57.87466487935654 0 0
57.91957104557638 0 0
57.96447721179622 0 0
58.00938337801605 0 0
58.0542895442359 0 0
58.09919571045573 0 0
58.14410187667558 0 0
58.18900804289542 0 0
58.23391420911526 0 0
58.27882037533509 0 0
58.32372654155493 0 0
58.36863270777477 0 0
58.41353887399461 0 0
58.45844504021445 0 0
58.50335120643429 0 0
58.54825737265413 0 0
58.59316353887397 0 0
58.63806970509381 0 0
58.68297587131364 0 0
58.72788203753349 0 0
58.77278820375333 0 0
58.81769436997317 0 0
58.86260053619301 0 0
58.90750670241285 0 0
58.95241286863269 0 0
58.99731903485252 0 0
59.04222520107236 0 0
59.0871313672922 0 0
59.13203753351205 0 0
59.17694369973188 0 0
59.22184986595173 0 0
59.26675603217156 0 0
59.3116621983914 0 0
59.35656836461123 0 0
59.40147453083108 0 0
59.44638069705092 0 0
59.49128686327076 0 0
59.53619302949059 0 0
59.58109919571044 0 0
59.62600536193028 0 0
59.67091152815011 0 0
59.71581769436995 0 0
59.76072386058979 0 0
59.80563002680964 0 0
59.85053619302948 0 0
59.89544235924932 0 0
59.94034852546915 0 0
59.98525469168899 0 0
60.03016085790883 0 0
60.07506702412867 0 0
60.11997319034851 0 0
60.16487935656835 0 0
60.2097855227882 0 0
60.25469168900803 0 0
60.29959785522787 0 0
60.3445040214477 0 0
60.38941018766755 0 0
60.43431635388738 0 0
60.47922252010723 0 0
60.52412868632706 0 0
60.56903485254691 0 0
60.61394101876674 0 0
60.65884718498658 0 0
60.70375335120642 0 0
60.74865951742626 0 0
60.7935656836461 0 0
60.83847184986594 0 0
60.88337801608579 0 0
60.92828418230562 0 0
60.97319034852546 0 0
61.0180965147453 0 0
61.06300268096514 0 0
61.10790884718498 0 0
61.15281501340481 0 0
61.19772117962466 0 0
61.2426273458445 0 0
61.28753351206434 0 0
61.33243967828417 0 0
61.37734584450401 0 0
61.42225201072385 0 0
61.46715817694369 0 0
61.51206434316353 0 0
61.55697050938337 0 0
61.60187667560322 0 0
61.64678284182305 0 0
61.69168900804289 0 0
61.73659517426273 0 0
61.78150134048257 0 0
61.82640750670241 0 0
61.87131367292225 0 0
61.91621983914209 0 0
61.96112600536193 0 0
62.00603217158177 0 0
62.0509383378016 0 0
62.09584450402144 0 0
62.14075067024128 0 0
62.18565683646113 0 0
62.23056300268096 0 0
62.2754691689008 0 0
62.32037533512064 0 0
62.36528150134048 0 0
62.41018766756032 0 0
62.45509383378016 0 0
29.02245308310992 0 0
29.06735924932976 0 0
29.1122654155496 0 0
29.15717158176944 0 0
29.20207774798928 0 0
29.24698391420911 0 0
29.29189008042895 0 0
29.33679624664879 0 0
29.38170241286863 0 0
29.42660857908847 0 0
29.47151474530831 0 0
29.51642091152815 0 0
29.56132707774799 0 0
29.60623324396783 0 0
29.65113941018767 0 0
29.69604557640751 0 0
29.74095174262735 0 0
29.78585790884718 0 0
29.83076407506702 0 0
29.87567024128686 0 0
29.9205764075067 0 0
29.96548257372654 0 0
30.01038873994638 0 0
30.05529490616622 0 0
30.10020107238606 0 0
30.1451072386059 0 0
30.19001340482573 0 0
30.23491957104557 0 0
30.27982573726541 0 0
30.32473190348525 0 0
30.36963806970509 0 0
30.41454423592493 0 0
30.45945040214477 0 0
30.50435656836461 0 0
30.54926273458445 0 0
30.59416890080429 0 0
30.63907506702413 0 0
30.68398123324397 0 0
30.7288873994638 0 0
30.77379356568364 0 0
30.81869973190348 0 0
30.86360589812332 0 0
30.90851206434316 0 0
30.953418230563 0 0
30.99832439678284 0 0
31.04323056300268 0 0
31.08813672922252 0 0
31.13304289544235 0 0
31.17794906166219 0 0
31.22285522788203 0 0
31.26776139410187 0 0
31.31266756032171 0 0
31.35757372654155 0 0
31.40247989276139 0 0
31.44738605898123 0 0
31.49229222520107 0 0
31.53719839142091 0 0
31.58210455764075 0 0
31.62701072386059 0 0
31.67191689008042 0 0
31.71682305630026 0 0
31.7617292225201 0 0
31.80663538873994 0 0
31.85154155495978 0 0
31.89644772117962 0 0
31.94135388739946 0 0
31.9862600536193 0 0
32.03116621983914 0 0
32.07607238605897 0 0
32.12097855227881 0 0
32.16588471849865 0 0
32.21079088471849 0 0
32.25569705093833 0 0
32.30060321715817 0 0
32.34550938337801 0 0
32.39041554959785 0 0
32.43532171581769 0 0
32.48022788203752 0 0
32.52513404825736 0 0
32.5700402144772 0 0
32.61494638069704 0 0
32.65985254691688 0 0
32.70475871313672 0 0
32.74966487935656 0 0
32.7945710455764 0 0
32.83947721179624 0 0
32.88438337801608 0 0
32.92928954423591 0 0
32.97419571045575 0 0
33.01910187667559 0 0
33.06400804289543 0 0
33.10891420911527 0 0
33.15382037533511 0 0
33.19872654155495 0 0
33.24363270777479 0 0
33.28853887399463 0 0
33.33344504021447 0 0
33.3783512064343 0 0
33.42325737265415 0 0
33.46816353887398 0 0
33.51306970509383 0 0
33.55797587131366 0 0
33.6028820375335 0 0
33.64778820375334 0 0
33.69269436997318 0 0
33.73760053619302 0 0
33.78250670241286 0 0
33.8274128686327 0 0
33.87231903485254 0 0
33.91722520107238 0 0
33.96213136729222 0 0
34.00703753351205 0 0
34.05194369973189 0 0
34.09684986595173 0 0
34.14175603217157 0 0
34.18666219839141 0 0
34.23156836461125 0 0
34.27647453083109 0 0
34.32138069705093 0 0
34.36628686327077 0 0
34.4111930294906 0 0
34.45609919571044 0 0
34.50100536193028 0 0
34.54591152815012 0 0
34.59081769436996 0 0
34.6357238605898 0 0
34.68063002680964 0 0
34.72553619302948 0 0
34.77044235924932 0 0
34.81534852546915 0 0
34.86025469168899 0 0
34.90516085790883 0 0
34.95006702412867 0 0
34.99497319034851 0 0
35.03987935656835 0 0
35.08478552278819 0 0
35.12969168900803 0 0
35.17459785522787 0 0
35.2195040214477 0 0
35.26441018766754 0 0
35.30931635388738 0 0
35.35422252010722 0 0
35.39912868632706 0 0
35.4440348525469 0 0
35.48894101876674 0 0
35.53384718498658 0 0
35.57875335120642 0 0
35.62365951742625 0 0
35.66856568364609 0 0
35.71347184986593 0 0
35.75837801608577 0 0
35.80328418230561 0 0
35.84819034852545 0 0
35.89309651474529 0 0
35.93800268096513 0 0
35.98290884718497 0 0
36.0278150134048 0 0
36.07272117962464 0 0
36.11762734584448 0 0
36.16253351206432 0 0
36.20743967828416 0 0
36.252345844504 0 0
36.29725201072384 0 0
36.34215817694368 0 0
36.38706434316352 0 0
36.43197050938335 0 0
36.47687667560319 0 0
36.52178284182303 0 0
36.56668900804287 0 0
36.61159517426272 0 0
36.65650134048255 0 0
36.7014075067024 0 0
36.74631367292223 0 0
36.79121983914207 0 0
36.8361260053619 0 0
36.88103217158175 0 0
36.92593833780158 0 0
36.97084450402143 0 0
37.01575067024126 0 0
37.06065683646111 0 0
37.10556300268094 0 0
37.15046916890078 0 0
37.19537533512062 0 0
37.24028150134046 0 0
37.2851876675603 0 0
37.33009383378014 0 0
37.37499999999998 0 0
37.41990616621982 0 0
37.46481233243966 0 0
37.5097184986595 0 0
37.55462466487933 0 0
37.59953083109917 0 0
37.64443699731901 0 0
37.68934316353885 0 0
37.73424932975869 0 0
37.77915549597853 0 0
37.82406166219837 0 0
37.86896782841821 0 0
37.91387399463805 0 0
37.95878016085788 0 0
38.00368632707772 0 0
38.04859249329756 0 0
38.0934986595174 0 0
38.13840482573724 0 0
38.18331099195708 0 0
38.22821715817692 0 0
38.27312332439676 0 0
38.3180294906166 0 0
38.36293565683643 0 0
38.40784182305627 0 0
38.45274798927611 0 0
38.49765415549595 0 0
38.54256032171579 0 0
38.58746648793563 0 0
38.63237265415547 0 0
38.67727882037531 0 0
38.72218498659515 0 0
38.76709115281498 0 0
38.81199731903482 0 0
38.85690348525466 0 0
38.9018096514745 0 0
38.94671581769434 0 0
38.99162198391418 0 0
39.03652815013402 0 0
39.08143431635386 0 0
39.1263404825737 0 0
39.17124664879354 0 0
39.21615281501337 0 0
39.26105898123322 0 0
39.30596514745305 0 0
39.3508713136729 0 0
39.39577747989273 0 0
39.44068364611257 0 0
39.48558981233241 0 0
39.53049597855225 0 0
39.57540214477208 0 0
39.62030831099193 0 0
39.66521447721176 0 0
39.71012064343161 0 0
39.75502680965144 0 0
39.79993297587129 0 0
39.84483914209112 0 0
39.88974530831096 0 0
39.9346514745308 0 0
39.97955764075064 0 0
40.02446380697047 0 0
40.06936997319032 0 0
40.11427613941016 0 0
40.15918230563 0 0
40.20408847184984 0 0
40.24899463806968 0 0
40.29390080428951 0 0
40.33880697050935 0 0
40.38371313672919 0 0
40.42861930294903 0 0
40.47352546916887 0 0
40.51843163538871 0 0
40.56333780160855 0 0
40.60824396782839 0 0
40.65315013404823 0 0
40.69805630026806 0 0
40.7429624664879 0 0
40.78786863270774 0 0
40.83277479892758 0 0
40.87768096514742 0 0
40.92258713136726 0 0
40.9674932975871 0 0
41.01239946380694 0 0
41.05730563002678 0 0
41.10221179624661 0 0
41.14711796246645 0 0
41.19202412868629 0 0
41.23693029490613 0 0
41.28183646112597 0 0
41.32674262734581 0 0
41.37164879356565 0 0
41.41655495978549 0 0
41.46146112600533 0 0
41.50636729222516 0 0
41.55127345844501 0 0
41.59617962466484 0 0
41.64108579088469 0 0
41.68599195710452 0 0
41.73089812332437 0 0
41.7758042895442 0 0
41.82071045576404 0 0
41.86561662198388 0 0
41.91052278820372 0 0
41.95542895442355 0 0
42.0003351206434 0 0
42.04524128686323 0 0
42.09014745308308 0 0
42.13505361930291 0 0
42.17995978552275 0 0
42.22486595174259 0 0
42.26977211796243 0 0
42.31467828418226 0 0
42.35958445040211 0 0
42.40449061662194 0 0
42.44939678284179 0 0
42.49430294906162 0 0
42.53920911528147 0 0
42.5841152815013 0 0
42.62902144772114 0 0
42.67392761394098 0 0
42.71883378016082 0 0
42.76373994638065 0 0
42.8086461126005 0 0
42.85355227882033 0 0
42.89845844504018 0 0
42.94336461126002 0 0
42.98827077747985 0 0
43.03317694369969 0 0
43.07808310991953 0 0
43.12298927613937 0 0
43.16789544235921 0 0
43.21280160857905 0 0
43.25770777479889 0 0
43.30261394101873 0 0
43.34752010723857 0 0
43.3924262734584 0 0
43.43733243967824 0 0
43.48223860589808 0 0
43.52714477211792 0 0
43.57205093833776 0 0
43.6169571045576 0 0
43.66186327077744 0 0
43.70676943699728 0 0
43.75167560321712 0 0
43.79658176943695 0 0
43.84148793565679 0 0
43.88639410187663 0 0
43.93130026809647 0 0
43.97620643431631 0 0
44.02111260053615 0 0
44.06601876675599 0 0
44.11092493297583 0 0
44.15583109919567 0 0
44.2007372654155 0 0
44.24564343163534 0 0
44.29054959785518 0 0
44.33545576407502 0 0
44.38036193029486 0 0
44.4252680965147 0 0
44.47017426273454 0 0
44.51508042895438 0 0
44.55998659517422 0 0
44.60489276139405 0 0
44.64979892761389 0 0
44.69470509383373 0 0
44.73961126005357 0 0
44.78451742627341 0 0
44.82942359249326 0 0
44.87432975871309 0 0
44.91923592493293 0 0
44.96414209115277 0 0
45.00904825737261 0 0
45.05395442359244 0 0
45.09886058981229 0 0
45.14376675603212 0 0
45.18867292225197 0 0
45.2335790884718 0 0
45.27848525469165 0 0
45.32339142091148 0 0
45.36829758713132 0 0
45.41320375335116 0 0
45.458109919571 0 0
45.50301608579083 0 0
45.54792225201068 0 0
45.59282841823051 0 0
45.63773458445036 0 0
45.68264075067019 0 0
45.72754691689003 0 0
45.77245308310987 0 0
45.81735924932971 0 0
45.86226541554954 0 0
45.90717158176939 0 0
45.95207774798922 0 0
45.99698391420907 0 0
46.0418900804289 0 0
46.08679624664875 0 0
46.13170241286858 0 0
46.17660857908842 0 0
46.22151474530826 0 0
46.2664209115281 0 0
46.31132707774794 0 0
46.35623324396778 0 0
46.40113941018762 0 0
46.44604557640746 0 0
46.4909517426273 0 0
46.53585790884713 0 0
46.58076407506697 0 0
46.62567024128681 0 0
46.67057640750665 0 0
46.71548257372649 0 0
46.76038873994633 0 0
46.80529490616617 0 0
46.85020107238601 0 0
46.89510723860585 0 0
46.94001340482568 0 0
46.98491957104552 0 0
47.02982573726536 0 0
47.0747319034852 0 0
47.11963806970504 0 0
47.16454423592488 0 0
47.20945040214472 0 0
47.25435656836456 0 0
47.2992627345844 0 0
47.34416890080423 0 0
47.38907506702407 0 0
47.43398123324391 0 0
47.47888739946375 0 0
47.52379356568359 0 0
47.56869973190343 0 0
47.61360589812327 0 0
47.65851206434311 0 0
47.70341823056295 0 0
47.74832439678278 0 0
47.79323056300262 0 0
47.83813672922247 0 0
47.8830428954423 0 0
47.92794906166215 0 0
47.97285522788198 0 0
48.01776139410183 0 0
48.06266756032166 0 0
48.1075737265415 0 0
48.15247989276133 0 0
48.19738605898118 0 0
48.24229222520101 0 0
48.28719839142086 0 0
48.33210455764069 0 0
48.37701072386054 0 0
48.42191689008037 0 0
48.46682305630021 0 0
48.51172922252005 0 0
48.55663538873989 0 0
48.60154155495972 0 0
48.64644772117957 0 0
48.6913538873994 0 0
48.73626005361925 0 0
48.78116621983908 0 0
48.82607238605893 0 0
48.87097855227876 0 0
48.9158847184986 0 0
48.96079088471844 0 0
49.00569705093828 0 0
49.05060321715812 0 0
49.09550938337796 0 0
49.1404155495978 0 0
49.18532171581764 0 0
49.23022788203748 0 0
49.27513404825731 0 0
49.32004021447715 0 0
49.36494638069699 0 0
49.40985254691683 0 0
49.45475871313667 0 0
49.49966487935651 0 0
49.54457104557635 0 0
49.58947721179619 0 0
49.63438337801603 0 0
49.67928954423586 0 0
49.7241957104557 0 0
49.76910187667554 0 0
49.81400804289538 0 0
49.85891420911522 0 0
49.90382037533506 0 0
49.9487265415549 0 0
49.99363270777474 0 0
50.03853887399458 0 0
50.08344504021441 0 0
50.12835120643425 0 0
50.17325737265409 0 0
50.21816353887393 0 0
50.26306970509377 0 0
50.30797587131361 0 0
50.35288203753345 0 0
50.39778820375329 0 0
50.44269436997313 0 0
50.48760053619296 0 0
50.5325067024128 0 0
50.57741286863264 0 0
50.62231903485248 0 0
50.66722520107232 0 0
50.71213136729216 0 0
50.757037533512 0 0
50.80194369973184 0 0
50.84684986595168 0 0
50.89175603217151 0 0
50.93666219839135 0 0
50.98156836461119 0 0
51.02647453083103 0 0
51.07138069705087 0 0
51.11628686327071 0 0
51.16119302949055 0 0
51.20609919571039 0 0
51.25100536193023 0 0
51.29591152815007 0 0
51.3408176943699 0 0
51.38572386058975 0 0
51.43063002680958 0 0
51.47553619302943 0 0
51.52044235924926 0 0
51.5653485254691 0 0
51.61025469168894 0 0
51.65516085790878 0 0
51.70006702412861 0 0
51.74497319034846 0 0
51.78987935656829 0 0
51.83478552278814 0 0
51.87969168900797 0 0
51.92459785522782 0 0
51.96950402144765 0 0
52.01441018766749 0 0
52.05931635388733 0 0
52.10422252010717 0 0
52.14912868632701 0 0
52.19403485254685 0 0
52.23894101876669 0 0
52.28384718498653 0 0
52.32875335120637 0 0
52.3736595174262 0 0
52.41856568364605 0 0
52.46347184986588 0 0
52.50837801608573 0 0
52.55328418230557 0 0
52.59819034852541 0 0
52.64309651474525 0 0
52.68800268096508 0 0
52.73290884718492 0 0
52.77781501340476 0 0
52.8227211796246 0 0
52.86762734584444 0 0
52.91253351206428 0 0
52.95743967828412 0 0
53.00234584450396 0 0
53.0472520107238 0 0
53.09215817694364 0 0
53.13706434316348 0 0
53.18197050938332 0 0
53.22687667560315 0 0
53.271782841823 0 0
53.31668900804284 0 0
53.36159517426267 0 0
53.40650134048251 0 0
53.45140750670235 0 0
53.4963136729222 0 0
53.54121983914203 0 0
53.58612600536187 0 0
53.63103217158171 0 0
53.67593833780155 0 0
53.72084450402139 0 0
53.76575067024123 0 0
53.81065683646107 0 0
53.85556300268091 0 0
53.90046916890075 0 0
53.94537533512059 0 0
53.99028150134043 0 0
54.03518766756027 0 0
54.0800938337801 0 0
54.12499999999994 0 0
54.16990616621978 0 0
54.21481233243962 0 0
54.25971849865947 0 0
54.3046246648793 0 0
54.34953083109914 0 0
54.39443699731898 0 0
54.43934316353882 0 0
54.48424932975866 0 0
54.5291554959785 0 0
54.57406166219834 0 0
54.61896782841818 0 0
54.66387399463802 0 0
54.70878016085786 0 0
54.7536863270777 0 0
54.79859249329753 0 0
54.84349865951737 0 0
54.88840482573721 0 0
54.93331099195706 0 0
54.9782171581769 0 0
55.02312332439674 0 0
55.06802949061657 0 0
55.11293565683641 0 0
55.15784182305625 0 0
55.20274798927609 0 0
55.24765415549593 0 0
55.29256032171577 0 0
55.33746648793561 0 0
55.38237265415545 0 0
55.42727882037529 0 0
55.47218498659513 0 0
55.51709115281497 0 0
55.5619973190348 0 0
55.60690348525465 0 0
55.65180965147449 0 0
55.69671581769433 0 0
55.74162198391416 0 0
55.786528150134 0 0
55.83143431635384 0 0
55.87634048257368 0 0
55.92124664879352 0 0
55.96615281501336 0 0
56.01105898123321 0 0
56.05596514745304 0 0
56.10087131367288 0 0
56.14577747989272 0 0
56.19068364611256 0 0
56.2355898123324 0 0
56.28049597855224 0 0
56.32540214477208 0 0
56.37030831099192 0 0
56.41521447721176 0 0
56.46012064343159 0 0
56.50502680965143 0 0
56.54993297587127 0 0
56.59483914209111 0 0
56.63974530831095 0 0
56.6846514745308 0 0
56.72955764075063 0 0
56.77446380697047 0 0
56.81936997319031 0 0
56.86427613941015 0 0
56.90918230562999 0 0
56.95408847184983 0 0
56.99899463806967 0 0
57.04390080428951 0 0
57.08880697050935 0 0
57.13371313672918 0 0
57.17861930294902 0 0
57.22352546916886 0 0
57.26843163538871 0 0
57.31333780160855 0 0
57.35824396782839 0 0
57.40315013404823 0 0
57.44805630026806 0 0
57.4929624664879 0 0
57.53786863270774 0 0
57.58277479892758 0 0
57.62768096514742 0 0
57.67258713136726 0 0
57.7174932975871 0 0
57.76239946380694 0 0
57.80730563002678 0 0
57.85221179624662 0 0
57.89711796246646 0 0
57.9420241286863 0 0
57.98693029490614 0 0
58.03183646112598 0 0
58.07674262734582 0 0
58.12164879356565 0 0
58.16655495978549 0 0
58.21146112600533 0 0
58.25636729222517 0 0
58.30127345844501 0 0
58.34617962466486 0 0
58.39108579088469 0 0
58.43599195710453 0 0
58.48089812332437 0 0
58.52580428954421 0 0
58.57071045576405 0 0
58.61561662198389 0 0
58.66052278820373 0 0
58.70542895442357 0 0
58.75033512064341 0 0
58.79524128686325 0 0
58.84014745308308 0 0
58.88505361930292 0 0
58.92995978552277 0 0
58.97486595174261 0 0
59.01977211796245 0 0
59.06467828418229 0 0
59.10958445040212 0 0
59.15449061662196 0 0
59.1993967828418 0 0
59.24430294906164 0 0
59.28920911528148 0 0
59.33411528150132 0 0
59.37902144772116 0 0
59.423927613941 0 0
59.46883378016084 0 0
59.51373994638067 0 0
59.55864611260051 0 0
59.60355227882036 0 0
59.6484584450402 0 0
59.69336461126004 0 0
59.73827077747988 0 0
59.78317694369971 0 0
59.82808310991955 0 0
59.87298927613939 0 0
59.91789544235923 0 0
59.96280160857907 0 0
60.00770777479892 0 0
60.05261394101875 0 0
60.09752010723859 0 0
60.14242627345843 0 0
60.18733243967827 0 0
60.23223860589811 0 0
60.27714477211795 0 0
60.32205093833779 0 0
60.36695710455763 0 0
60.41186327077747 0 0
60.45676943699731 0 0
60.50167560321714 0 0
60.54658176943698 0 0
60.59148793565682 0 0
60.63639410187666 0 0
60.68130026809651 0 0
60.72620643431635 0 0
60.77111260053618 0 0
60.81601876675602 0 0
60.86092493297586 0 0
60.9058310991957 0 0
60.95073726541554 0 0
60.99564343163537 0 0
61.04054959785522 0 0
61.08545576407506 0 0
61.1303619302949 0 0
61.17526809651473 0 0
61.22017426273458 0 0
61.26508042895442 0 0
61.30998659517426 0 0
61.3548927613941 0 0
61.39979892761394 0 0
61.44470509383378 0 0
61.48961126005361 0 0
61.53451742627345 0 0
61.57942359249329 0 0
61.62432975871314 0 0
61.66923592493297 0 0
61.71414209115281 0 0
61.75904825737265 0 0
61.80395442359249 0 0
61.84886058981233 0 0
61.89376675603217 0 0
61.93867292225201 0 0
61.98357908847185 0 0
62.02848525469169 0 0
62.07339142091153 0 0
62.11829758713137 0 0
62.1632037533512 0 0
62.20810991957104 0 0
62.25301608579088 0 0
62.29792225201072 0 0
62.34282841823057 0 0
62.3877345844504 0 0
62.43264075067024 0 0
62.47754691689008 0 0
2 1 0 13253
2301
2302
2303
2304
2305
2306
2307
2308
2309
2310
2311
2312
2313
2314
2315
2316
2317
2318
2319
2320
2321
2322
2323
2324
2325
2326
2327
2328
2329
2330
2331
2332
2333
2334
2335
2336
2337
2338
2339
2340
2341
2342
2343
2344
2345
2346
2347
2348
2349
2350
2351
2352
2353
2354
2355
2356
2357
2358
2359
2360
2361
2362
2363
2364
2365
2366
2367
2368
2369
2370
2371
2372
2373
2374
2375
2376
2377
2378
2379
2380
2381
2382
2383
2384
2385
2386
2387
2388
2389
2390
2391
2392
2393
2394
2395
2396
2397
2398
2399
2400
2401
2402
2403
2404
2405
2406
2407
2408
2409
2410
2411
2412
2413
2414
2415
2416
2417
2418
2419
2420
2421
2422
2423
2424
2425
2426
2427
2428
2429
2430
2431
2432
2433
2434
2435
2436
2437
2438
2439
2440
2441
2442
2443
2444
2445
2446
2447
2448
2449
2450
2451
2452
2453
2454
2455
2456
2457
2458
2459
2460
2461
2462
2463
2464
2465
2466
2467
2468
2469
2470
2471
2472
2473
2474
2475
2476
2477
2478
2479
2480
2481
2482
2483
2484
2485
2486
2487
2488
2489
2490
2491
2492
2493
2494
2495
2496
2497
2498
2499
2500
2501
2502
2503
2504
2505
2506
2507
2508
2509
2510
2511
2512
2513
2514
2515
2516
2517
2518
2519
2520
2521
2522
2523
2524
2525
2526
2527
2528
2529
2530
2531
2532
2533
2534
2535
2536
2537
2538
2539
2540
2541
2542
2543
2544
2545
2546
2547
2548
2549
2550
2551
2552
2553
2554
2555
2556
2557
2558
2559
2560
2561
2562
2563
2564
2565
2566
2567
2568
2569
2570
2571
2572
2573
2574
2575
2576
2577
2578
2579
2580
2581
2582
2583
2584
2585
2586
2587
2588
2589
2590
2591
2592
2593
2594
2595
2596
2597
2598
2599
2600
2601
2602
2603
2604
2605
2606
2607
2608
2609
2610
2611
2612
2613
2614
2615
2616
2617
2618
2619
2620
2621
2622
2623
2624
2625
2626
2627
2628
2629
2630
2631
2632
2633
2634
2635
2636
2637
2638
2639
2640
2641
2642
2643
2644
2645
2646
2647
2648
2649
2650
2651
2652
2653
2654
2655
2656
2657
2658
2659
2660
2661
2662
2663
2664
2665
2666
2667
2668
2669
2670
2671
2672
2673
2674
2675
2676
2677
2678
2679
2680
2681
2682
2683
2684
2685
2686
2687
2688
2689
2690
2691
2692
2693
2694
2695
2696
2697
2698
2699
2700
2701
2702
2703
2704
2705
2706
2707
2708
2709
2710
2711
2712
2713
2714
2715
2716
2717
2718
2719
2720
2721
2722
2723
2724
2725
2726
2727
2728
2729
2730
2731
2732
2733
2734
2735
2736
2737
2738
2739
2740
2741
2742
2743
2744
2745
2746
2747
2748
2749
2750
2751
2752
2753
2754
2755
2756
2757
2758
2759
2760
2761
2762
2763
2764
2765
2766
2767
2768
2769
2770
2771
2772
2773
2774
2775
2776
2777
2778
2779
2780
2781
2782
2783
2784
2785
2786
2787
2788
2789
2790
2791
2792
2793
2794
2795
2796
2797
2798
2799
2800
2801
2802
2803
2804
2805
2806
2807
2808
2809
2810
2811
2812
2813
2814
2815
2816
2817
2818
2819
2820
2821
2822
2823
2824
2825
2826
2827
2828
2829
2830
2831
2832
2833
2834
2835
2836
2837
2838
2839
2840
2841
2842
2843
2844
2845
2846
2847
2848
2849
2850
2851
2852
2853
2854
2855
2856
2857
2858
2859
2860
2861
2862
2863
2864
2865
2866
2867
2868
2869
2870
2871
2872
2873
2874
2875
2876
2877
2878
2879
2880
2881
2882
2883
2884
2885
2886
2887
2888
2889
2890
2891
2892
2893
2894
2895
2896
2897
2898
2899
2900
2901
2902
2903
2904
2905
2906
2907
2908
2909
2910
2911
2912
2913
2914
2915
2916
2917
2918
2919
2920
2921
2922
2923
2924
2925
2926
2927
2928
2929
2930
2931
2932
2933
2934
2935
2936
2937
2938
2939
2940
2941
2942
2943
2944
2945
2946
2947
2948
2949
2950
2951
2952
2953
2954
2955
2956
2957
2958
2959
2960
2961
2962
2963
2964
2965
2966
2967
2968
2969
2970
2971
2972
2973
2974
2975
2976
2977
2978
2979
2980
2981
2982
2983
2984
2985
2986
2987
2988
2989
2990
2991
2992
2993
2994
2995
2996
2997
2998
2999
3000
3001
3002
3003
3004
3005
3006
3007
3008
3009
3010
3011
3012
3013
3014
3015
3016
3017
3018
3019
3020
3021
3022
3023
3024
3025
3026
3027
3028
3029
3030
3031
3032
3033
3034
3035
3036
3037
3038
3039
3040
3041
3042
3043
3044
3045
3046
3047
3048
3049
3050
3051
3052
3053
3054
3055
3056
3057
3058
3059
3060
3061
3062
3063
3064
3065
3066
3067
3068
3069
3070
3071
3072
3073
3074
3075
3076
3077
3078
3079
3080
3081
3082
3083
3084
3085
3086
3087
3088
3089
3090
3091
3092
3093
3094
3095
3096
3097
3098
3099
3100
3101
3102
3103
3104
3105
3106
3107
3108
3109
3110
3111
3112
3113
3114
3115
3116
3117
3118
3119
3120
3121
3122
3123
3124
3125
3126
3127
3128
3129
3130
3131
3132
3133
3134
3135
3136
3137
3138
3139
3140
3141
3142
3143
3144
3145
3146
3147
3148
3149
3150
3151
3152
3153
3154
3155
3156
3157
3158
3159
3160
3161
3162
3163
3164
3165
3166
3167
3168
3169
3170
3171
3172
3173
3174
3175
3176
3177
3178
3179
3180
3181
3182
3183
3184
3185
3186
3187
3188
3189
3190
3191
3192
3193
3194
3195
3196
3197
3198
3199
3200
3201
3202
3203
3204
3205
3206
3207
3208
3209
3210
3211
3212
3213
3214
3215
3216
3217
3218
3219
3220
3221
3222
3223
3224
3225
3226
3227
3228
3229
3230
3231
3232
3233
3234
3235
3236
3237
3238
3239
3240
3241
3242
3243
3244
3245
3246
3247
3248
3249
3250
3251
3252
3253
3254
3255
3256
3257
3258
3259
3260
3261
3262
3263
3264
3265
3266
3267
3268
3269
3270
3271
3272
3273
3274
3275
3276
3277
3278
3279
3280
3281
3282
3283
3284
3285
3286
3287
3288
3289
3290
3291
3292
3293
3294
3295
3296
3297
3298
3299
3300
3301
3302
3303
3304
3305
3306
3307
3308
3309
3310
3311
3312
3313
3314
3315
3316
3317
3318
3319
3320
3321
3322
3323
3324
3325
3326
3327
3328
3329
3330
3331
3332
3333
3334
3335
3336
3337
3338
3339
3340
3341
3342
3343
3344
3345
3346
3347
3348
3349
3350
3351
3352
3353
3354
3355
3356
3357
3358
3359
3360
3361
3362
3363
3364
3365
3366
3367
3368
3369
3370
3371
3372
3373
3374
3375
3376
3377
3378
3379
3380
3381
3382
3383
3384
3385
3386
3387
3388
3389
3390
3391
3392
3393
3394
3395
3396
3397
3398
3399
3400
3401
3402
3403
3404
3405
3406
3407
3408
3409
3410
3411
3412
3413
3414
3415
3416
3417
3418
3419
3420
3421
3422
3423
3424
3425
3426
3427
3428
3429
3430
3431
3432
3433
3434
3435
3436
3437
3438
3439
3440
3441
3442
3443
3444
3445
3446
3447
3448
3449
3450
3451
3452
3453
3454
3455
3456
3457
3458
3459
3460
3461
3462
3463
3464
3465
3466
3467
3468
3469
3470
3471
3472
3473
3474
3475
3476
3477
3478
3479
3480
3481
3482
3483
3484
3485
3486
3487
3488
3489
3490
3491
3492
3493
3494
3495
3496
3497
3498
3499
3500
3501
3502
3503
3504
3505
3506
3507
3508
3509
3510
3511
3512
3513
3514
3515
3516
3517
3518
3519
3520
3521
3522
3523
3524
3525
3526
3527
3528
3529
3530
3531
3532
3533
3534
3535
3536
3537
3538
3539
3540
3541
3542
3543
3544
3545
3546
3547
3548
3549
3550
3551
3552
3553
3554
3555
3556
3557
3558
3559
3560
3561
3562
3563
3564
3565
3566
3567
3568
3569
3570
3571
3572
3573
3574
3575
3576
3577
3578
3579
3580
3581
3582
3583
3584
3585
3586
3587
3588
3589
3590
3591
3592
3593
3594
3595
3596
3597
3598
3599
3600
3601
3602
3603
3604
3605
3606
3607
3608
3609
3610
3611
3612
3613
3614
3615
3616
3617
3618
3619
3620
3621
3622
3623
3624
3625
3626
3627
3628
3629
3630
3631
3632
3633
3634
3635
3636
3637
3638
3639
3640
3641
3642
3643
3644
3645
3646
3647
3648
3649
3650
3651
3652
3653
3654
3655
3656
3657
3658
3659
3660
3661
3662
3663
3664
3665
3666
3667
3668
3669
3670
3671
3672
3673
3674
3675
3676
3677
3678
3679
3680
3681
3682
3683
3684
3685
3686
3687
3688
3689
3690
3691
3692
3693
3694
3695
3696
3697
3698
3699
3700
3701
3702
3703
3704
3705
3706
3707
3708
3709
3710
3711
3712
3713
3714
3715
3716
3717
3718
3719
3720
3721
3722
3723
3724
3725
3726
3727
3728
3729
3730
3731
3732
3733
3734
3735
3736
3737
3738
3739
3740
3741
3742
3743
3744
3745
3746
3747
3748
3749
3750
3751
3752
3753
3754
3755
3756
3757
3758
3759
3760
3761
3762
3763
3764
3765
3766
3767
3768
3769
3770
3771
3772
3773
3774
3775
3776
3777
3778
3779
3780
3781
3782
3783
3784
3785
3786
3787
3788
3789
3790
3791
3792
3793
3794
3795
3796
3797
3798
3799
3800
3801
3802
3803
3804
3805
3806
3807
3808
3809
3810
3811
3812
3813
3814
3815
3816
3817
3818
3819
3820
3821
3822
3823
3824
3825
3826
3827
3828
3829
3830
3831
3832
3833
3834
3835
3836
3837
3838
3839
3840
3841
3842
3843
3844
3845
3846
3847
3848
3849
3850
3851
3852
3853
3854
3855
3856
3857
3858
3859
3860
3861
3862
3863
3864
3865
3866
3867
3868
3869
3870
3871
3872
3873
3874
3875
3876
3877
3878
3879
3880
3881
3882
3883
3884
3885
3886
3887
3888
3889
3890
3891
3892
3893
3894
3895
3896
3897
3898
3899
3900
3901
3902
3903
3904
3905
3906
3907
3908
3909
3910
3911
3912
3913
3914
3915
3916
3917
3918
3919
3920
3921
3922
3923
3924
3925
3926
3927
3928
3929
3930
3931
3932
3933
3934
3935
3936
3937
3938
3939
3940
3941
3942
3943
3944
3945
3946
3947
3948
3949
3950
3951
3952
3953
3954
3955
3956
3957
3958
3959
3960
3961
3962
3963
3964
3965
3966
3967
3968
3969
3970
3971
3972
3973
3974
3975
3976
3977
3978
3979
3980
3981
3982
3983
3984
3985
3986
3987
3988
3989
3990
3991
3992
3993
3994
3995
3996
3997
3998
3999
4000
4001
4002
4003
4004
4005
4006
4007
4008
4009
4010
4011
4012
4013
4014
4015
4016
4017
4018
4019
4020
4021
4022
4023
4024
4025
4026
4027
4028
4029
4030
4031
4032
4033
4034
4035
4036
4037
4038
4039
4040
4041
4042
4043
4044
4045
4046
4047
4048
4049
4050
4051
4052
4053
4054
4055
4056
4057
4058
4059
4060
4061
4062
4063
4064
4065
4066
4067
4068
4069
4070
4071
4072
4073
4074
4075
4076
4077
4078
4079
4080
4081
4082
4083
4084
4085
4086
4087
4088
4089
4090
4091
4092
4093
4094
4095
4096
4097
4098
4099
4100
4101
4102
4103
4104
4105
4106
4107
4108
4109
4110
4111
4112
4113
4114
4115
4116
4117
4118
4119
4120
4121
4122
4123
4124
4125
4126
4127
4128
4129
4130
4131
4132
4133
4134
4135
4136
4137
4138
4139
4140
4141
4142
4143
4144
4145
4146
4147
4148
4149
4150
4151
4152
4153
4154
4155
4156
4157
4158
4159
4160
4161
4162
4163
4164
4165
4166
4167
4168
4169
4170
4171
4172
4173
4174
4175
4176
4177
4178
4179
4180
4181
4182
4183
4184
4185
4186
4187
4188
4189
4190
4191
4192
4193
4194
4195
4196
4197
4198
4199
4200
4201
4202
4203
4204
4205
4206
4207
4208
4209
4210
4211
4212
4213
4214
4215
4216
4217
4218
4219
4220
4221
4222
4223
4224
4225
4226
4227
4228
4229
4230
4231
4232
4233
4234
4235
4236
4237
4238
4239
4240
4241
4242
4243
4244
4245
4246
4247
4248
4249
4250
4251
4252
4253
4254
4255
4256
4257
4258
4259
4260
4261
4262
4263
4264
4265
4266
4267
4268
4269
4270
4271
4272
4273
4274
4275
4276
4277
4278
4279
4280
4281
4282
4283
4284
4285
4286
4287
4288
4289
4290
4291
4292
4293
4294
4295
4296
4297
4298
4299
4300
4301
4302
4303
4304
4305
4306
4307
4308
4309
4310
4311
4312
4313
4314
4315
4316
4317
4318
4319
4320
4321
4322
4323
4324
4325
4326
4327
4328
4329
4330
4331
4332
4333
4334
4335
4336
4337
4338
4339
4340
4341
4342
4343
4344
4345
4346
4347
4348
4349
4350
4351
4352
4353
4354
4355
4356
4357
4358
4359
4360
4361
4362
4363
4364
4365
4366
4367
4368
4369
4370
4371
4372
4373
4374
4375
4376
4377
4378
4379
4380
4381
4382
4383
4384
4385
4386
4387
4388
4389
4390
4391
4392
4393
4394
4395
4396
4397
4398
4399
4400
4401
4402
4403
4404
4405
4406
4407
4408
4409
4410
4411
4412
4413
4414
4415
4416
4417
4418
4419
4420
4421
4422
4423
4424
4425
4426
4427
4428
4429
4430
4431
4432
4433
4434
4435
4436
4437
4438
4439
4440
4441
4442
4443
4444
4445
4446
4447
4448
4449
4450
4451
4452
4453
4454
4455
4456
4457
4458
4459
4460
4461
4462
4463
4464
4465
4466
4467
4468
4469
4470
4471
4472
4473
4474
4475
4476
4477
4478
4479
4480
4481
4482
4483
4484
4485
4486
4487
4488
4489
4490
4491
4492
4493
4494
4495
4496
4497
4498
4499
4500
4501
4502
4503
4504
4505
4506
4507
4508
4509
4510
4511
4512
4513
4514
4515
4516
4517
4518
4519
4520
4521
4522
4523
4524
4525
4526
4527
4528
4529
4530
4531
4532
4533
4534
4535
4536
4537
4538
4539
4540
4541
4542
4543
4544
4545
4546
4547
4548
4549
4550
4551
4552
4553
4554
4555
4556
4557
4558
4559
4560
4561
4562
4563
4564
4565
4566
4567
4568
4569
4570
4571
4572
4573
4574
4575
4576
4577
4578
4579
4580
4581
4582
4583
4584
4585
4586
4587
4588
4589
4590
4591
4592
4593
4594
4595
4596
4597
4598
4599
4600
4601
4602
4603
4604
4605
4606
4607
4608
4609
4610
4611
4612
4613
4614
4615
4616
4617
4618
4619
4620
4621
4622
4623
4624
4625
4626
4627
4628
4629
4630
4631
4632
4633
4634
4635
4636
4637
4638
4639
4640
4641
4642
4643
4644
4645
4646
4647
4648
4649
4650
4651
4652
4653
4654
4655
4656
4657
4658
4659
4660
4661
4662
4663
4664
4665
4666
4667
4668
4669
4670
4671
4672
4673
4674
4675
4676
4677
4678
4679
4680
4681
4682
4683
4684
4685
4686
4687
4688
4689
4690
4691
4692
4693
4694
4695
4696
4697
4698
4699
4700
4701
4702
4703
4704
4705
4706
4707
4708
4709
4710
4711
4712
4713
4714
4715
4716
4717
4718
4719
4720
4721
4722
4723
4724
4725
4726
4727
4728
4729
4730
4731
4732
4733
4734
4735
4736
4737
4738
4739
4740
4741
4742
4743
4744
4745
4746
4747
4748
4749
4750
4751
4752
4753
4754
4755
4756
4757
4758
4759
4760
4761
4762
4763
4764
4765
4766
4767
4768
4769
4770
4771
4772
4773
4774
4775
4776
4777
4778
4779
4780
4781
4782
4783
4784
4785
4786
4787
4788
4789
4790
4791
4792
4793
4794
4795
4796
4797
4798
4799
4800
4801
4802
4803
4804
4805
4806
4807
4808
4809
4810
4811
4812
4813
4814
4815
4816
4817
4818
4819
4820
4821
4822
4823
4824
4825
4826
4827
4828
4829
4830
4831
4832
4833
4834
4835
4836
4837
4838
4839
4840
4841
4842
4843
4844
4845
4846
4847
4848
4849
4850
4851
4852
4853
4854
4855
4856
4857
4858
4859
4860
4861
4862
4863
4864
4865
4866
4867
4868
4869
4870
4871
4872
4873
4874
4875
4876
4877
4878
4879
4880
4881
4882
4883
4884
4885
4886
4887
4888
4889
4890
4891
4892
4893
4894
4895
4896
4897
4898
4899
4900
4901
4902
4903
4904
4905
4906
4907
4908
4909
4910
4911
4912
4913
4914
4915
4916
4917
4918
4919
4920
4921
4922
4923
4924
4925
4926
4927
4928
4929
4930
4931
4932
4933
4934
4935
4936
4937
4938
4939
4940
4941
4942
4943
4944
4945
4946
4947
4948
4949
4950
4951
4952
4953
4954
4955
4956
4957
4958
4959
4960
4961
4962
4963
4964
4965
4966
4967
4968
4969
4970
4971
4972
4973
4974
4975
4976
4977
4978
4979
4980
4981
4982
4983
4984
4985
4986
4987
4988
4989
4990
4991
4992
4993
4994
4995
4996
4997
4998
4999
5000
5001
5002
5003
5004
5005
5006
5007
5008
5009
5010
5011
5012
5013
5014
5015
5016
5017
5018
5019
5020
5021
5022
5023
5024
5025
5026
5027
5028
5029
5030
5031
5032
5033
5034
5035
5036
5037
5038
5039
5040
5041
5042
5043
5044
5045
5046
5047
5048
5049
5050
5051
5052
5053
5054
5055
5056
5057
5058
5059
5060
5061
5062
5063
5064
5065
5066
5067
5068
5069
5070
5071
5072
5073
5074
5075
5076
5077
5078
5079
5080
5081
5082
5083
5084
5085
5086
5087
5088
5089
5090
5091
5092
5093
5094
5095
5096
5097
5098
5099
5100
5101
5102
5103
5104
5105
5106
5107
5108
5109
5110
5111
5112
5113
5114
5115
5116
5117
5118
5119
5120
5121
5122
5123
5124
5125
5126
5127
5128
5129
5130
5131
5132
5133
5134
5135
5136
5137
5138
5139
5140
5141
5142
5143
5144
5145
5146
5147
5148
5149
5150
5151
5152
5153
5154
5155
5156
5157
5158
5159
5160
5161
5162
5163
5164
5165
5166
5167
5168
5169
5170
5171
5172
5173
5174
5175
5176
5177
5178
5179
5180
5181
5182
5183
5184
5185
5186
5187
5188
5189
5190
5191
5192
5193
5194
5195
5196
5197
5198
5199
5200
5201
5202
5203
5204
5205
5206
5207
5208
5209
5210
5211
5212
5213
5214
5215
5216
5217
5218
5219
5220
5221
5222
5223
5224
5225
5226
5227
5228
5229
5230
5231
5232
5233
5234
5235
5236
5237
5238
5239
5240
5241
5242
5243
5244
5245
5246
5247
5248
5249
5250
5251
5252
5253
5254
5255
5256
5257
5258
5259
5260
5261
5262
5263
5264
5265
5266
5267
5268
5269
5270
5271
5272
5273
5274
5275
5276
5277
5278
5279
5280
5281
5282
5283
5284
5285
5286
5287
5288
5289
5290
5291
5292
5293
5294
5295
5296
5297
5298
5299
5300
5301
5302
5303
5304
5305
5306
5307
5308
5309
5310
5311
5312
5313
5314
5315
5316
5317
5318
5319
5320
5321
5322
5323
5324
5325
5326
5327
5328
5329
5330
5331
5332
5333
5334
5335
5336
5337
5338
5339
5340
5341
5342
5343
5344
5345
5346
5347
5348
5349
5350
5351
5352
5353
5354
5355
5356
5357
5358
5359
5360
5361
5362
5363
5364
5365
5366
5367
5368
5369
5370
5371
5372
5373
5374
5375
5376
5377
5378
5379
5380
5381
5382
5383
5384
5385
5386
5387
5388
5389
5390
5391
5392
5393
5394
5395
5396
5397
5398
5399
5400
5401
5402
5403
5404
5405
5406
5407
5408
5409
5410
5411
5412
5413
5414
5415
5416
5417
5418
5419
5420
5421
5422
5423
5424
5425
5426
5427
5428
5429
5430
5431
5432
5433
5434
5435
5436
5437
5438
5439
5440
5441
5442
5443
5444
5445
5446
5447
5448
5449
5450
5451
5452
5453
5454
5455
5456
5457
5458
5459
5460
5461
5462
5463
5464
5465
5466
5467
5468
5469
5470
5471
5472
5473
5474
5475
5476
5477
5478
5479
5480
5481
5482
5483
5484
5485
5486
5487
5488
5489
5490
5491
5492
5493
5494
5495
5496
5497
5498
5499
5500
5501
5502
5503
5504
5505
5506
5507
5508
5509
5510
5511
5512
5513
5514
5515
5516
5517
5518
5519
5520
5521
5522
5523
5524
5525
5526
5527
5528
5529
5530
5531
5532
5533
5534
5535
5536
5537
5538
5539
5540
5541
5542
5543
5544
5545
5546
5547
5548
5549
5550
5551
5552
5553
5554
5555
5556
5557
5558
5559
5560
5561
5562
5563
5564
5565
5566
5567
5568
5569
5570
5571
5572
5573
5574
5575
5576
5577
5578
5579
5580
5581
5582
5583
5584
5585
5586
5587
5588
5589
5590
5591
5592
5593
5594
5595
5596
5597
5598
5599
5600
5601
5602
5603
5604
5605
5606
5607
5608
5609
5610
5611
5612
5613
5614
5615
5616
5617
5618
5619
5620
5621
5622
5623
5624
5625
5626
5627
5628
5629
5630
5631
5632
5633
5634
5635
5636
5637
5638
5639
5640
5641
5642
5643
5644
5645
5646
5647
5648
5649
5650
5651
5652
5653
5654
5655
5656
5657
5658
5659
5660
5661
5662
5663
5664
5665
5666
5667
5668
5669
5670
5671
5672
5673
5674
5675
5676
5677
5678
5679
5680
5681
5682
5683
5684
5685
5686
5687
5688
5689
5690
5691
5692
5693
5694
5695
5696
5697
5698
5699
5700
5701
5702
5703
5704
5705
5706
5707
5708
5709
5710
5711
5712
5713
5714
5715
5716
5717
5718
5719
5720
5721
5722
5723
5724
5725
5726
5727
5728
5729
5730
5731
5732
5733
5734
5735
5736
5737
5738
5739
5740
5741
5742
5743
5744
5745
5746
5747
5748
5749
5750
5751
5752
5753
5754
5755
5756
5757
5758
5759
5760
5761
5762
5763
5764
5765
5766
5767
5768
5769
5770
5771
5772
5773
5774
5775
5776
5777
5778
5779
5780
5781
5782
5783
5784
5785
5786
5787
5788
5789
5790
5791
5792
5793
5794
5795
5796
5797
5798
5799
5800
5801
5802
5803
5804
5805
5806
5807
5808
5809
5810
5811
5812
5813
5814
5815
5816
5817
5818
5819
5820
5821
5822
5823
5824
5825
5826
5827
5828
5829
5830
5831
5832
5833
5834
5835
5836
5837
5838
5839
5840
5841
5842
5843
5844
5845
5846
5847
5848
5849
5850
5851
5852
5853
5854
5855
5856
5857
5858
5859
5860
5861
5862
5863
5864
5865
5866
5867
5868
5869
5870
5871
5872
5873
5874
5875
5876
5877
5878
5879
5880
5881
5882
5883
5884
5885
5886
5887
5888
5889
5890
5891
5892
5893
5894
5895
5896
5897
5898
5899
5900
5901
5902
5903
5904
5905
5906
5907
5908
5909
5910
5911
5912
5913
5914
5915
5916
5917
5918
5919
5920
5921
5922
5923
5924
5925
5926
5927
5928
5929
5930
5931
5932
5933
5934
5935
5936
5937
5938
5939
5940
5941
5942
5943
5944
5945
5946
5947
5948
5949
5950
5951
5952
5953
5954
5955
5956
5957
5958
5959
5960
5961
5962
5963
5964
5965
5966
5967
5968
5969
5970
5971
5972
5973
5974
5975
5976
5977
5978
5979
5980
5981
5982
5983
5984
5985
5986
5987
5988
5989
5990
5991
5992
5993
5994
5995
5996
5997
5998
5999
6000
6001
6002
6003
6004
6005
6006
6007
6008
6009
6010
6011
6012
6013
6014
6015
6016
6017
6018
6019
6020
6021
6022
6023
6024
6025
6026
6027
6028
6029
6030
6031
6032
6033
6034
6035
6036
6037
6038
6039
6040
6041
6042
6043
6044
6045
6046
6047
6048
6049
6050
6051
6052
6053
6054
6055
6056
6057
6058
6059
6060
6061
6062
6063
6064
6065
6066
6067
6068
6069
6070
6071
6072
6073
6074
6075
6076
6077
6078
6079
6080
6081
6082
6083
6084
6085
6086
6087
6088
6089
6090
6091
6092
6093
6094
6095
6096
6097
6098
6099
6100
6101
6102
6103
6104
6105
6106
6107
6108
6109
6110
6111
6112
6113
6114
6115
6116
6117
6118
6119
6120
6121
6122
6123
6124
6125
6126
6127
6128
6129
6130
6131
6132
6133
6134
6135
6136
6137
6138
6139
6140
6141
6142
6143
6144
6145
6146
6147
6148
6149
6150
6151
6152
6153
6154
6155
6156
6157
6158
6159
6160
6161
6162
6163
6164
6165
6166
6167
6168
6169
6170
6171
6172
6173
6174
6175
6176
6177
6178
6179
6180
6181
6182
6183
6184
6185
6186
6187
6188
6189
6190
6191
6192
6193
6194
6195
6196
6197
6198
6199
6200
6201
6202
6203
6204
6205
6206
6207
6208
6209
6210
6211
6212
6213
6214
6215
6216
6217
6218
6219
6220
6221
6222
6223
6224
6225
6226
6227
6228
6229
6230
6231
6232
6233
6234
6235
6236
6237
6238
6239
6240
6241
6242
6243
6244
6245
6246
6247
6248
6249
6250
6251
6252
6253
6254
6255
6256
6257
6258
6259
6260
6261
6262
6263
6264
6265
6266
6267
6268
6269
6270
6271
6272
6273
6274
6275
6276
6277
6278
6279
6280
6281
6282
6283
6284
6285
6286
6287
6288
6289
6290
6291
6292
6293
6294
6295
6296
6297
6298
6299
6300
6301
6302
6303
6304
6305
6306
6307
6308
6309
6310
6311
6312
6313
6314
6315
6316
6317
6318
6319
6320
6321
6322
6323
6324
6325
6326
6327
6328
6329
6330
6331
6332
6333
6334
6335
6336
6337
6338
6339
6340
6341
6342
6343
6344
6345
6346
6347
6348
6349
6350
6351
6352
6353
6354
6355
6356
6357
6358
6359
6360
6361
6362
6363
6364
6365
6366
6367
6368
6369
6370
6371
6372
6373
6374
6375
6376
6377
6378
6379
6380
6381
6382
6383
6384
6385
6386
6387
6388
6389
6390
6391
6392
6393
6394
6395
6396
6397
6398
6399
6400
6401
6402
6403
6404
6405
6406
6407
6408
6409
6410
6411
6412
6413
6414
6415
6416
6417
6418
6419
6420
6421
6422
6423
6424
6425
6426
6427
6428
6429
6430
6431
6432
6433
6434
6435
6436
6437
6438
6439
6440
6441
6442
6443
6444
6445
6446
6447
6448
6449
6450
6451
6452
6453
6454
6455
6456
6457
6458
6459
6460
6461
6462
6463
6464
6465
6466
6467
6468
6469
6470
6471
6472
6473
6474
6475
6476
6477
6478
6479
6480
6481
6482
6483
6484
6485
6486
6487
6488
6489
6490
6491
6492
6493
6494
6495
6496
6497
6498
6499
6500
6501
6502
6503
6504
6505
6506
6507
6508
6509
6510
6511
6512
6513
6514
6515
6516
6517
6518
6519
6520
6521
6522
6523
6524
6525
6526
6527
6528
6529
6530
6531
6532
6533
6534
6535
6536
6537
6538
6539
6540
6541
6542
6543
6544
6545
6546
6547
6548
6549
6550
6551
6552
6553
6554
6555
6556
6557
6558
6559
6560
6561
6562
6563
6564
6565
6566
6567
6568
6569
6570
6571
6572
6573
6574
6575
6576
6577
6578
6579
6580
6581
6582
6583
6584
6585
6586
6587
6588
6589
6590
6591
6592
6593
6594
6595
6596
6597
6598
6599
6600
6601
6602
6603
6604
6605
6606
6607
6608
6609
6610
6611
6612
6613
6614
6615
6616
6617
6618
6619
6620
6621
6622
6623
6624
6625
6626
6627
6628
6629
6630
6631
6632
6633
6634
6635
6636
6637
6638
6639
6640
6641
6642
6643
6644
6645
6646
6647
6648
6649
6650
6651
6652
6653
6654
6655
6656
6657
6658
6659
6660
6661
6662
6663
6664
6665
6666
6667
6668
6669
6670
6671
6672
6673
6674
6675
6676
6677
6678
6679
6680
6681
6682
6683
6684
6685
6686
6687
6688
6689
6690
6691
6692
6693
6694
6695
6696
6697
6698
6699
6700
6701
6702
6703
6704
6705
6706
6707
6708
6709
6710
6711
6712
6713
6714
6715
6716
6717
6718
6719
6720
6721
6722
6723
6724
6725
6726
6727
6728
6729
6730
6731
6732
6733
6734
6735
6736
6737
6738
6739
6740
6741
6742
6743
6744
6745
6746
6747
6748
6749
6750
6751
6752
6753
6754
6755
6756
6757
6758
6759
6760
6761
6762
6763
6764
6765
6766
6767
6768
6769
6770
6771
6772
6773
6774
6775
6776
6777
6778
6779
6780
6781
6782
6783
6784
6785
6786
6787
6788
6789
6790
6791
6792
6793
6794
6795
6796
6797
6798
6799
6800
6801
6802
6803
6804
6805
6806
6807
6808
6809
6810
6811
6812
6813
6814
6815
6816
6817
6818
6819
6820
6821
6822
6823
6824
6825
6826
6827
6828
6829
6830
6831
6832
6833
6834
6835
6836
6837
6838
6839
6840
6841
6842
6843
6844
6845
6846
6847
6848
6849
6850
6851
6852
6853
6854
6855
6856
6857
6858
6859
6860
6861
6862
6863
6864
6865
6866
6867
6868
6869
6870
6871
6872
6873
6874
6875
6876
6877
6878
6879
6880
6881
6882
6883
6884
6885
6886
6887
6888
6889
6890
6891
6892
6893
6894
6895
6896
6897
6898
6899
6900
6901
6902
6903
6904
6905
6906
6907
6908
6909
6910
6911
6912
6913
6914
6915
6916
6917
6918
6919
6920
6921
6922
6923
6924
6925
6926
6927
6928
6929
6930
6931
6932
6933
6934
6935
6936
6937
6938
6939
6940
6941
6942
6943
6944
6945
6946
6947
6948
6949
6950
6951
6952
6953
6954
6955
6956
6957
6958
6959
6960
6961
6962
6963
6964
6965
6966
6967
6968
6969
6970
6971
6972
6973
6974
6975
6976
6977
6978
6979
6980
6981
6982
6983
6984
6985
6986
6987
6988
6989
6990
6991
6992
6993
6994
6995
6996
6997
6998
6999
7000
7001
7002
7003
7004
7005
7006
7007
7008
7009
7010
7011
7012
7013
7014
7015
7016
7017
7018
7019
7020
7021
7022
7023
7024
7025
7026
7027
7028
7029
7030
7031
7032
7033
7034
7035
7036
7037
7038
7039
7040
7041
7042
7043
7044
7045
7046
7047
7048
7049
7050
7051
7052
7053
7054
7055
7056
7057
7058
7059
7060
7061
7062
7063
7064
7065
7066
7067
7068
7069
7070
7071
7072
7073
7074
7075
7076
7077
7078
7079
7080
7081
7082
7083
7084
7085
7086
7087
7088
7089
7090
7091
7092
7093
7094
7095
7096
7097
7098
7099
7100
7101
7102
7103
7104
7105
7106
7107
7108
7109
7110
7111
7112
7113
7114
7115
7116
7117
7118
7119
7120
7121
7122
7123
7124
7125
7126
7127
7128
7129
7130
7131
7132
7133
7134
7135
7136
7137
7138
7139
7140
7141
7142
7143
7144
7145
7146
7147
7148
7149
7150
7151
7152
7153
7154
7155
7156
7157
7158
7159
7160
7161
7162
7163
7164
7165
7166
7167
7168
7169
7170
7171
7172
7173
7174
7175
7176
7177
7178
7179
7180
7181
7182
7183
7184
7185
7186
7187
7188
7189
7190
7191
7192
7193
7194
7195
7196
7197
7198
7199
7200
7201
7202
7203
7204
7205
7206
7207
7208
7209
7210
7211
7212
7213
7214
7215
7216
7217
7218
7219
7220
7221
7222
7223
7224
7225
7226
7227
7228
7229
7230
7231
7232
7233
7234
7235
7236
7237
7238
7239
7240
7241
7242
7243
7244
7245
7246
7247
7248
7249
7250
7251
7252
7253
7254
7255
7256
7257
7258
7259
7260
7261
7262
7263
7264
7265
7266
7267
7268
7269
7270
7271
7272
7273
7274
7275
7276
7277
7278
7279
7280
7281
7282
7283
7284
7285
7286
7287
7288
7289
7290
7291
7292
7293
7294
7295
7296
7297
7298
7299
7300
7301
7302
7303
7304
7305
7306
7307
7308
7309
7310
7311
7312
7313
7314
7315
7316
7317
7318
7319
7320
7321
7322
7323
7324
7325
7326
7327
7328
7329
7330
7331
7332
7333
7334
7335
7336
7337
7338
7339
7340
7341
7342
7343
7344
7345
7346
7347
7348
7349
7350
7351
7352
7353
7354
7355
7356
7357
7358
7359
7360
7361
7362
7363
7364
7365
7366
7367
7368
7369
7370
7371
7372
7373
7374
7375
7376
7377
7378
7379
7380
7381
7382
7383
7384
7385
7386
7387
7388
7389
7390
7391
7392
7393
7394
7395
7396
7397
7398
7399
7400
7401
7402
7403
7404
7405
7406
7407
7408
7409
7410
7411
7412
7413
7414
7415
7416
7417
7418
7419
7420
7421
7422
7423
7424
7425
7426
7427
7428
7429
7430
7431
7432
7433
7434
7435
7436
7437
7438
7439
7440
7441
7442
7443
7444
7445
7446
7447
7448
7449
7450
7451
7452
7453
7454
7455
7456
7457
7458
7459
7460
7461
7462
7463
7464
7465
7466
7467
7468
7469
7470
7471
7472
7473
7474
7475
7476
7477
7478
7479
7480
7481
7482
7483
7484
7485
7486
7487
7488
7489
7490
7491
7492
7493
7494
7495
7496
7497
7498
7499
7500
7501
7502
7503
7504
7505
7506
7507
7508
7509
7510
7511
7512
7513
7514
7515
7516
7517
7518
7519
7520
7521
7522
7523
7524
7525
7526
7527
7528
7529
7530
7531
7532
7533
7534
7535
7536
7537
7538
7539
7540
7541
7542
7543
7544
7545
7546
7547
7548
7549
7550
7551
7552
7553
7554
7555
7556
7557
7558
7559
7560
7561
7562
7563
7564
7565
7566
7567
7568
7569
7570
7571
7572
7573
7574
7575
7576
7577
7578
7579
7580
7581
7582
7583
7584
7585
7586
7587
7588
7589
7590
7591
7592
7593
7594
7595
7596
7597
7598
7599
7600
7601
7602
7603
7604
7605
7606
7607
7608
7609
7610
7611
7612
7613
7614
7615
7616
7617
7618
7619
7620
7621
7622
7623
7624
7625
7626
7627
7628
7629
7630
7631
7632
7633
7634
7635
7636
7637
7638
7639
7640
7641
7642
7643
7644
7645
7646
7647
7648
7649
7650
7651
7652
7653
7654
7655
7656
7657
7658
7659
7660
7661
7662
7663
7664
7665
7666
7667
7668
7669
7670
7671
7672
7673
7674
7675
7676
7677
7678
7679
7680
7681
7682
7683
7684
7685
7686
7687
7688
7689
7690
7691
7692
7693
7694
7695
7696
7697
7698
7699
7700
7701
7702
7703
7704
7705
7706
7707
7708
7709
7710
7711
7712
7713
7714
7715
7716
7717
7718
7719
7720
7721
7722
7723
7724
7725
7726
7727
7728
7729
7730
7731
7732
7733
7734
7735
7736
7737
7738
7739
7740
7741
7742
7743
7744
7745
7746
7747
7748
7749
7750
7751
7752
7753
7754
7755
7756
7757
7758
7759
7760
7761
7762
7763
7764
7765
7766
7767
7768
7769
7770
7771
7772
7773
7774
7775
7776
7777
7778
7779
7780
7781
7782
7783
7784
7785
7786
7787
7788
7789
7790
7791
7792
7793
7794
7795
7796
7797
7798
7799
7800
7801
7802
7803
7804
7805
7806
7807
7808
7809
7810
7811
7812
7813
7814
7815
7816
7817
7818
7819
7820
7821
7822
7823
7824
7825
7826
7827
7828
7829
7830
7831
7832
7833
7834
7835
7836
7837
7838
7839
7840
7841
7842
7843
7844
7845
7846
7847
7848
7849
7850
7851
7852
7853
7854
7855
7856
7857
7858
7859
7860
7861
7862
7863
7864
7865
7866
7867
7868
7869
7870
7871
7872
7873
7874
7875
7876
7877
7878
7879
7880
7881
7882
7883
7884
7885
7886
7887
7888
7889
7890
7891
7892
7893
7894
7895
7896
7897
7898
7899
7900
7901
7902
7903
7904
7905
7906
7907
7908
7909
7910
7911
7912
7913
7914
7915
7916
7917
7918
7919
7920
7921
7922
7923
7924
7925
7926
7927
7928
7929
7930
7931
7932
7933
7934
7935
7936
7937
7938
7939
7940
7941
7942
7943
7944
7945
7946
7947
7948
7949
7950
7951
7952
7953
7954
7955
7956
7957
7958
7959
7960
7961
7962
7963
7964
7965
7966
7967
7968
7969
7970
7971
7972
7973
7974
7975
7976
7977
7978
7979
7980
7981
7982
7983
7984
7985
7986
7987
7988
7989
7990
7991
7992
7993
7994
7995
7996
7997
7998
7999
8000
8001
8002
8003
8004
8005
8006
8007
8008
8009
8010
8011
8012
8013
8014
8015
8016
8017
8018
8019
8020
8021
8022
8023
8024
8025
8026
8027
8028
8029
8030
8031
8032
8033
8034
8035
8036
8037
8038
8039
8040
8041
8042
8043
8044
8045
8046
8047
8048
8049
8050
8051
8052
8053
8054
8055
8056
8057
8058
8059
8060
8061
8062
8063
8064
8065
8066
8067
8068
8069
8070
8071
8072
8073
8074
8075
8076
8077
8078
8079
8080
8081
8082
8083
8084
8085
8086
8087
8088
8089
8090
8091
8092
8093
8094
8095
8096
8097
8098
8099
8100
8101
8102
8103
8104
8105
8106
8107
8108
8109
8110
8111
8112
8113
8114
8115
8116
8117
8118
8119
8120
8121
8122
8123
8124
8125
8126
8127
8128
8129
8130
8131
8132
8133
8134
8135
8136
8137
8138
8139
8140
8141
8142
8143
8144
8145
8146
8147
8148
8149
8150
8151
8152
8153
8154
8155
8156
8157
8158
8159
8160
8161
8162
8163
8164
8165
8166
8167
8168
8169
8170
8171
8172
8173
8174
8175
8176
8177
8178
8179
8180
8181
8182
8183
8184
8185
8186
8187
8188
8189
8190
8191
8192
8193
8194
8195
8196
8197
8198
8199
8200
8201
8202
8203
8204
8205
8206
8207
8208
8209
8210
8211
8212
8213
8214
8215
8216
8217
8218
8219
8220
8221
8222
8223
8224
8225
8226
8227
8228
8229
8230
8231
8232
8233
8234
8235
8236
8237
8238
8239
8240
8241
8242
8243
8244
8245
8246
8247
8248
8249
8250
8251
8252
8253
8254
8255
8256
8257
8258
8259
8260
8261
8262
8263
8264
8265
8266
8267
8268
8269
8270
8271
8272
8273
8274
8275
8276
8277
8278
8279
8280
8281
8282
8283
8284
8285
8286
8287
8288
8289
8290
8291
8292
8293
8294
8295
8296
8297
8298
8299
8300
8301
8302
8303
8304
8305
8306
8307
8308
8309
8310
8311
8312
8313
8314
8315
8316
8317
8318
8319
8320
8321
8322
8323
8324
8325
8326
8327
8328
8329
8330
8331
8332
8333
8334
8335
8336
8337
8338
8339
8340
8341
8342
8343
8344
8345
8346
8347
8348
8349
8350
8351
8352
8353
8354
8355
8356
8357
8358
8359
8360
8361
8362
8363
8364
8365
8366
8367
8368
8369
8370
8371
8372
8373
8374
8375
8376
8377
8378
8379
8380
8381
8382
8383
8384
8385
8386
8387
8388
8389
8390
8391
8392
8393
8394
8395
8396
8397
8398
8399
8400
8401
8402
8403
8404
8405
8406
8407
8408
8409
8410
8411
8412
8413
8414
8415
8416
8417
8418
8419
8420
8421
8422
8423
8424
8425
8426
8427
8428
8429
8430
8431
8432
8433
8434
8435
8436
8437
8438
8439
8440
8441
8442
8443
8444
8445
8446
8447
8448
8449
8450
8451
8452
8453
8454
8455
8456
8457
8458
8459
8460
8461
8462
8463
8464
8465
8466
8467
8468
8469
8470
8471
8472
8473
8474
8475
8476
8477
8478
8479
8480
8481
8482
8483
8484
8485
8486
8487
8488
8489
8490
8491
8492
8493
8494
8495
8496
8497
8498
8499
8500
8501
8502
8503
8504
8505
8506
8507
8508
8509
8510
8511
8512
8513
8514
8515
8516
8517
8518
8519
8520
8521
8522
8523
8524
8525
8526
8527
8528
8529
8530
8531
8532
8533
8534
8535
8536
8537
8538
8539
8540
8541
8542
8543
8544
8545
8546
8547
8548
8549
8550
8551
8552
8553
8554
8555
8556
8557
8558
8559
8560
8561
8562
8563
8564
8565
8566
8567
8568
8569
8570
8571
8572
8573
8574
8575
8576
8577
8578
8579
8580
8581
8582
8583
8584
8585
8586
8587
8588
8589
8590
8591
8592
8593
8594
8595
8596
8597
8598
8599
8600
8601
8602
8603
8604
8605
8606
8607
8608
8609
8610
8611
8612
8613
8614
8615
8616
8617
8618
8619
8620
8621
8622
8623
8624
8625
8626
8627
8628
8629
8630
8631
8632
8633
8634
8635
8636
8637
8638
8639
8640
8641
8642
8643
8644
8645
8646
8647
8648
8649
8650
8651
8652
8653
8654
8655
8656
8657
8658
8659
8660
8661
8662
8663
8664
8665
8666
8667
8668
8669
8670
8671
8672
8673
8674
8675
8676
8677
8678
8679
8680
8681
8682
8683
8684
8685
8686
8687
8688
8689
8690
8691
8692
8693
8694
8695
8696
8697
8698
8699
8700
8701
8702
8703
8704
8705
8706
8707
8708
8709
8710
8711
8712
8713
8714
8715
8716
8717
8718
8719
8720
8721
8722
8723
8724
8725
8726
8727
8728
8729
8730
8731
8732
8733
8734
8735
8736
8737
8738
8739
8740
8741
8742
8743
8744
8745
8746
8747
8748
8749
8750
8751
8752
8753
8754
8755
8756
8757
8758
8759
8760
8761
8762
8763
8764
8765
8766
8767
8768
8769
8770
8771
8772
8773
8774
8775
8776
8777
8778
8779
8780
8781
8782
8783
8784
8785
8786
8787
8788
8789
8790
8791
8792
8793
8794
8795
8796
8797
8798
8799
8800
8801
8802
8803
8804
8805
8806
8807
8808
8809
8810
8811
8812
8813
8814
8815
8816
8817
8818
8819
8820
8821
8822
8823
8824
8825
8826
8827
8828
8829
8830
8831
8832
8833
8834
8835
8836
8837
8838
8839
8840
8841
8842
8843
8844
8845
8846
8847
8848
8849
8850
8851
8852
8853
8854
8855
8856
8857
8858
8859
8860
8861
8862
8863
8864
8865
8866
8867
8868
8869
8870
8871
8872
8873
8874
8875
8876
8877
8878
8879
8880
8881
8882
8883
8884
8885
8886
8887
8888
8889
8890
8891
8892
8893
8894
8895
8896
8897
8898
8899
8900
8901
8902
8903
8904
8905
8906
8907
8908
8909
8910
8911
8912
8913
8914
8915
8916
8917
8918
8919
8920
8921
8922
8923
8924
8925
8926
8927
8928
8929
8930
8931
8932
8933
8934
8935
8936
8937
8938
8939
8940
8941
8942
8943
8944
8945
8946
8947
8948
8949
8950
8951
8952
8953
8954
8955
8956
8957
8958
8959
8960
8961
8962
8963
8964
8965
8966
8967
8968
8969
8970
8971
8972
8973
8974
8975
8976
8977
8978
8979
8980
8981
8982
8983
8984
8985
8986
8987
8988
8989
8990
8991
8992
8993
8994
8995
8996
8997
8998
8999
9000
9001
9002
9003
9004
9005
9006
9007
9008
9009
9010
9011
9012
9013
9014
9015
9016
9017
9018
9019
9020
9021
9022
9023
9024
9025
9026
9027
9028
9029
9030
9031
9032
9033
9034
9035
9036
9037
9038
9039
9040
9041
9042
9043
9044
9045
9046
9047
9048
9049
9050
9051
9052
9053
9054
9055
9056
9057
9058
9059
9060
9061
9062
9063
9064
9065
9066
9067
9068
9069
9070
9071
9072
9073
9074
9075
9076
9077
9078
9079
9080
9081
9082
9083
9084
9085
9086
9087
9088
9089
9090
9091
9092
9093
9094
9095
9096
9097
9098
9099
9100
9101
9102
9103
9104
9105
9106
9107
9108
9109
9110
9111
9112
9113
9114
9115
9116
9117
9118
9119
9120
9121
9122
9123
9124
9125
9126
9127
9128
9129
9130
9131
9132
9133
9134
9135
9136
9137
9138
9139
9140
9141
9142
9143
9144
9145
9146
9147
9148
9149
9150
9151
9152
9153
9154
9155
9156
9157
9158
9159
9160
9161
9162
9163
9164
9165
9166
9167
9168
9169
9170
9171
9172
9173
9174
9175
9176
9177
9178
9179
9180
9181
9182
9183
9184
9185
9186
9187
9188
9189
9190
9191
9192
9193
9194
9195
9196
9197
9198
9199
9200
9201
9202
9203
9204
9205
9206
9207
9208
9209
9210
9211
9212
9213
9214
9215
9216
9217
9218
9219
9220
9221
9222
9223
9224
9225
9226
9227
9228
9229
9230
9231
9232
9233
9234
9235
9236
9237
9238
9239
9240
9241
9242
9243
9244
9245
9246
9247
9248
9249
9250
9251
9252
9253
9254
9255
9256
9257
9258
9259
9260
9261
9262
9263
9264
9265
9266
9267
9268
9269
9270
9271
9272
9273
9274
9275
9276
9277
9278
9279
9280
9281
9282
9283
9284
9285
9286
9287
9288
9289
9290
9291
9292
9293
9294
9295
9296
9297
9298
9299
9300
9301
9302
9303
9304
9305
9306
9307
9308
9309
9310
9311
9312
9313
9314
9315
9316
9317
9318
9319
9320
9321
9322
9323
9324
9325
9326
9327
9328
9329
9330
9331
9332
9333
9334
9335
9336
9337
9338
9339
9340
9341
9342
9343
9344
9345
9346
9347
9348
9349
9350
9351
9352
9353
9354
9355
9356
9357
9358
9359
9360
9361
9362
9363
9364
9365
9366
9367
9368
9369
9370
9371
9372
9373
9374
9375
9376
9377
9378
9379
9380
9381
9382
9383
9384
9385
9386
9387
9388
9389
9390
9391
9392
9393
9394
9395
9396
9397
9398
9399
9400
9401
9402
9403
9404
9405
9406
9407
9408
9409
9410
9411
9412
9413
9414
9415
9416
9417
9418
9419
9420
9421
9422
9423
9424
9425
9426
9427
9428
9429
9430
9431
9432
9433
9434
9435
9436
9437
9438
9439
9440
9441
9442
9443
9444
9445
9446
9447
9448
9449
9450
9451
9452
9453
9454
9455
9456
9457
9458
9459
9460
9461
9462
9463
9464
9465
9466
9467
9468
9469
9470
9471
9472
9473
9474
9475
9476
9477
9478
9479
9480
9481
9482
9483
9484
9485
9486
9487
9488
9489
9490
9491
9492
9493
9494
9495
9496
9497
9498
9499
9500
9501
9502
9503
9504
9505
9506
9507
9508
9509
9510
9511
9512
9513
9514
9515
9516
9517
9518
9519
9520
9521
9522
9523
9524
9525
9526
9527
9528
9529
9530
9531
9532
9533
9534
9535
9536
9537
9538
9539
9540
9541
9542
9543
9544
9545
9546
9547
9548
9549
9550
9551
9552
9553
9554
9555
9556
9557
9558
9559
9560
9561
9562
9563
9564
9565
9566
9567
9568
9569
9570
9571
9572
9573
9574
9575
9576
9577
9578
9579
9580
9581
9582
9583
9584
9585
9586
9587
9588
9589
9590
9591
9592
9593
9594
9595
9596
9597
9598
9599
9600
9601
9602
9603
9604
9605
9606
9607
9608
9609
9610
9611
9612
9613
9614
9615
9616
9617
9618
9619
9620
9621
9622
9623
9624
9625
9626
9627
9628
9629
9630
9631
9632
9633
9634
9635
9636
9637
9638
9639
9640
9641
9642
9643
9644
9645
9646
9647
9648
9649
9650
9651
9652
9653
9654
9655
9656
9657
9658
9659
9660
9661
9662
9663
9664
9665
9666
9667
9668
9669
9670
9671
9672
9673
9674
9675
9676
9677
9678
9679
9680
9681
9682
9683
9684
9685
9686
9687
9688
9689
9690
9691
9692
9693
9694
9695
9696
9697
9698
9699
9700
9701
9702
9703
9704
9705
9706
9707
9708
9709
9710
9711
9712
9713
9714
9715
9716
9717
9718
9719
9720
9721
9722
9723
9724
9725
9726
9727
9728
9729
9730
9731
9732
9733
9734
9735
9736
9737
9738
9739
9740
9741
9742
9743
9744
9745
9746
9747
9748
9749
9750
9751
9752
9753
9754
9755
9756
9757
9758
9759
9760
9761
9762
9763
9764
9765
9766
9767
9768
9769
9770
9771
9772
9773
9774
9775
9776
9777
9778
9779
9780
9781
9782
9783
9784
9785
9786
9787
9788
9789
9790
9791
9792
9793
9794
9795
9796
9797
9798
9799
9800
9801
9802
9803
9804
9805
9806
9807
9808
9809
9810
9811
9812
9813
9814
9815
9816
9817
9818
9819
9820
9821
9822
9823
9824
9825
9826
9827
9828
9829
9830
9831
9832
9833
9834
9835
9836
9837
9838
9839
9840
9841
9842
9843
9844
9845
9846
9847
9848
9849
9850
9851
9852
9853
9854
9855
9856
9857
9858
9859
9860
9861
9862
9863
9864
9865
9866
9867
9868
9869
9870
9871
9872
9873
9874
9875
9876
9877
9878
9879
9880
9881
9882
9883
9884
9885
9886
9887
9888
9889
9890
9891
9892
9893
9894
9895
9896
9897
9898
9899
9900
9901
9902
9903
9904
9905
9906
9907
9908
9909
9910
9911
9912
9913
9914
9915
9916
9917
9918
9919
9920
9921
9922
9923
9924
9925
9926
9927
9928
9929
9930
9931
9932
9933
9934
9935
9936
9937
9938
9939
9940
9941
9942
9943
9944
9945
9946
9947
9948
9949
9950
9951
9952
9953
9954
9955
9956
9957
9958
9959
9960
9961
9962
9963
9964
9965
9966
9967
9968
9969
9970
9971
9972
9973
9974
9975
9976
9977
9978
9979
9980
9981
9982
9983
9984
9985
9986
9987
9988
9989
9990
9991
9992
9993
9994
9995
9996
9997
9998
9999
10000
10001
10002
10003
10004
10005
10006
10007
10008
10009
10010
10011
10012
10013
10014
10015
10016
10017
10018
10019
10020
10021
10022
10023
10024
10025
10026
10027
10028
10029
10030
10031
10032
10033
10034
10035
10036
10037
10038
10039
10040
10041
10042
10043
10044
10045
10046
10047
10048
10049
10050
10051
10052
10053
10054
10055
10056
10057
10058
10059
10060
10061
10062
10063
10064
10065
10066
10067
10068
10069
10070
10071
10072
10073
10074
10075
10076
10077
10078
10079
10080
10081
10082
10083
10084
10085
10086
10087
10088
10089
10090
10091
10092
10093
10094
10095
10096
10097
10098
10099
10100
10101
10102
10103
10104
10105
10106
10107
10108
10109
10110
10111
10112
10113
10114
10115
10116
10117
10118
10119
10120
10121
10122
10123
10124
10125
10126
10127
10128
10129
10130
10131
10132
10133
10134
10135
10136
10137
10138
10139
10140
10141
10142
10143
10144
10145
10146
10147
10148
10149
10150
10151
10152
10153
10154
10155
10156
10157
10158
10159
10160
10161
10162
10163
10164
10165
10166
10167
10168
10169
10170
10171
10172
10173
10174
10175
10176
10177
10178
10179
10180
10181
10182
10183
10184
10185
10186
10187
10188
10189
10190
10191
10192
10193
10194
10195
10196
10197
10198
10199
10200
10201
10202
10203
10204
10205
10206
10207
10208
10209
10210
10211
10212
10213
10214
10215
10216
10217
10218
10219
10220
10221
10222
10223
10224
10225
10226
10227
10228
10229
10230
10231
10232
10233
10234
10235
10236
10237
10238
10239
10240
10241
10242
10243
10244
10245
10246
10247
10248
10249
10250
10251
10252
10253
10254
10255
10256
10257
10258
10259
10260
10261
10262
10263
10264
10265
10266
10267
10268
10269
10270
10271
10272
10273
10274
10275
10276
10277
10278
10279
10280
10281
10282
10283
10284
10285
10286
10287
10288
10289
10290
10291
10292
10293
10294
10295
10296
10297
10298
10299
10300
10301
10302
10303
10304
10305
10306
10307
10308
10309
10310
10311
10312
10313
10314
10315
10316
10317
10318
10319
10320
10321
10322
10323
10324
10325
10326
10327
10328
10329
10330
10331
10332
10333
10334
10335
10336
10337
10338
10339
10340
10341
10342
10343
10344
10345
10346
10347
10348
10349
10350
10351
10352
10353
10354
10355
10356
10357
10358
10359
10360
10361
10362
10363
10364
10365
10366
10367
10368
10369
10370
10371
10372
10373
10374
10375
10376
10377
10378
10379
10380
10381
10382
10383
10384
10385
10386
10387
10388
10389
10390
10391
10392
10393
10394
10395
10396
10397
10398
10399
10400
10401
10402
10403
10404
10405
10406
10407
10408
10409
10410
10411
10412
10413
10414
10415
10416
10417
10418
10419
10420
10421
10422
10423
10424
10425
10426
10427
10428
10429
10430
10431
10432
10433
10434
10435
10436
10437
10438
10439
10440
10441
10442
10443
10444
10445
10446
10447
10448
10449
10450
10451
10452
10453
10454
10455
10456
10457
10458
10459
10460
10461
10462
10463
10464
10465
10466
10467
10468
10469
10470
10471
10472
10473
10474
10475
10476
10477
10478
10479
10480
10481
10482
10483
10484
10485
10486
10487
10488
10489
10490
10491
10492
10493
10494
10495
10496
10497
10498
10499
10500
10501
10502
10503
10504
10505
10506
10507
10508
10509
10510
10511
10512
10513
10514
10515
10516
10517
10518
10519
10520
10521
10522
10523
10524
10525
10526
10527
10528
10529
10530
10531
10532
10533
10534
10535
10536
10537
10538
10539
10540
10541
10542
10543
10544
10545
10546
10547
10548
10549
10550
10551
10552
10553
10554
10555
10556
10557
10558
10559
10560
10561
10562
10563
10564
10565
10566
10567
10568
10569
10570
10571
10572
10573
10574
10575
10576
10577
10578
10579
10580
10581
10582
10583
10584
10585
10586
10587
10588
10589
10590
10591
10592
10593
10594
10595
10596
10597
10598
10599
10600
10601
10602
10603
10604
10605
10606
10607
10608
10609
10610
10611
10612
10613
10614
10615
10616
10617
10618
10619
10620
10621
10622
10623
10624
10625
10626
10627
10628
10629
10630
10631
10632
10633
10634
10635
10636
10637
10638
10639
10640
10641
10642
10643
10644
10645
10646
10647
10648
10649
10650
10651
10652
10653
10654
10655
10656
10657
10658
10659
10660
10661
10662
10663
10664
10665
10666
10667
10668
10669
10670
10671
10672
10673
10674
10675
10676
10677
10678
10679
10680
10681
10682
10683
10684
10685
10686
10687
10688
10689
10690
10691
10692
10693
10694
10695
10696
10697
10698
10699
10700
10701
10702
10703
10704
10705
10706
10707
10708
10709
10710
10711
10712
10713
10714
10715
10716
10717
10718
10719
10720
10721
10722
10723
10724
10725
10726
10727
10728
10729
10730
10731
10732
10733
10734
10735
10736
10737
10738
10739
10740
10741
10742
10743
10744
10745
10746
10747
10748
10749
10750
10751
10752
10753
10754
10755
10756
10757
10758
10759
10760
10761
10762
10763
10764
10765
10766
10767
10768
10769
10770
10771
10772
10773
10774
10775
10776
10777
10778
10779
10780
10781
10782
10783
10784
10785
10786
10787
10788
10789
10790
10791
10792
10793
10794
10795
10796
10797
10798
10799
10800
10801
10802
10803
10804
10805
10806
10807
10808
10809
10810
10811
10812
10813
10814
10815
10816
10817
10818
10819
10820
10821
10822
10823
10824
10825
10826
10827
10828
10829
10830
10831
10832
10833
10834
10835
10836
10837
10838
10839
10840
10841
10842
10843
10844
10845
10846
10847
10848
10849
10850
10851
10852
10853
10854
10855
10856
10857
10858
10859
10860
10861
10862
10863
10864
10865
10866
10867
10868
10869
10870
10871
10872
10873
10874
10875
10876
10877
10878
10879
10880
10881
10882
10883
10884
10885
10886
10887
10888
10889
10890
10891
10892
10893
10894
10895
10896
10897
10898
10899
10900
10901
10902
10903
10904
10905
10906
10907
10908
10909
10910
10911
10912
10913
10914
10915
10916
10917
10918
10919
10920
10921
10922
10923
10924
10925
10926
10927
10928
10929
10930
10931
10932
10933
10934
10935
10936
10937
10938
10939
10940
10941
10942
10943
10944
10945
10946
10947
10948
10949
10950
10951
10952
10953
10954
10955
10956
10957
10958
10959
10960
10961
10962
10963
10964
10965
10966
10967
10968
10969
10970
10971
10972
10973
10974
10975
10976
10977
10978
10979
10980
10981
10982
10983
10984
10985
10986
10987
10988
10989
10990
10991
10992
10993
10994
10995
10996
10997
10998
10999
11000
11001
11002
11003
11004
11005
11006
11007
11008
11009
11010
11011
11012
11013
11014
11015
11016
11017
11018
11019
11020
11021
11022
11023
11024
11025
11026
11027
11028
11029
11030
11031
11032
11033
11034
11035
11036
11037
11038
11039
11040
11041
11042
11043
11044
11045
11046
11047
11048
11049
11050
11051
11052
11053
11054
11055
11056
11057
11058
11059
11060
11061
11062
11063
11064
11065
11066
11067
11068
11069
11070
11071
11072
11073
11074
11075
11076
11077
11078
11079
11080
11081
11082
11083
11084
11085
11086
11087
11088
11089
11090
11091
11092
11093
11094
11095
11096
11097
11098
11099
11100
11101
11102
11103
11104
11105
11106
11107
11108
11109
11110
11111
11112
11113
11114
11115
11116
11117
11118
11119
11120
11121
11122
11123
11124
11125
11126
11127
11128
11129
11130
11131
11132
11133
11134
11135
11136
11137
11138
11139
11140
11141
11142
11143
11144
11145
11146
11147
11148
11149
11150
11151
11152
11153
11154
11155
11156
11157
11158
11159
11160
11161
11162
11163
11164
11165
11166
11167
11168
11169
11170
11171
11172
11173
11174
11175
11176
11177
11178
11179
11180
11181
11182
11183
11184
11185
11186
11187
11188
11189
11190
11191
11192
11193
11194
11195
11196
11197
11198
11199
11200
11201
11202
11203
11204
11205
11206
11207
11208
11209
11210
11211
11212
11213
11214
11215
11216
11217
11218
11219
11220
11221
11222
11223
11224
11225
11226
11227
11228
11229
11230
11231
11232
11233
11234
11235
11236
11237
11238
11239
11240
11241
11242
11243
11244
11245
11246
11247
11248
11249
11250
11251
11252
11253
11254
11255
11256
11257
11258
11259
11260
11261
11262
11263
11264
11265
11266
11267
11268
11269
11270
11271
11272
11273
11274
11275
11276
11277
11278
11279
11280
11281
11282
11283
11284
11285
11286
11287
11288
11289
11290
11291
11292
11293
11294
11295
11296
11297
11298
11299
11300
11301
11302
11303
11304
11305
11306
11307
11308
11309
11310
11311
11312
11313
11314
11315
11316
11317
11318
11319
11320
11321
11322
11323
11324
11325
11326
11327
11328
11329
11330
11331
11332
11333
11334
11335
11336
11337
11338
11339
11340
11341
11342
11343
11344
11345
11346
11347
11348
11349
11350
11351
11352
11353
11354
11355
11356
11357
11358
11359
11360
11361
11362
11363
11364
11365
11366
11367
11368
11369
11370
11371
11372
11373
11374
11375
11376
11377
11378
11379
11380
11381
11382
11383
11384
11385
11386
11387
11388
11389
11390
11391
11392
11393
11394
11395
11396
11397
11398
11399
11400
11401
11402
11403
11404
11405
11406
11407
11408
11409
11410
11411
11412
11413
11414
11415
11416
11417
11418
11419
11420
11421
11422
11423
11424
11425
11426
11427
11428
11429
11430
11431
11432
11433
11434
11435
11436
11437
11438
11439
11440
11441
11442
11443
11444
11445
11446
11447
11448
11449
11450
11451
11452
11453
11454
11455
11456
11457
11458
11459
11460
11461
11462
11463
11464
11465
11466
11467
11468
11469
11470
11471
11472
11473
11474
11475
11476
11477
11478
11479
11480
11481
11482
11483
11484
11485
11486
11487
11488
11489
11490
11491
11492
11493
11494
11495
11496
11497
11498
11499
11500
11501
11502
11503
11504
11505
11506
11507
11508
11509
11510
11511
11512
11513
11514
11515
11516
11517
11518
11519
11520
11521
11522
11523
11524
11525
11526
11527
11528
11529
11530
11531
11532
11533
11534
11535
11536
11537
11538
11539
11540
11541
11542
11543
11544
11545
11546
11547
11548
11549
11550
11551
11552
11553
11554
11555
11556
11557
11558
11559
11560
11561
11562
11563
11564
11565
11566
11567
11568
11569
11570
11571
11572
11573
11574
11575
11576
11577
11578
11579
11580
11581
11582
11583
11584
11585
11586
11587
11588
11589
11590
11591
11592
11593
11594
11595
11596
11597
11598
11599
11600
11601
11602
11603
11604
11605
11606
11607
11608
11609
11610
11611
11612
11613
11614
11615
11616
11617
11618
11619
11620
11621
11622
11623
11624
11625
11626
11627
11628
11629
11630
11631
11632
11633
11634
11635
11636
11637
11638
11639
11640
11641
11642
11643
11644
11645
11646
11647
11648
11649
11650
11651
11652
11653
11654
11655
11656
11657
11658
11659
11660
11661
11662
11663
11664
11665
11666
11667
11668
11669
11670
11671
11672
11673
11674
11675
11676
11677
11678
11679
11680
11681
11682
11683
11684
11685
11686
11687
11688
11689
11690
11691
11692
11693
11694
11695
11696
11697
11698
11699
11700
11701
11702
11703
11704
11705
11706
11707
11708
11709
11710
11711
11712
11713
11714
11715
11716
11717
11718
11719
11720
11721
11722
11723
11724
11725
11726
11727
11728
11729
11730
11731
11732
11733
11734
11735
11736
11737
11738
11739
11740
11741
11742
11743
11744
11745
11746
11747
11748
11749
11750
11751
11752
11753
11754
11755
11756
11757
11758
11759
11760
11761
11762
11763
11764
11765
11766
11767
11768
11769
11770
11771
11772
11773
11774
11775
11776
11777
11778
11779
11780
11781
11782
11783
11784
11785
11786
11787
11788
11789
11790
11791
11792
11793
11794
11795
11796
11797
11798
11799
11800
11801
11802
11803
11804
11805
11806
11807
11808
11809
11810
11811
11812
11813
11814
11815
11816
11817
11818
11819
11820
11821
11822
11823
11824
11825
11826
11827
11828
11829
11830
11831
11832
11833
11834
11835
11836
11837
11838
11839
11840
11841
11842
11843
11844
11845
11846
11847
11848
11849
11850
11851
11852
11853
11854
11855
11856
11857
11858
11859
11860
11861
11862
11863
11864
11865
11866
11867
11868
11869
11870
11871
11872
11873
11874
11875
11876
11877
11878
11879
11880
11881
11882
11883
11884
11885
11886
11887
11888
11889
11890
11891
11892
11893
11894
11895
11896
11897
11898
11899
11900
11901
11902
11903
11904
11905
11906
11907
11908
11909
11910
11911
11912
11913
11914
11915
11916
11917
11918
11919
11920
11921
11922
11923
11924
11925
11926
11927
11928
11929
11930
11931
11932
11933
11934
11935
11936
11937
11938
11939
11940
11941
11942
11943
11944
11945
11946
11947
11948
11949
11950
11951
11952
11953
11954
11955
11956
11957
11958
11959
11960
11961
11962
11963
11964
11965
11966
11967
11968
11969
11970
11971
11972
11973
11974
11975
11976
11977
11978
11979
11980
11981
11982
11983
11984
11985
11986
11987
11988
11989
11990
11991
11992
11993
11994
11995
11996
11997
11998
11999
12000
12001
12002
12003
12004
12005
12006
12007
12008
12009
12010
12011
12012
12013
12014
12015
12016
12017
12018
12019
12020
12021
12022
12023
12024
12025
12026
12027
12028
12029
12030
12031
12032
12033
12034
12035
12036
12037
12038
12039
12040
12041
12042
12043
12044
12045
12046
12047
12048
12049
12050
12051
12052
12053
12054
12055
12056
12057
12058
12059
12060
12061
12062
12063
12064
12065
12066
12067
12068
12069
12070
12071
12072
12073
12074
12075
12076
12077
12078
12079
12080
12081
12082
12083
12084
12085
12086
12087
12088
12089
12090
12091
12092
12093
12094
12095
12096
12097
12098
12099
12100
12101
12102
12103
12104
12105
12106
12107
12108
12109
12110
12111
12112
12113
12114
12115
12116
12117
12118
12119
12120
12121
12122
12123
12124
12125
12126
12127
12128
12129
12130
12131
12132
12133
12134
12135
12136
12137
12138
12139
12140
12141
12142
12143
12144
12145
12146
12147
12148
12149
12150
12151
12152
12153
12154
12155
12156
12157
12158
12159
12160
12161
12162
12163
12164
12165
12166
12167
12168
12169
12170
12171
12172
12173
12174
12175
12176
12177
12178
12179
12180
12181
12182
12183
12184
12185
12186
12187
12188
12189
12190
12191
12192
12193
12194
12195
12196
12197
12198
12199
12200
12201
12202
12203
12204
12205
12206
12207
12208
12209
12210
12211
12212
12213
12214
12215
12216
12217
12218
12219
12220
12221
12222
12223
12224
12225
12226
12227
12228
12229
12230
12231
12232
12233
12234
12235
12236
12237
12238
12239
12240
12241
12242
12243
12244
12245
12246
12247
12248
12249
12250
12251
12252
12253
12254
12255
12256
12257
12258
12259
12260
12261
12262
12263
12264
12265
12266
12267
12268
12269
12270
12271
12272
12273
12274
12275
12276
12277
12278
12279
12280
12281
12282
12283
12284
12285
12286
12287
12288
12289
12290
12291
12292
12293
12294
12295
12296
12297
12298
12299
12300
12301
12302
12303
12304
12305
12306
12307
12308
12309
12310
12311
12312
12313
12314
12315
12316
12317
12318
12319
12320
12321
12322
12323
12324
12325
12326
12327
12328
12329
12330
12331
12332
12333
12334
12335
12336
12337
12338
12339
12340
12341
12342
12343
12344
12345
12346
12347
12348
12349
12350
12351
12352
12353
12354
12355
12356
12357
12358
12359
12360
12361
12362
12363
12364
12365
12366
12367
12368
12369
12370
12371
12372
12373
12374
12375
12376
12377
12378
12379
12380
12381
12382
12383
12384
12385
12386
12387
12388
12389
12390
12391
12392
12393
12394
12395
12396
12397
12398
12399
12400
12401
12402
12403
12404
12405
12406
12407
12408
12409
12410
12411
12412
12413
12414
12415
12416
12417
12418
12419
12420
12421
12422
12423
12424
12425
12426
12427
12428
12429
12430
12431
12432
12433
12434
12435
12436
12437
12438
12439
12440
12441
12442
12443
12444
12445
12446
12447
12448
12449
12450
12451
12452
12453
12454
12455
12456
12457
12458
12459
12460
12461
12462
12463
12464
12465
12466
12467
12468
12469
12470
12471
12472
12473
12474
12475
12476
12477
12478
12479
12480
12481
12482
12483
12484
12485
12486
12487
12488
12489
12490
12491
12492
12493
12494
12495
12496
12497
12498
12499
12500
12501
12502
12503
12504
12505
12506
12507
12508
12509
12510
12511
12512
12513
12514
12515
12516
12517
12518
12519
12520
12521
12522
12523
12524
12525
12526
12527
12528
12529
12530
12531
12532
12533
12534
12535
12536
12537
12538
12539
12540
12541
12542
12543
12544
12545
12546
12547
12548
12549
12550
12551
12552
12553
12554
12555
12556
12557
12558
12559
12560
12561
12562
12563
12564
12565
12566
12567
12568
12569
12570
12571
12572
12573
12574
12575
12576
12577
12578
12579
12580
12581
12582
12583
12584
12585
12586
12587
12588
12589
12590
12591
12592
12593
12594
12595
12596
12597
12598
12599
12600
12601
12602
12603
12604
12605
12606
12607
12608
12609
12610
12611
12612
12613
12614
12615
12616
12617
12618
12619
12620
12621
12622
12623
12624
12625
12626
12627
12628
12629
12630
12631
12632
12633
12634
12635
12636
12637
12638
12639
12640
12641
12642
12643
12644
12645
12646
12647
12648
12649
12650
12651
12652
12653
12654
12655
12656
12657
12658
12659
12660
12661
12662
12663
12664
12665
12666
12667
12668
12669
12670
12671
12672
12673
12674
12675
12676
12677
12678
12679
12680
12681
12682
12683
12684
12685
12686
12687
12688
12689
12690
12691
12692
12693
12694
12695
12696
12697
12698
12699
12700
12701
12702
12703
12704
12705
12706
12707
12708
12709
12710
12711
12712
12713
12714
12715
12716
12717
12718
12719
12720
12721
12722
12723
12724
12725
12726
12727
12728
12729
12730
12731
12732
12733
12734
12735
12736
12737
12738
12739
12740
12741
12742
12743
12744
12745
12746
12747
12748
12749
12750
12751
12752
12753
12754
12755
12756
12757
12758
12759
12760
12761
12762
12763
12764
12765
12766
12767
12768
12769
12770
12771
12772
12773
12774
12775
12776
12777
12778
12779
12780
12781
12782
12783
12784
12785
12786
12787
12788
12789
12790
12791
12792
12793
12794
12795
12796
12797
12798
12799
12800
12801
12802
12803
12804
12805
12806
12807
12808
12809
12810
12811
12812
12813
12814
12815
12816
12817
12818
12819
12820
12821
12822
12823
12824
12825
12826
12827
12828
12829
12830
12831
12832
12833
12834
12835
12836
12837
12838
12839
12840
12841
12842
12843
12844
12845
12846
12847
12848
12849
12850
12851
12852
12853
12854
12855
12856
12857
12858
12859
12860
12861
12862
12863
12864
12865
12866
12867
12868
12869
12870
12871
12872
12873
12874
12875
12876
12877
12878
12879
12880
12881
12882
12883
12884
12885
12886
12887
12888
12889
12890
12891
12892
12893
12894
12895
12896
12897
12898
12899
12900
12901
12902
12903
12904
12905
12906
12907
12908
12909
12910
12911
12912
12913
12914
12915
12916
12917
12918
12919
12920
12921
12922
12923
12924
12925
12926
12927
12928
12929
12930
12931
12932
12933
12934
12935
12936
12937
12938
12939
12940
12941
12942
12943
12944
12945
12946
12947
12948
12949
12950
12951
12952
12953
12954
12955
12956
12957
12958
12959
12960
12961
12962
12963
12964
12965
12966
12967
12968
12969
12970
12971
12972
12973
12974
12975
12976
12977
12978
12979
12980
12981
12982
12983
12984
12985
12986
12987
12988
12989
12990
12991
12992
12993
12994
12995
12996
12997
12998
12999
13000
13001
13002
13003
13004
13005
13006
13007
13008
13009
13010
13011
13012
13013
13014
13015
13016
13017
13018
13019
13020
13021
13022
13023
13024
13025
13026
13027
13028
13029
13030
13031
13032
13033
13034
13035
13036
13037
13038
13039
13040
13041
13042
13043
13044
13045
13046
13047
13048
13049
13050
13051
13052
13053
13054
13055
13056
13057
13058
13059
13060
13061
13062
13063
13064
13065
13066
13067
13068
13069
13070
13071
13072
13073
13074
13075
13076
13077
13078
13079
13080
13081
13082
13083
13084
13085
13086
13087
13088
13089
13090
13091
13092
13093
13094
13095
13096
13097
13098
13099
13100
13101
13102
13103
13104
13105
13106
13107
13108
13109
13110
13111
13112
13113
13114
13115
13116
13117
13118
13119
13120
13121
13122
13123
13124
13125
13126
13127
13128
13129
13130
13131
13132
13133
13134
13135
13136
13137
13138
13139
13140
13141
13142
13143
13144
13145
13146
13147
13148
13149
13150
13151
13152
13153
13154
13155
13156
13157
13158
13159
13160
13161
13162
13163
13164
13165
13166
13167
13168
13169
13170
13171
13172
13173
13174
13175
13176
13177
13178
13179
13180
13181
13182
13183
13184
13185
13186
13187
13188
13189
13190
13191
13192
13193
13194
13195
13196
13197
13198
13199
13200
13201
13202
13203
13204
13205
13206
13207
13208
13209
13210
13211
13212
13213
13214
13215
13216
13217
13218
13219
13220
13221
13222
13223
13224
13225
13226
13227
13228
13229
13230
13231
13232
13233
13234
13235
13236
13237
13238
13239
13240
13241
13242
13243
13244
13245
13246
13247
13248
13249
13250
13251
13252
13253
13254
13255
13256
13257
13258
13259
13260
13261
13262
13263
13264
13265
13266
13267
13268
13269
13270
13271
13272
13273
13274
13275
13276
13277
13278
13279
13280
13281
13282
13283
13284
13285
13286
13287
13288
13289
13290
13291
13292
13293
13294
13295
13296
13297
13298
13299
13300
13301
13302
13303
13304
13305
13306
13307
13308
13309
13310
13311
13312
13313
13314
13315
13316
13317
13318
13319
13320
13321
13322
13323
13324
13325
13326
13327
13328
13329
13330
13331
13332
13333
13334
13335
13336
13337
13338
13339
13340
13341
13342
13343
13344
13345
13346
13347
13348
13349
13350
13351
13352
13353
13354
13355
13356
13357
13358
13359
13360
13361
13362
13363
13364
13365
13366
13367
13368
13369
13370
13371
13372
13373
13374
13375
13376
13377
13378
13379
13380
13381
13382
13383
13384
13385
13386
13387
13388
13389
13390
13391
13392
13393
13394
13395
13396
13397
13398
13399
13400
13401
13402
13403
13404
13405
13406
13407
13408
13409
13410
13411
13412
13413
13414
13415
13416
13417
13418
13419
13420
13421
13422
13423
13424
13425
13426
13427
13428
13429
13430
13431
13432
13433
13434
13435
13436
13437
13438
13439
13440
13441
13442
13443
13444
13445
13446
13447
13448
13449
13450
13451
13452
13453
13454
13455
13456
13457
13458
13459
13460
13461
13462
13463
13464
13465
13466
13467
13468
13469
13470
13471
13472
13473
13474
13475
13476
13477
13478
13479
13480
13481
13482
13483
13484
13485
13486
13487
13488
13489
13490
13491
13492
13493
13494
13495
13496
13497
13498
13499
13500
13501
13502
13503
13504
13505
13506
13507
13508
13509
13510
13511
13512
13513
13514
13515
13516
13517
13518
13519
13520
13521
13522
13523
13524
13525
13526
13527
13528
13529
13530
13531
13532
13533
13534
13535
13536
13537
13538
13539
13540
13541
13542
13543
13544
13545
13546
13547
13548
13549
13550
13551
13552
13553
13554
13555
13556
13557
13558
13559
13560
13561
13562
13563
13564
13565
13566
13567
13568
13569
13570
13571
13572
13573
13574
13575
13576
13577
13578
13579
13580
13581
13582
13583
13584
13585
13586
13587
13588
13589
13590
13591
13592
13593
13594
13595
13596
13597
13598
13599
13600
13601
13602
13603
13604
13605
13606
13607
13608
13609
13610
13611
13612
13613
13614
13615
13616
13617
13618
13619
13620
13621
13622
13623
13624
13625
13626
13627
13628
13629
13630
13631
13632
13633
13634
13635
13636
13637
13638
13639
13640
13641
13642
13643
13644
13645
13646
13647
13648
13649
13650
13651
13652
13653
13654
13655
13656
13657
13658
13659
13660
13661
13662
13663
13664
13665
13666
13667
13668
13669
13670
13671
13672
13673
13674
13675
13676
13677
13678
13679
13680
13681
13682
13683
13684
13685
13686
13687
13688
13689
13690
13691
13692
13693
13694
13695
13696
13697
13698
13699
13700
13701
13702
13703
13704
13705
13706
13707
13708
13709
13710
13711
13712
13713
13714
13715
13716
13717
13718
13719
13720
13721
13722
13723
13724
13725
13726
13727
13728
13729
13730
13731
13732
13733
13734
13735
13736
13737
13738
13739
13740
13741
13742
13743
13744
13745
13746
13747
13748
13749
13750
13751
13752
13753
13754
13755
13756
13757
13758
13759
13760
13761
13762
13763
13764
13765
13766
13767
13768
13769
13770
13771
13772
13773
13774
13775
13776
13777
13778
13779
13780
13781
13782
13783
13784
13785
13786
13787
13788
13789
13790
13791
13792
13793
13794
13795
13796
13797
13798
13799
13800
13801
13802
13803
13804
13805
13806
13807
13808
13809
13810
13811
13812
13813
13814
13815
13816
13817
13818
13819
13820
13821
13822
13823
13824
13825
13826
13827
13828
13829
13830
13831
13832
13833
13834
13835
13836
13837
13838
13839
13840
13841
13842
13843
13844
13845
13846
13847
13848
13849
13850
13851
13852
13853
13854
13855
13856
13857
13858
13859
13860
13861
13862
13863
13864
13865
13866
13867
13868
13869
13870
13871
13872
13873
13874
13875
13876
13877
13878
13879
13880
13881
13882
13883
13884
13885
13886
13887
13888
13889
13890
13891
13892
13893
13894
13895
13896
13897
13898
13899
13900
13901
13902
13903
13904
13905
13906
13907
13908
13909
13910
13911
13912
13913
13914
13915
13916
13917
13918
13919
13920
13921
13922
13923
13924
13925
13926
13927
13928
13929
13930
13931
13932
13933
13934
13935
13936
13937
13938
13939
13940
13941
13942
13943
13944
13945
13946
13947
13948
13949
13950
13951
13952
13953
13954
13955
13956
13957
13958
13959
13960
13961
13962
13963
13964
13965
13966
13967
13968
13969
13970
13971
13972
13973
13974
13975
13976
13977
13978
13979
13980
13981
13982
13983
13984
13985
13986
13987
13988
13989
13990
13991
13992
13993
13994
13995
13996
13997
13998
13999
14000
14001
14002
14003
14004
14005
14006
14007
14008
14009
14010
14011
14012
14013
14014
14015
14016
14017
14018
14019
14020
14021
14022
14023
14024
14025
14026
14027
14028
14029
14030
14031
14032
14033
14034
14035
14036
14037
14038
14039
14040
14041
14042
14043
14044
14045
14046
14047
14048
14049
14050
14051
14052
14053
14054
14055
14056
14057
14058
14059
14060
14061
14062
14063
14064
14065
14066
14067
14068
14069
14070
14071
14072
14073
14074
14075
14076
14077
14078
14079
14080
14081
14082
14083
14084
14085
14086
14087
14088
14089
14090
14091
14092
14093
14094
14095
14096
14097
14098
14099
14100
14101
14102
14103
14104
14105
14106
14107
14108
14109
14110
14111
14112
14113
14114
14115
14116
14117
14118
14119
14120
14121
14122
14123
14124
14125
14126
14127
14128
14129
14130
14131
14132
14133
14134
14135
14136
14137
14138
14139
14140
14141
14142
14143
14144
14145
14146
14147
14148
14149
14150
14151
14152
14153
14154
14155
14156
14157
14158
14159
14160
14161
14162
14163
14164
14165
14166
14167
14168
14169
14170
14171
14172
14173
14174
14175
14176
14177
14178
14179
14180
14181
14182
14183
14184
14185
14186
14187
14188
14189
14190
14191
14192
14193
14194
14195
14196
14197
14198
14199
14200
14201
14202
14203
14204
14205
14206
14207
14208
14209
14210
14211
14212
14213
14214
14215
14216
14217
14218
14219
14220
14221
14222
14223
14224
14225
14226
14227
14228
14229
14230
14231
14232
14233
14234
14235
14236
14237
14238
14239
14240
14241
14242
14243
14244
14245
14246
14247
14248
14249
14250
14251
14252
14253
14254
14255
14256
14257
14258
14259
14260
14261
14262
14263
14264
14265
14266
14267
14268
14269
14270
14271
14272
14273
14274
14275
14276
14277
14278
14279
14280
14281
14282
14283
14284
14285
14286
14287
14288
14289
14290
14291
14292
14293
14294
14295
14296
14297
14298
14299
14300
14301
14302
14303
14304
14305
14306
14307
14308
14309
14310
14311
14312
14313
14314
14315
14316
14317
14318
14319
14320
14321
14322
14323
14324
14325
14326
14327
14328
14329
14330
14331
14332
14333
14334
14335
14336
14337
14338
14339
14340
14341
14342
14343
14344
14345
14346
14347
14348
14349
14350
14351
14352
14353
14354
14355
14356
14357
14358
14359
14360
14361
14362
14363
14364
14365
14366
14367
14368
14369
14370
14371
14372
14373
14374
14375
14376
14377
14378
14379
14380
14381
14382
14383
14384
14385
14386
14387
14388
14389
14390
14391
14392
14393
14394
14395
14396
14397
14398
14399
14400
14401
14402
14403
14404
14405
14406
14407
14408
14409
14410
14411
14412
14413
14414
14415
14416
14417
14418
14419
14420
14421
14422
14423
14424
14425
14426
14427
14428
14429
14430
14431
14432
14433
14434
14435
14436
14437
14438
14439
14440
14441
14442
14443
14444
14445
14446
14447
14448
14449
14450
14451
14452
14453
14454
14455
14456
14457
14458
14459
14460
14461
14462
14463
14464
14465
14466
14467
14468
14469
14470
14471
14472
14473
14474
14475
14476
14477
14478
14479
14480
14481
14482
14483
14484
14485
14486
14487
14488
14489
14490
14491
14492
14493
14494
14495
14496
14497
14498
14499
14500
14501
14502
14503
14504
14505
14506
14507
14508
14509
14510
14511
14512
14513
14514
14515
14516
14517
14518
14519
14520
14521
14522
14523
14524
14525
14526
14527
14528
14529
14530
14531
14532
14533
14534
14535
14536
14537
14538
14539
14540
14541
14542
14543
14544
14545
14546
14547
14548
14549
14550
14551
14552
14553
14554
14555
14556
14557
14558
14559
14560
14561
14562
14563
14564
14565
14566
14567
14568
14569
14570
14571
14572
14573
14574
14575
14576
14577
14578
14579
14580
14581
14582
14583
14584
14585
14586
14587
14588
14589
14590
14591
14592
14593
14594
14595
14596
14597
14598
14599
14600
14601
14602
14603
14604
14605
14606
14607
14608
14609
14610
14611
14612
14613
14614
14615
14616
14617
14618
14619
14620
14621
14622
14623
14624
14625
14626
14627
14628
14629
14630
14631
14632
14633
14634
14635
14636
14637
14638
14639
14640
14641
14642
14643
14644
14645
14646
14647
14648
14649
14650
14651
14652
14653
14654
14655
14656
14657
14658
14659
14660
14661
14662
14663
14664
14665
14666
14667
14668
14669
14670
14671
14672
14673
14674
14675
14676
14677
14678
14679
14680
14681
14682
14683
14684
14685
14686
14687
14688
14689
14690
14691
14692
14693
14694
14695
14696
14697
14698
14699
14700
14701
14702
14703
14704
14705
14706
14707
14708
14709
14710
14711
14712
14713
14714
14715
14716
14717
14718
14719
14720
14721
14722
14723
14724
14725
14726
14727
14728
14729
14730
14731
14732
14733
14734
14735
14736
14737
14738
14739
14740
14741
14742
14743
14744
14745
14746
14747
14748
14749
14750
14751
14752
14753
14754
14755
14756
14757
14758
14759
14760
14761
14762
14763
14764
14765
14766
14767
14768
14769
14770
14771
14772
14773
14774
14775
14776
14777
14778
14779
14780
14781
14782
14783
14784
14785
14786
14787
14788
14789
14790
14791
14792
14793
14794
14795
14796
14797
14798
14799
14800
14801
14802
14803
14804
14805
14806
14807
14808
14809
14810
14811
14812
14813
14814
14815
14816
14817
14818
14819
14820
14821
14822
14823
14824
14825
14826
14827
14828
14829
14830
14831
14832
14833
14834
14835
14836
14837
14838
14839
14840
14841
14842
14843
14844
14845
14846
14847
14848
14849
14850
14851
14852
14853
14854
14855
14856
14857
14858
14859
14860
14861
14862
14863
14864
14865
14866
14867
14868
14869
14870
14871
14872
14873
14874
14875
14876
14877
14878
14879
14880
14881
14882
14883
14884
14885
14886
14887
14888
14889
14890
14891
14892
14893
14894
14895
14896
14897
14898
14899
14900
14901
14902
14903
14904
14905
14906
14907
14908
14909
14910
14911
14912
14913
14914
14915
14916
14917
14918
14919
14920
14921
14922
14923
14924
14925
14926
14927
14928
14929
14930
14931
14932
14933
14934
14935
14936
14937
14938
14939
14940
14941
14942
14943
14944
14945
14946
14947
14948
14949
14950
14951
14952
14953
14954
14955
14956
14957
14958
14959
14960
14961
14962
14963
14964
14965
14966
14967
14968
14969
14970
14971
14972
14973
14974
14975
14976
14977
14978
14979
14980
14981
14982
14983
14984
14985
14986
14987
14988
14989
14990
14991
14992
14993
14994
14995
14996
14997
14998
14999
15000
15001
15002
15003
15004
15005
15006
15007
15008
15009
15010
15011
15012
15013
15014
15015
15016
15017
15018
15019
15020
15021
15022
15023
15024
15025
15026
15027
15028
15029
15030
15031
15032
15033
15034
15035
15036
15037
15038
15039
15040
15041
15042
15043
15044
15045
15046
15047
15048
15049
15050
15051
15052
15053
15054
15055
15056
15057
15058
15059
15060
15061
15062
15063
15064
15065
15066
15067
15068
15069
15070
15071
15072
15073
15074
15075
15076
15077
15078
15079
15080
15081
15082
15083
15084
15085
15086
15087
15088
15089
15090
15091
15092
15093
15094
15095
15096
15097
15098
15099
15100
15101
15102
15103
15104
15105
15106
15107
15108
15109
15110
15111
15112
15113
15114
15115
15116
15117
15118
15119
15120
15121
15122
15123
15124
15125
15126
15127
15128
15129
15130
15131
15132
15133
15134
15135
15136
15137
15138
15139
15140
15141
15142
15143
15144
15145
15146
15147
15148
15149
15150
15151
15152
15153
15154
15155
15156
15157
15158
15159
15160
15161
15162
15163
15164
15165
15166
15167
15168
15169
15170
15171
15172
15173
15174
15175
15176
15177
15178
15179
15180
15181
15182
15183
15184
15185
15186
15187
15188
15189
15190
15191
15192
15193
15194
15195
15196
15197
15198
15199
15200
15201
15202
15203
15204
15205
15206
15207
15208
15209
15210
15211
15212
15213
15214
15215
15216
15217
15218
15219
15220
15221
15222
15223
15224
15225
15226
15227
15228
15229
15230
15231
15232
15233
15234
15235
15236
15237
15238
15239
15240
15241
15242
15243
15244
15245
15246
15247
15248
15249
15250
15251
15252
15253
15254
15255
15256
15257
15258
15259
15260
15261
15262
15263
15264
15265
15266
15267
15268
15269
15270
15271
15272
15273
15274
15275
15276
15277
15278
15279
15280
15281
15282
15283
15284
15285
15286
15287
15288
15289
15290
15291
15292
15293
15294
15295
15296
15297
15298
15299
15300
15301
15302
15303
15304
15305
15306
15307
15308
15309
15310
15311
15312
15313
15314
15315
15316
15317
15318
15319
15320
15321
15322
15323
15324
15325
15326
15327
15328
15329
15330
15331
15332
15333
15334
15335
15336
15337
15338
15339
15340
15341
15342
15343
15344
15345
15346
15347
15348
15349
15350
15351
15352
15353
15354
15355
15356
15357
15358
15359
15360
15361
15362
15363
15364
15365
15366
15367
15368
15369
15370
15371
15372
15373
15374
15375
15376
15377
15378
15379
15380
15381
15382
15383
15384
15385
15386
15387
15388
15389
15390
15391
15392
15393
15394
15395
15396
15397
15398
15399
15400
15401
15402
15403
15404
15405
15406
15407
15408
15409
15410
15411
15412
15413
15414
15415
15416
15417
15418
15419
15420
15421
15422
15423
15424
15425
15426
15427
15428
15429
15430
15431
15432
15433
15434
15435
15436
15437
15438
15439
15440
15441
15442
15443
15444
15445
15446
15447
15448
15449
15450
15451
15452
15453
15454
15455
15456
15457
15458
15459
15460
15461
15462
15463
15464
15465
15466
15467
15468
15469
15470
15471
15472
15473
15474
15475
15476
15477
15478
15479
15480
15481
15482
15483
15484
15485
15486
15487
15488
15489
15490
15491
15492
15493
15494
15495
15496
15497
15498
15499
15500
15501
15502
15503
15504
15505
15506
15507
15508
15509
15510
15511
15512
15513
15514
15515
15516
15517
15518
15519
15520
15521
15522
15523
15524
15525
15526
15527
15528
15529
15530
15531
15532
15533
15534
15535
15536
15537
15538
15539
15540
15541
15542
15543
15544
15545
15546
15547
15548
15549
15550
15551
15552
15553
32.58877495952993 0.1268002750773984 0
47.96599008281758 0.09267233384497509 0
45.93155055738123 0.1085242668963566 0
43.94683767460269 0.1090658614518834 0
42.0193370144445 0.128514617261601 0
40.07034883427336 0.152730272971592 0
38.12588242858936 0.1332648803923746 0
36.10622226899247 0.1394829491843126 0
34.26920495466595 0.1635842708736703 0
25.51866077986529 0.1379941548885526 0
24.40734882228442 0.1280583667222341 0
26.84492216897755 0.08320116244711784 0
28.22623301872536 0.1690093235819674 0
31.04565294486619 0.1370612887834088 0
19.51169898864132 13.2641992901786 0
29.68618285319493 0.09041024951712728 0
42.99787241789573 26.01432972383047 0
33.19554355265683 26.01609836424839 0
19.52646971872793 9.588136172369655 0
49.65767553617837 0.0670962801180881 0
51.10430737666833 0.08447508203503595 0
52.49183249270689 0.04665888012578634 0
53.82552859759687 0.07618083720367963 0
18.00517158098231 16.38360101542387 0
60.52208609428664 12.50575992398147 0
55.12463127313609 0.1266706329918676 0
16.46665005956183 17.75661797298452 0
56.31662068056638 0.07786538605298432 0
35.23695812414667 0.1750592795478827 0
37.27317060772315 0.1403404741991157 0
13.95041518053283 18.78331629149376 0
45.08375174977795 0.09747497648340087 0
17.93546406862226 7.084793072915792 0
39.25780984179077 0.2031261902317869 0
41.18346272510887 0.08254190032740105 0
47.01054053089546 0.1283394094907884 0
11.27442257667804 18.61595858433522 0
43.18148032573379 0.1319428858772937 0
23.5856671040171 0.06584508022584323 0
33.45356985916031 0.1720363362860517 0
50.77918609863779 26.01549278858759 0
9.277411796591974 17.93541978138482 0
50.35525747929321 0.08626680224516825 0
31.85704968895279 0.07892909061983922 0
48.76946045348397 0.142406300896063 0
57.40744485028812 0.07536396556461611 0
25.37685049874118 26.0203189391281 0
58.94563183927406 0.0828124755734958 0
29.07991772244206 0.1159268938513591 0
51.91391812779759 0.08907435951446452 0
58.27728479401577 0.09125756711043209 0
27.64983272187592 0.1084727666573286 0
30.41367068272104 0.1288309703014114 0
60.64034918517973 0.1270655057043104 0
59.95960317882931 0.07579374642318548 0
19.49669104552979 26.03867913729353 0
5.864198641560431 26.03246256519157 0
60.52329634230061 18.29088387747518 0
6.831005782868822 7.318579072703362 0
23.07820545038662 0.1763396525274192 0
26.3214622861872 0.1399093244181948 0
53.29698554298974 0.08654164251226426 0
54.62972754660731 0.1021285209384963 0
13.68081340264491 25.98807353372926 0
6.62771684134243 15.73308130204411 0
5.601080473829001 13.0923282027716 0
5.495411089965724 10.49541722828117 0
61.57807462395248 0.1627852517318438 0
20.4339046195881 2.583662182219307 0
42.69461334942716 0.07673648202369066 0
25.02533459354845 0.09402759961331419 0
40.79894454083421 0.08350755694033651 0
56.8958337515487 0.1364848904471465 0
55.83609294789818 0.107461159462396 0
46.61554392045887 0.1299988219848238 0
38.75268129235852 0.06157501703684787 0
36.76778574152941 0.1607906229493334 0
44.6366867242645 0.09245407292190677 0
59.57752308418876 0.09678388154243223 0
60.60070642324091 4.751636614826101 0
54.6740556307212 26.02084234681021 0
61.14687729434401 0.1021813202899562 0
16.54384388669942 5.740449606295298 0
14.01499901609892 4.553541018138393 0
8.377317933428447 5.938659540682163 0
50.05128792182278 0.1725210566453583 0
43.63933370544194 0.1240885262978892 0
22.69911824893668 0.1993315481110542 0
27.26275132215524 0.1199112007695327 0
57.92535814856151 0.1214284209385532 0
35.87311403299091 0.1006141346737213 0
25.93594057611061 0.131970249173774 0
51.53389188207938 0.08175220719111742 0
37.89009771166593 0.1535363834715842 0
52.97750506019868 0.08338056457207799 0
48.50680338510388 0.1543287076542104 0
28.70979647496291 0.08768554023024677 0
35.01909843189144 0.1455882100139387 0
45.55878149424053 0.1103987412003526 0
33.19650466443275 0.1658664682344444 0
39.80104293738786 0.1085439327936122 0
41.73883739117193 0.1111638250321541 0
47.53227128807084 0.1119410579432323 0
33.99526891677103 0.1428132998100935 0
2.002036069505042 20.30374215636818 0
2.134679680114168 9.038207360435926 0
11.34866796423571 4.854975514999857 0
5.557094741620009 2.748142225612783 0
60.52935733038564 22.1549259029143 0
6.159463595311152 8.670159833664872 0
62.1088807116252 0.1643802443581617 0
22.08550278598896 0.2607567566278117 0
61.2920868486096 1.470201529185731 0
2.263113629359122 12.63959491347834 0
29.46143299956771 0.128116623264626 0
30.15774739275518 0.136111679878443 0
31.61206743707392 0.1142511451779988 0
32.260043946057 0.09180599066386819 0
24.80218935832469 0.1270065643596396 0
24.1857215449539 0.09028869919481863 0
28.01783052878828 0.09343938806060414 0
30.82049195502774 0.1031036679272574 0
59.18263585093188 0.1018971957156598 0
9.376777566299836 2.99813152635836 0
58.58305266979233 26.03750890200592 0
1.940451878335423 4.847653037107879 0
16.46139453093445 2.926809896848969 0
14.89195625477693 2.643083577351765 0
26.68754274272877 0.08466065955401803 0
22.47511371256297 0.1256552373088375 0
10.16177315058924 5.421113518286658 0
31.44995553248042 0.1191215363678033 0
61.86742812756804 0.1840306043655477 0
62.23794972982492 0.4491684902271285 0
12.97834350080648 3.161565082676015 0
62.36149201575078 0.1645847752360758 0
5.421629558897124 11.36518454798925 0
14.72402350138322 5.19632771208809 0
14.83705513346069 18.45640490962072 0
19.82822023369404 10.78663275397457 0
18.48069021812904 15.57878995092043 0
18.44078113890991 7.739141097214087 0
3.771497952557365 2.847540273133156 0
1.953637457656466 26.06834862080544 0
6.026012883224553 13.99279011074937 0
60.53522130229724 24.10076411065995 0
21.48502858444089 1.627889176898787 0
46.88971729165979 26.01434150634783 0
39.08701489337146 26.01461986180666 0
35.15907237071124 26.01570472644287 0
29.2810916547903 26.01619031186738 0
21.46090654466276 26.02711016212935 0
15.63375719461933 26.0638829895594 0
9.744379929842481 25.99299093197558 0
60.52221043815612 14.44194281636979 0
60.52971746941829 8.624806511252974 0
1.904282646799157 16.39977534391797 0
60.54141691434199 26.04997489971775 0
1.949391511341844 24.15172743442021 0
1.895562003516737 2.907195496692578 0
61.95316745243721 0.6672193375657312 0
19.20446775370602 14.07124392437632 0
12.01491457785171 4.740419054916753 0
11.9774417780125 18.78781840056518 0
8.593996598172332 17.56177871676845 0
29.2658666485828 0.08533762808113821 0
29.90616931473934 0.09054927267060187 0
30.6016705162975 0.09917276039620226 0
32.09587056932575 0.09479506024090689 0
28.91552770997155 0.0847099964636886 0
27.47164156567045 0.07780004536575014 0
25.25020044738682 0.100221892017025 0
26.12935785576443 0.09732898940800716 0
23.26761181579328 0.1624235860472396 0
23.80255663233663 0.1226847821744297 0
27.81777437605465 0.08301083958834887 0
27.04516338250913 0.08538564567791695 0
24.61431477448553 0.08831030386514627 0
26.49500308367807 0.09360674072288511 0
22.87950447926062 0.1731790991831819 0
28.49734793379933 0.1569672909559507 0
23.97965569694813 0.09148359029940778 0
31.24162774391912 0.08868311935629158 0
23.45469348892336 0.1172597113054419 0
25.68433048972895 0.1308595100366485 0
61.32965205641338 0.128802942499707 0
62.23161938596277 0.1223150744515795 0
7.859360378088276 6.676138542724269 0
7.946434712419268 17.14255236192887 0
9.799899092280807 18.35711058262532 0
10.70558420034925 18.46467468872816 0
10.70148927067656 5.049222575528777 0
33.18591642743034 24.0274368400856 0
20.85082813636542 9.338710315097856 0
20.31949466315863 14.14037154589501 0
58.53914130221902 14.43488242452857 0
10.32469067496282 18.99306275167652 0
14.32646185147537 19.91159042880187 0
19.40512437253194 24.07329242648453 0
7.717151594406083 18.38988925010961 0
21.94395630747871 3.512591336188573 0
19.15310760223973 6.748491134852614 0
13.84278412339289 23.76249806684115 0
7.441041986783635 5.289127700667411 0
4.425829951606989 10.11172811833691 0
17.30148360947226 17.15032997048573 0
17.32970854578156 6.341517160133981 0
24.91973289584836 0.09864256400012117 0
27.14793335803379 0.09415724877174725 0
28.60428420184536 0.1008716775507654 0
25.81900601855256 0.110225974592348 0
24.29036045827825 0.09866960979121231 0
25.36693945184416 0.1191992851129875 0
28.11778341962297 0.1107871412180454 0
32.42304806965922 0.1279081581417945 0
31.75090315214867 0.09772266236919869 0
30.28749604757986 0.1163492164350437 0
29.57725432259964 0.09966557348807292 0
30.0165871807552 0.1062083535470322 0
59.37915589586121 0.1230960587258831 0
30.92508419346415 0.1085268393057284 0
22.56225814831981 1.717471955367243 0
12.91969621920539 18.91165898270174 0
12.89562335699075 4.595926090955736 0
56.62658470664748 26.02755439966922 0
52.72524650130387 26.01724017553549 0
48.83406956881679 26.01457741395799 0
44.94513887291838 26.01421251411389 0
41.04524858316869 26.01434589216087 0
37.12397965881699 26.01496023966283 0
31.23611340795178 26.01586441602455 0
27.32857202824116 26.01738554340388 0
23.42160131591796 26.02448934486757 0
17.55183228907882 26.06913085868 0
11.69414491673056 25.97033177389556 0
7.810108994994557 26.01247275890013 0
3.908307456665057 26.05541056271146 0
60.52290452340792 10.56532438994481 0
60.52234353665182 16.36881445801045 0
60.52529890333173 20.21764446935125 0
60.55128524072742 6.68439761204121 0
1.785548244859111 10.72172705020175 0
1.96058812171151 22.24628364003233 0
1.994613920253506 6.843450391662387 0
1.977780087580427 18.3243772763466 0
1.892021904310035 14.57616441892996 0
58.55745549352444 22.12276029303034 0
58.57004119464811 24.07672881755546 0
7.349832062520765 3.013131206199724 0
11.22443806253226 2.646537184108576 0
3.876019304547942 4.75649039987977 0
19.04684544886063 8.561182448833392 0
10.22206327963027 4.310808039385549 0
18.85471062185197 14.8681238914364 0
60.6664026594594 2.776880066657601 0
15.59780592332322 18.14590917824302 0
15.67971645204302 5.102364414993312 0
18.44087706574373 2.982293755227378 0
19.84093719788346 12.13128234961574 0
17.09724586375495 4.513043333187545 0
22.26534355752853 0.6056803381244631 0
11.28930702381311 19.7818817418197 0
9.090287128152283 18.69150007396524 0
9.275397095574867 5.25177482395876 0
61.35390759939605 0.5727598791856909 0
6.572953709853767 7.998436240924256 0
6.272645356268015 15.07260964814888 0
5.44254708888004 12.16355302557172 0
7.219506269889479 16.53751513457147 0
27.74102653880335 0.0995589116655502 0
26.04935700282672 0.1354687614313885 0
24.07560919622915 0.1651383358487521 0
24.68779818914429 0.1257725854141434 0
26.59988328412268 0.1560432516901589 0
26.941309114577 0.1481313011290375 0
28.82381784701366 0.1530137184832032 0
26.41843314103129 0.119687450587147 0
27.3884748492159 0.1113305267176692 0
25.11697617406686 0.1786633871438479 0
28.36568281287501 0.2036498089715852 0
23.89983887753142 0.1113935243840238 0
24.53110172004016 0.1253184925712443 0
26.76653242819796 0.09839531619826047 0
26.20415018542693 0.1406958353631111 0
23.68177958048829 0.1159198939918671 0
27.5414593226505 0.1073266745193528 0
27.89428644257064 0.157269458829365 0
25.60303106572478 0.09522486254985019 0
28.98912363659944 0.1026578554371778 0
31.1660655806649 0.1279178946472239 0
29.79368542821457 0.1639331633788519 0
30.51409137277004 0.1166978859065679 0
31.9474084990701 0.1079837734780309 0
29.19117719845383 0.1167217370908755 0
31.32544418402966 0.1237989027960484 0
29.34289607985884 0.1221916809948578 0
31.5242782822726 0.08273829710319447 0
30.72438819485676 0.1875050922647965 0
5.588430750657174 9.473416932649931 0
11.47880166727915 3.975361311431463 0
43.02318369641887 24.02453544444537 0
31.57724536396092 0.2792835438710988 0
29.5654656335196 0.2941303473634704 0
21.4402076157735 12.84965925075801 0
27.68958455780887 0.2391769167791402 0
25.33866097100423 24.05272671538843 0
58.55189677781524 8.611732262360499 0
26.41986849581598 0.3094862155308924 0
50.76991770042825 24.02954696018732 0
17.09037683854588 18.7819533842121 0
32.50722535314615 0.2742163867704548 0
7.857482376931941 20.27452936085574 0
25.62393714029342 0.3652414136168396 0
59.63994190317312 0.2993877129583087 0
5.795379017206699 16.23235700604565 0
58.80552659252012 2.665359379476081 0
24.87655339570026 0.2934427046829597 0
5.859434126694705 24.04775349241171 0
4.210741495797436 20.35922054970845 0
24.29413915457052 0.3045394612440298 0
6.03348284478804 7.454060522627144 0
30.99082222735043 0.3338090950642787 0
39.10802718592709 24.02491880948993 0
21.41290265077135 24.07051639890707 0
15.65700365795146 24.29219016309937 0
58.53799368121748 12.49965066169219 0
32.09692774002837 0.2192805321069891 0
4.561817213014582 13.27219742011803 0
24.21343365281654 2.116244498243592 0
19.48548438331461 4.230294062552877 0
6.975301785463362 6.38239870473182 0
30.45688774824074 0.2888981945294358 0
20.20369293629053 7.986240895464884 0
15.65953643526542 19.25282310768148 0
3.884366986026226 8.6192112207398 0
3.833644234972194 16.24129855096064 0
5.096375800148344 14.87077122423072 0
23.85522365212619 0.2881619284784058 0
35.16056439204973 24.02664042007662 0
29.252683476216 24.03221687866552 0
54.65352663882562 24.04392780088882 0
9.702785555557814 23.98394788932617 0
3.894006001800058 24.12524859323255 0
46.90024407053632 24.02505921496554 0
12.95880989052374 20.12472792980283 0
58.65888173545088 4.691232625538852 0
17.4441482718948 24.1997420494227 0
58.54097795555722 16.35450731420338 0
58.54896702557134 20.18531999789114 0
56.58870726438983 22.09705212206718 0
56.60797292160207 24.05761119150449 0
25.86902009521679 0.2761679549869935 0
31.21611897939905 24.02830127842964 0
11.61779611810752 23.91585578194717 0
29.96651644512612 0.3144841739160924 0
4.098771787046758 6.908554961995006 0
6.310931239213438 17.38905257085906 0
5.944367595887421 4.513090240707523 0
8.332513987483566 4.250136703459217 0
4.215542479836806 11.69148209847608 0
22.76029288175006 0.4496039605365638 0
31.89528122601222 0.281299579150339 0
18.3070979484777 5.435097818049192 0
21.31094808386026 10.88197066133132 0
59.79425521239079 1.759277935731566 0
25.2902295828522 0.3799601879283134 0
28.04043305252218 0.3699716305344634 0
28.63412723089115 0.2937627900712521 0
29.0135967356678 0.2551635223647626 0
15.20473693235079 3.870006597113719 0
32.24371957079466 0.2358395818709642 0
3.53289154371295 13.53643150267166 0
61.03201841749433 0.2208222688395978 0
5.195165765854096 8.248156709451408 0
26.77443608030666 0.2503251227925585 0
27.14318972753906 0.266067942822394 0
27.4470156902112 0.2691205692877112 0
33.17244888770982 22.03228751507939 0
31.57561041431693 0.5790320498644892 0
23.05800757960642 10.68985957805306 0
56.55117750814571 14.41054054084741 0
21.84836371977076 14.61271051861911 0
27.59407791829619 0.6096565218993018 0
23.69952233902667 4.126882652117935 0
56.81403556542551 2.407136882941334 0
19.27005237571878 21.84195557556765 0
59.40444670797564 0.3724702589563549 0
29.91749073032172 0.7918249961955492 0
54.62991064297376 22.07651126424485 0
60.4896512698482 0.7895100744645021 0
14.83570945467136 21.33404863403805 0
19.06531476243944 16.99664485216179 0
24.01816575850881 0.8192261435300932 0
24.88030191785112 0.845431299563181 0
11.44352579401471 21.90266944931528 0
60.79838475164958 0.208952728061556 0
17.98722616102507 20.08321754321612 0
59.83282785939793 0.1555186483416069 0
29.0402644549581 0.7021475255940217 0
26.82346176666528 0.7076168327350594 0
3.487187974815463 14.66146082609801 0
27.29466815879452 24.04009175875574 0
52.70837647769795 24.03521703102523 0
7.807427846498264 24.01728584302262 0
58.58739772792129 6.657152343522702 0
4.076073152160166 18.18411377811261 0
37.1361895186257 24.02554713073705 0
56.5746071717903 20.15692402554336 0
48.8344214349042 24.02633606141314 0
41.07088552793805 24.02454134402812 0
22.40886711425885 8.937667392278524 0
23.38087735519036 24.07031989095722 0
58.53971808643315 10.5571573163595 0
44.9647036423666 24.02453759819139 0
21.02196616204034 5.540792323686391 0
29.19782994048013 22.05656533894126 0
32.22358780071688 0.5265148028994524 0
5.780068788547577 21.83997780333805 0
3.856578194958328 22.26883288161997 0
58.54410372354089 18.26626694308487 0
24.61242068731361 0.3291374026613649 0
31.29316499893375 0.3113491955280381 0
23.5898311592728 0.2886572460317094 0
58.27113698146165 1.113150175047313 0
15.40107309991526 22.84299613748141 0
28.39953977310644 0.6537435956229789 0
23.23455750876251 0.6088707291714748 0
5.06836201972618 17.00650648253441 0
5.761170362627833 6.333130883772324 0
26.10647315906792 0.3599736372964024 0
29.26172029516158 0.3000602037226567 0
9.581001230825787 19.98503254411187 0
3.102018804051706 10.44538950931257 0
32.85101090336249 0.09161176262754545 0
5.855257438166799 19.06200216799881 0
30.20460204531594 0.3429126566678899 0
43.04008724884588 22.0306911861676 0
32.6346077497879 1.490232065785341 0
56.56583544451917 8.589476162811309 0
25.27160949194156 22.12395256113122 0
54.60883465505199 20.12720337181053 0
56.69420863258379 4.589486930873509 0
39.12294063024029 22.03057290747232 0
56.54816806329361 12.47814846833551 0
46.8997069513171 22.03311387317641 0
24.17438386750301 8.426773143721228 0
56.55683156650371 16.32708683853327 0
27.79920754080385 1.699816639958033 0
19.3258692396785 19.04442854073842 0
32.72742319691134 0.3659781164349845 0
25.48154525624847 4.531914103538101 0
32.73546498098917 0.1086208098961556 0
32.95919770862751 0.1344074804064022 0
25.9100677790507 1.004284729928724 0
19.65775628758718 15.63461951329862 0
56.41246150703942 0.8030087467397529 0
23.26641220054058 6.320598465015216 0
23.82111024852135 12.76666926222387 0
9.639083738238305 21.99854484335278 0
35.16038036463097 22.0320283137592 0
21.36382018802951 22.19837699719032 0
17.08476064840957 22.42082342222243 0
31.18156812119079 22.0361534430923 0
59.72486289866902 0.6175512710864552 0
7.837031811415144 22.05664014276304 0
50.74997869353602 22.04542373290764 0
52.68452919513268 22.05915516723643 0
27.23229931107594 22.09054040963864 0
56.5648079723521 18.23750236225134 0
31.00733357543787 1.0735003483341 0
60.28857231919834 0.1715314226053621 0
58.96831484426847 0.3525385243214849 0
6.569581574906568 20.37706728018583 0
13.21146824250318 21.73528550021415 0
29.37310266035836 1.931732932945987 0
16.41679065512851 20.79906622441239 0
21.65337225495104 7.347009972237707 0
18.18103739401666 18.00096111024256 0
33.15512460177461 20.02605758637096 0
54.5623993270093 14.35408905697476 0
29.06108295953338 20.09121302973167 0
23.59929377709068 14.76304978780914 0
54.87846456575119 2.258277499185331 0
21.57650714691498 16.42979158693378 0
33.090889372426 0.6448153936469119 0
24.87301639210616 10.28147914942569 0
60.47297573617372 0.1910534520986626 0
37.1447029431439 22.03119583296431 0
48.82278310136061 22.03711785584823 0
23.30196078160661 22.16514054796938 0
56.60987411881406 6.61547092008861 0
20.99264285220728 20.30450583944083 0
41.08918721956156 22.03038206660729 0
56.55023816106852 10.53756887445611 0
30.89681580159764 2.80455728412703 0
44.97471166121679 22.03136192580298 0
25.20830695056068 20.26577019627204 0
52.65630040109251 20.09504678633799 0
58.70868139699738 0.1317365930793581 0
56.65754653920439 0.07639110039668573 0
26.12106765058412 2.769673919984422 0
54.59041745420915 18.19584529135173 0
25.40322597658588 6.221340436465334 0
60.21246090783665 0.09895260224131341 0
59.20891107543103 1.010750818706418 0
20.36655556107853 17.81674499603515 0
43.03984516981589 20.03466591156796 0
32.62395698208037 3.3167183153592 0
54.57419500495282 8.546432054847486 0
54.71457937773839 4.501723375657527 0
26.91391590827967 6.378316235742855 0
39.13034200430271 20.03251397866038 0
54.55624571605676 12.42449529051551 0
52.62583120864913 18.14458453210344 0
46.87725940136617 20.04181052465748 0
33.65490106580906 0.58866561902183 0
28.72114000035462 3.337368391462665 0
25.46510235584775 11.99621457387627 0
23.70477310936349 16.50205220721469 0
54.41034571886813 0.8623008362245521 0
23.22606668641906 20.33468294975894 0
56.75855840647183 0.09976019658750168 0
35.16030662780933 20.03126063896477 0
31.11301088322366 20.02340792140916 0
27.12742474269888 20.23329979831109 0
54.57428385262156 16.27472437769392 0
60.0801732954451 0.3448477992733707 0
50.71750020843756 20.06801383075782 0
60.09874867679954 0.1017527913988037 0
21.71185686571672 18.60958250910505 0
56.57113800223585 0.1072409768357705 0
58.80276662235013 0.06686689815750846 0
58.53208761434796 0.1323616219383332 0
27.33542387810033 4.604796555160865 0
26.2341956562108 7.863991923266294 0
25.65145389365169 13.49482021711447 0
33.15047873929866 17.99960822995543 0
27.21595094600917 11.79355038488018 0
52.80936380419743 2.238501231597535 0
28.42711419708638 6.859368054824987 0
28.57536126277832 17.87859927261325 0
25.45756040905381 15.32880685384139 0
50.67563342611604 18.09986749061307 0
52.57712649601311 14.27022728067483 0
30.2689711840915 4.911467316115631 0
25.23516205006633 18.23745831179988 0
37.15012384299716 20.0321622008761 0
48.79220019684757 20.05099563950386 0
54.621476580513 6.56356578866282 0
34.20130232330555 1.615370395370906 0
41.09523419672508 20.03322458388148 0
54.55760154309285 10.49006179871613 0
44.96362944332241 20.03717676518578 0
26.76441484439237 9.921125485721975 0
56.42881988758277 0.122969526017453 0
58.40716404555896 0.06684389673959146 0
52.59807135040421 16.20473654602282 0
28.72800162007702 5.557115477332825 0
33.75162433373498 0.1987214345562016 0
22.555914996638 17.66277775504941 0
56.90229728253425 0.3553895063878088 0
56.60604512198972 0.2804961296517803 0
57.69226104439924 0.1141096270949866 0
43.01044665310702 18.03745754394696 0
32.59026128710889 5.357215422203339 0
52.5800713536068 8.470954226809631 0
39.12522649298226 18.02844201358903 0
52.69471088677028 4.448236191567176 0
52.56581360458546 12.33696977681639 0
28.92504366490094 9.440933487188481 0
34.02663744958615 0.4954157998076525 0
33.61751013528327 0.1085981213724061 0
53.0125180304787 0.6636945711074489 0
27.39924951845236 13.60767558901556 0
26.68791672961532 16.70423608013373 0
35.16351216072122 18.01806327318646 0
31.05985409302873 17.95239702313825 0
48.74324459511674 18.07056859277681 0
50.59963426600036 14.18657421833782 0
50.63366556471168 16.14038664544966 0
34.43173393593556 3.554078331413946 0
46.82736662889005 18.05356847478747 0
57.50949960314657 0.14198474541144 0
57.30918264505279 1.202987825638697 0
27.00115645089515 18.8405667955972 0
55.57943096956254 0.9824571844809782 0
58.42334877507789 0.3708597075743576 0
57.83268740055784 0.3999003864460811 0
23.15005665127688 18.7507497378162 0
27.89561492328594 8.056203773584489 0
57.1900605607682 0.1513480796210143 0
34.58611615843143 5.572934676329652 0
33.1663304485665 15.94920577019446 0
50.61666306685795 2.266775432618122 0
34.43371835269208 0.5894210099860864 0
50.57982469041691 12.2408550005102 0
35.92402030654916 1.389195708981555 0
29.12234852553205 15.65337766534445 0
57.04225470145713 0.1252848521832792 0
57.31043819648296 0.3882977539520986 0
29.13758121884248 11.71474471886322 0
30.34092498209348 7.649350969490638 0
37.15121122528327 18.02391651776542 0
41.07946909684583 18.03272534497285 0
52.62169348571769 6.497947852381639 0
48.63597732579372 14.12480256323707 0
46.76010053227013 16.06819228653593 0
44.92084113154359 18.04376352128009 0
48.68702134802989 16.09574831447723 0
52.56519149978879 10.40663928071819 0
55.5317616942782 0.1091637456622685 0
27.31801721564517 15.30813204945088 0
58.08130961484627 0.2590268203297512 0
54.40183647986032 0.1464857986794605 0
55.22272343551819 0.168220596155054 0
57.30177423463055 0.1296485709751263 0
48.60225537908122 12.1621782783833 0
39.09438409422498 16.01146743545156 0
50.58681716356512 8.36935484872625 0
50.65239737120916 4.418405565865161 0
29.24388050102253 13.70173107194339 0
55.01421264989435 0.1559487774715311 0
51.23846109907922 0.8756033313387288 0
32.68865107039245 7.55833254184836 0
46.69192849164696 14.08536016825035 0
35.1619797146509 15.98065240448154 0
36.29718993029849 3.635286412636599 0
42.94642049375352 16.03819274445145 0
31.13524282897728 15.86462995402783 0
30.97644147902819 9.749539926533734 0
44.85072647337409 16.05107262040741 0
54.13160035965814 0.2431459434914665 0
50.57511721110039 10.3042228577382 0
35.78446376192696 0.3600379013236878 0
55.67073867297015 0.1117012659528012 0
55.37383988393492 0.125998973675479 0
34.55380489822156 0.2139250679619131 0
54.57954808187931 0.3122365105925251 0
36.53610541322685 5.68787847063407 0
46.63873350158958 12.10743606776417 0
32.91616561785659 9.717245999749046 0
36.1206018388912 0.4775753593064884 0
48.55606806072638 2.433433564181623 0
33.15797942399434 13.88031656856425 0
37.9136343913767 1.479619097961383 0
35.00382567874642 0.5978562616973839 0
34.42587430200932 0.1094985775746089 0
49.76579350027929 0.9600068892765101 0
31.11696649855466 11.76172857334813 0
37.13607298154422 15.9960772114335 0
41.03002358865201 16.02555198038126 0
50.61858201729605 6.416779611121177 0
31.18014478260591 13.80916964570167 0
34.73418377030092 7.651995333032301 0
44.76757639835711 14.05880249690545 0
48.59717555181815 8.265173127113119 0
48.5892963447898 10.21004093554144 0
34.83093574897003 0.1059141290394479 0
54.81029226039827 0.1986121409335713 0
35.64660916694453 0.136835625485892 0
53.91766341311153 0.1552766906952741 0
34.73447119026368 0.2126401254235439 0
56.05314450941204 0.2239027917819296 0
39.02452116828405 13.97714207057033 0
36.71065467420028 7.744559696358965 0
44.69113760285168 12.06696894124681 0
48.65609809107557 4.395951857199064 0
33.08104909295711 11.80503216615558 0
47.8927161704848 1.142003835963328 0
35.44867654139853 0.162821348095358 0
34.89968444006004 9.747167426093091 0
53.72795768889291 0.1259787799222405 0
46.61035925035968 8.170078388654874 0
46.61029897940651 10.13615861987695 0
38.25300161453331 3.674160988669721 0
35.12834160383004 13.91597869859213 0
37.44614515437417 0.3816625924930381 0
49.22042784008813 0.09227472999645592 0
48.62765320902736 6.326320663194631 0
42.8547723503153 14.03523040301745 0
55.92760612420215 0.1078341186597847 0
36.45513722826511 0.1783270172561249 0
56.23931904307438 0.1669415222618351 0
35.45852961509771 0.5200127907673622 0
36.86059761653874 9.809089167236555 0
42.75855873691995 12.02791116954507 0
39.91694125352041 1.535346741868269 0
35.04018676295912 11.83585185587527 0
36.30050308600569 0.1531223775927586 0
44.62028295599942 8.077246093791967 0
36.58234963113404 0.4915698010582723 0
46.83767236979278 2.567449888354167 0
40.94408637179416 14.00832205707494 0
38.50149053575595 5.759022258428683 0
37.08422954703966 13.94449488426883 0
44.63962473486365 10.0752548334635 0
38.76878127420969 0.2895444159928537 0
46.73641465279386 4.302819281495378 0
46.65066212111914 6.216001135581802 0
53.61189253679424 0.1404405579273327 0
53.72173239957709 0.3502830970627393 0
49.14259717985568 0.1446016600887905 0
49.44770687673532 0.1213285970652223 0
36.62461649238793 0.1618106144253133 0
37.51739952615478 0.162564033385534 0
55.74049459368666 0.3316170989466318 0
49.31883479667614 0.1304038195529511 0
36.54608471164739 0.1177378628838142 0
40.28040411978972 3.688836216818906 0
45.13160008753997 2.032358316945395 0
44.65169237517091 6.060287427157647 0
37.40019960661604 0.08500150723255651 0
45.98175249292679 0.8937510914551012 0
38.92024613811 11.93054300181255 0
37.82674146652518 0.5040255454790703 0
38.66849117739843 7.825061563362037 0
42.62506716205517 7.984185160594629 0
42.6806222821054 10.01491575086838 0
36.98848894554812 11.87847280609944 0
40.16108929803703 0.4428938183540545 0
53.45261934074668 0.1098713386266894 0
48.99048380769505 0.140882415714449 0
55.45672037050902 0.2988244928653305 0
40.83875024265961 11.98217158745693 0
37.75124979230243 0.1222205952239079 0
37.07275720408116 0.5567202880941124 0
49.66560153887912 0.3131643971914819 0
49.28213674512749 0.3579553792181276 0
53.5410473927067 1.021179922651772 0
38.61683237600059 0.1092374560583131 0
39.02954167203291 0.07233445189100607 0
37.66667293835236 0.1769381141995385 0
49.48387689972708 0.08406303336562893 0
41.7720889112221 1.520566483818165 0
39.71272356521646 0.5141807070936917 0
38.9157077912593 0.1042374306358429 0
38.80036872821874 9.879639009440433 0
40.51317340126722 5.813811592465866 0
42.58810217068055 5.892947249791503 0
48.95443010381919 0.4983317857971432 0
44.64152996131432 0.6359768695662726 0
44.80473303055676 4.046379137347305 0
40.63656257961124 7.900826558497151 0
40.73605698526522 9.94902827760945 0
46.35535106155699 0.08464574713330109 0
38.42767772723682 0.5274368341750293 0
38.44230835376727 0.1593120250824942 0
37.11166844810449 0.2016761385237977 0
40.49903292148678 0.08323651957557665 0
55.11305495407642 0.4964466556553617 0
39.12692811700464 0.5391734787423701 0
50.5210662838716 0.4932910357148081 0
53.31302511539373 0.3015195815386473 0
39.08907099402124 0.1596301028680447 0
36.94385631925307 0.1751731300953256 0
46.46004799112723 0.1042037859546294 0
40.65807700440346 0.08851593757978016 0
42.57117957284694 3.478545194307525 0
43.38843934117851 1.731119786855821 0
38.30015338168667 0.09232861685668325 0
50.76595143423967 0.09124033534435405 0
41.2966444250459 0.3693367791208892 0
44.47318225389003 0.1668741535465212 0
40.40481360524669 0.08534384505538384 0
46.28629631535192 0.1281571628668239 0
39.55654483866503 0.08548396778314071 0
53.08004116259737 0.1873931916713882 0
47.72347108044683 0.2314749816009769 0
48.55896740727682 0.5827338276340637 0
50.66078049575496 0.1421102245407617 0
52.86202509384468 0.2525631176252254 0
50.83683989636624 0.2517160944049888 0
40.7951639793466 0.2818568472518113 0
50.50653825116157 0.1652833588313829 0
39.4349443232039 0.1540721102378324 0
47.45606740548605 0.3872171740319548 0
43.83905880902355 0.6291712055853793 0
52.26034667612171 0.8663436159896776 0
40.56216108940919 0.260019757596357 0
46.11949238223266 0.1691025554218015 0
40.30110078690601 0.1666176485591055 0
44.31362842245212 0.2380953016898815 0
41.50561200917861 0.1304911457371496 0
48.08166672171994 0.4026497712393784 0
46.63597280017337 0.2535454990653569 0
46.41164851690749 0.3398793450660857 0
43.79776913817351 0.1585007912740597 0
48.83299363610207 1.213556552283425 0
47.87122517262381 0.1243287035246876 0
43.54007164363504 0.2563774099825462 0
41.86400770351507 0.4889191593982503 0
41.3271276992525 0.1121568202491403 0
41.03367125712185 0.1684787425041829 0
44.09824495090739 0.1900360422044436 0
46.90321191808981 1.271390099032454 0
52.32491374320563 0.09091954144484049 0
42.47141251578896 0.6861362381549583 0
48.25690323101094 0.1476940916912355 0
50.68764514797176 0.2669895367661752 0
40.68430038317295 0.7439478073736581 0
45.92162606899727 0.3400390148387746 0
51.82008085245381 0.1250521182610278 0
51.93138889019875 0.3145558213608499 0
52.48622455482682 0.2311723031645272 0
46.88115524990014 0.1252204654974953 0
47.31607134440213 0.1274153821275892 0
46.76383704963318 0.1124309881231049 0
48.07930928270417 0.1205806174856949 0
47.1492859822332 0.1220304536044949 0
46.90743098888331 0.356473207111879 0
45.36049092939285 0.5160081156821779 0
51.65645543642389 0.1006120263054306 0
43.33203378831954 0.2757962857215563 0
42.51053713557799 0.09797102034502814 0
52.18598268791863 0.1720079135258228 0
45.6892912751252 0.2759451805352917 0
46.94982105056822 0.0882286888699042 0
43.00625873920744 0.2757324310376053 0
45.38515032104514 0.2143725673199519 0
52.01626204974442 0.1081466631215697 0
42.3863297842182 0.09409988476574327 0
51.47405553157456 0.2611097216815317 0
51.12159908711345 0.3496087392935809 0
42.23166537840521 0.1738047056614427 0
43.14774715173313 0.7146943550336893 0
42.74527771159062 0.2646842731471786 0
45.36000853104949 0.08561916355307631 0
45.23034212386345 0.1229428965187189 0
42.46798063520765 0.3006228614455537 0
45.10676013508305 0.2554889685551878 0
44.8573231719877 0.1738121287852099 0
61.44521886998538 0.1753213692008142 0
61.32730648885281 0.2936552680882105 0
61.52085510312209 0.3550835722634886 0
61.42706519702016 0.2802112002077521 0
24.01756815828235 1.359788927672778 0
24.69929294611203 1.47195951962409 0
24.41788175166518 0.9075514732722567 0
24.3745914303676 1.252267323935287 0
56.13205354990618 0.4995713143613543 0
56.31046365879948 0.3999973821358811 0
56.17404568133977 0.2323785878106772 0
56.21558095455146 0.3836146654594152 0
51.32701733564905 0.1333759364582896 0
51.42024945825275 0.1228192902430436 0
51.36082869057687 0.0860458930687944 0
56.35240153684946 0.09199130521970034 0
56.29161513870839 0.09983598461985999 0
56.35291104154012 0.1871735783269504 0
56.32588479641225 0.1141552442999441 0
13.68200305544841 3.867121375641704 0
12.89239198143353 4.06186357102224 0
13.38049577025062 4.5767650598573 0
13.31192001332799 4.145362139027506 0
44.54776935997696 0.330824851433853 0
44.3977818039199 0.2125488113782161 0
44.38721323014241 0.4022709358259817 0
44.45428831825465 0.3265081837366157 0
4.008927835140423 19.26057084259936 0
5.095280951228581 19.7454437849914 0
4.98090010882855 18.62393020914417 0
4.700554821554462 19.20938119817133 0
40.96388026776881 0.09348711659319164 0
41.04181597430847 0.06770473757584128 0
41.00072252652698 0.05504043114432733 0
59.75184516373334 0.0897500441192296 0
59.82252053949829 0.06204024284105536 0
59.78064685183261 0.05122315592581295 0
23.17663814859479 0.18909951315384 0
23.11095069810702 0.350528759430361 0
23.27723155719586 0.3229960494708042 0
23.19061081449765 0.2980281945609295 0
22.78569513751215 0.1906318292751177 0
22.70109703284518 0.3183751011391358 0
22.8491621089436 0.3170011133992112 0
22.77962371705299 0.2750669820521665 0
35.35119236295027 0.1870645013218262 0
35.29544046557641 0.3485634702193998 0
35.46365898336502 0.3135935263747314 0
35.37299859955166 0.2853136326571679 0
37.1192749073276 0.3326149993819314 0
37.03469488828323 0.1974661827890625 0
36.9691971546855 0.3413311450934202 0
37.04089158305115 0.2975368114802297 0
41.92344676354318 0.2988704888993787 0
42.10843706843337 0.3398230813368617 0
42.09860383498697 0.1713244034467003 0
42.04130114275566 0.2676251822977633 0
3.836511076985019 7.862508429325581 0
4.528494396086771 8.472141694432329 0
4.736161823795882 7.605658238806312 0
4.37366165598953 7.961705795625491 0
48.21884529557975 0.2799508401096062 0
48.16141497421756 0.1482667204391408 0
48.07916967090361 0.2652533057551629 0
48.14797062615286 0.2283544904593899 0
36.02764061461266 0.8281629251256462 0
36.44370454678358 0.9260276544998742 0
36.31579097555858 0.5447474771730398 0
36.24216336098917 0.7766782261287748 0
36.72466981500158 0.3161791599724832 0
36.68243153766833 0.1713298593829613 0
36.60884873178703 0.2693684952732269 0
36.66699788013445 0.2590768611824537 0
10.67015651222523 19.31251948927408 0
10.02624800389827 19.36747010606532 0
10.42726780442286 20.09925902323399 0
10.38273550972274 19.59019447809384 0
54.78089693666912 0.07844373427073315 0
54.85449483824679 0.08134530913189941 0
54.81823089276585 0.05799733046405109 0
40.90130217430298 1.779758552188703 0
41.11626036773967 1.097750910158208 0
40.42932878423251 1.104226472732098 0
40.80459619491923 1.309958280046061 0
54.00103334494185 0.1972126743390419 0
53.85802443304471 0.2383298654170396 0
53.93487888464715 0.3857741957153138 0
53.9295777230695 0.2653874773625535 0
39.81609879834388 0.8857421903060274 0
39.45465507061288 0.5808496655123996 0
39.32594803053276 0.9829809437874353 0
39.55011043766681 0.8339188300496687 0
43.7506204759586 0.06608999245490565 0
43.81755891478063 0.06450362109676 0
43.78125717831075 0.04689974620963966 0
54.96821472717365 0.07666566199494262 0
55.0353958220311 0.06605186873123081 0
55.00244402363759 0.04942053372443134 0
51.63865348594769 0.04273138873900884 0
51.69901735431655 0.05031252883882154 0
51.67163426466784 0.03199212165317711 0
62.43167118266751 0.1374318255857681 0
62.42904403775194 0.23785341675962 0
62.45363282715162 0.1874687658921417 0
40.08624849131948 0.2936178770848628 0
40.2579626051968 0.3256967703384159 0
40.17959089902094 0.173096410149455 0
40.1749198634182 0.2608269313782507 0
46.22643044647901 0.1500708330879306 0
46.2237481502039 0.2954012092007172 0
46.32579938835759 0.2035302917356567 0
46.26377275478373 0.2151398368137478 0
38.65608044575556 0.3835707333839249 0
38.79475747364685 0.6573459564993716 0
38.88947555711999 0.3881580917736933 0
38.77769360032602 0.4673112910082544 0
41.44989370981365 0.2484499967859968 0
41.40920657104859 0.1335274284502681 0
41.30782593726393 0.2231576934108777 0
41.38466895724795 0.2030114741438371 0
20.43084856496932 22.13154402833837 0
21.2760748680705 21.33670715929457 0
20.05453956340401 20.98055335382538 0
20.57007185750678 21.46945198192791 0
4.484705977384127 15.60803624582829 0
4.174718803585343 14.70769957913775 0
3.553310185175526 15.37237170351107 0
4.096944362259084 15.2375132827589 0
38.99272543792933 0.08324554048912702 0
38.99718569614481 0.1608273399054205 0
39.05087865547227 0.09382649578610547 0
39.01323146793914 0.1106473258645639 0
39.24456825939703 0.3352875029464766 0
39.17651330503737 0.1886262479383571 0
39.0842793933999 0.2979528854006741 0
39.16504806766324 0.2830190750356678 0
62.33041606986017 0.0663682513149908 0
62.39432301276568 0.06659027827917896 0
62.36359686876126 0.04828944029747007 0
17.45575525063703 2.837140924532196 0
16.77488742588183 3.746746649726996 0
17.77939944002222 3.815860981112868 0
17.33490595587408 3.468915545455369 0
36.09405589953278 0.2780384105285556 0
36.24347026836995 0.2979644304235887 0
36.19808824507776 0.160522029709842 0
36.17807021404384 0.2491894161858461 0
18.65842902965672 15.21965913573589 0
18.95163145231008 15.68369411871613 0
19.23289194783314 15.12469228390596 0
18.96633182836706 15.34977024245858 0
47.06554941408906 0.1312750941485632 0
46.96931975888769 0.2224713101319047 0
47.09066076519144 0.234011280237592 0
47.03461571620954 0.1984235708410882 0
60.78678829201864 0.08368237634497788 0
60.86082003901696 0.09168390677468352 0
60.82741346197073 0.06260919048461489 0
48.89060015865702 0.161926012088383 0
48.8258121523566 0.3051526629828096 0
48.98366437804953 0.2909178100424974 0
48.90167120658914 0.2554374389560472 0
56.4937628139913 1.577221746043184 0
57.20592581500534 1.706504089302983 0
56.91184177690024 1.081732236843379 0
56.86144455315935 1.461898931246445 0
46.57177938144814 0.2784941956350551 0
46.6279210917173 0.4528830886088908 0
46.70964822746798 0.2847107301891878 0
46.64209979982276 0.3280365011133526 0
47.86304492860646 0.3607074430737214 0
47.94717506057926 0.2387080597044928 0
47.81739764863134 0.1806321420441339 0
47.88209978083061 0.2579007993733704 0
12.00526633299398 2.721482474962803 0
11.29912332442987 3.315156866115542 0
12.11476737036734 3.621247246622316 0
11.83801794453255 3.232336455516219 0
32.38585875917814 0.3877758038536765 0
32.53663525627373 0.5170802841442423 0
32.58571384044244 0.3172558505836029 0
32.49828758236644 0.4003424210509401 0
28.79018186318969 0.480582192890644 0
28.56238512097599 0.460519644257241 0
28.68933131137359 0.8012119628133902 0
28.6838494273076 0.5698001039316729 0
41.76055608371561 0.8953187288191788 0
42.22464366077698 1.088073173323398 0
42.15287908371826 0.6472263816524997 0
42.0427223484953 0.8864337510013094 0
15.21038728095989 18.28922808365297 0
15.11150341780523 18.83876796931356 0
15.69929748595441 18.60085246664084 0
15.3484897411844 18.59223031759823 0
52.09553050292512 0.2737729825568209 0
52.0872735768457 0.141573103165074 0
51.98459864211145 0.1919485243652641 0
52.05173517077256 0.2012718769079633 0
29.57500108015442 8.523108616950086 0
30.05278743953152 9.700841977648064 0
30.79950690170205 8.795465052013203 0
30.12239409238189 8.984073558355623 0
60.00996525675746 0.7852170041776034 0
60.23428716887462 0.5336353674571477 0
59.93830011580555 0.4902535497234179 0
60.07386287080855 0.5973070899922241 0
56.03469859304568 0.08170071577734817 0
56.10526044741918 0.09062802794687386 0
56.07167357390984 0.06357979883016185 0
23.58517615044035 15.56306215955197 0
24.67258247716925 16.0092471144379 0
24.45577483451201 14.93741274616629 0
24.24668642679674 15.51540880372826 0
28.63991304313845 1.854314551182622 0
28.19723911979053 2.656338858557456 0
29.13365407974844 2.728140279651976 0
28.64992529639296 2.382924047426766 0
35.84840118265613 0.2385413798735652 0
35.75135137578884 0.1336457735136491 0
35.69884732903834 0.2532174483779581 0
35.7674419261276 0.2053251814672805 0
60.07864975468031 0.04462882303006488 0
60.13843220633765 0.05372973452793239 0
60.11266649666751 0.03368563442577432 0
40.24381967704046 0.0712251355930924 0
40.31240049457788 0.08111133335086862 0
40.27791721831923 0.05250094745668044 0
42.20139797918398 0.0711094975591493 0
42.27448689314622 0.07325424830895244 0
42.24168995563408 0.05163429412793263 0
5.045303051269062 21.04649213532129 0
3.920889081888735 21.39717939721489 0
4.739186327546868 22.17788730788503 0
4.586123840177422 21.52497878312379 0
42.01075853672543 2.465481836981459 0
43.14102129439567 2.565810684740368 0
42.62419186805518 1.727240286977624 0
42.58791794969206 2.254744150270321 0
14.8309886906238 24.18615829300664 0
15.59629614721745 23.55022925105483 0
14.67081202747471 23.14657646222036 0
15.00769773086438 23.62861170929338 0
56.40250809304441 0.04870361560992542 0
56.46393269456827 0.05263787668031306 0
56.43464598504576 0.03662786799698381 0
22.17446957599213 5.781607598769265 0
21.30988352827321 6.582919672912827 0
22.39757673606322 6.973507112850264 0
21.96521086430851 6.430021951405641 0
46.07745157972182 0.06669324689577749 0
46.14917866589946 0.06921890004394449 0
46.11235235864505 0.04943963814361219 0
30.21791634039983 0.1309178536561024 0
30.1644491647881 0.2181131294948226 0
30.26671274601774 0.2177755973966029 0
30.21654924629345 0.1923075386140027 0
48.94920897859281 0.06142183767787124 0
49.0184772932033 0.06069206198208654 0
48.98431462106898 0.04292593039730441 0
38.26612106385018 0.04584450995614731 0
38.32813854244004 0.04683051861923815 0
38.29674891578209 0.03103476630573354 0
53.43298677292306 0.0458424418801382 0
53.49906542127445 0.04977646666592328 0
53.46829168008745 0.03359412017533181 0
51.99922291612565 0.04646290956030974 0
52.06137151253255 0.05161824001458015 0
52.0318030012823 0.03432184915657288 0
24.6879242091732 12.22863308566841 0
24.82193146323943 13.28600125992693 0
25.63304246473791 12.74518563724258 0
25.02532081796502 12.75464473054268 0
58.3804928271105 0.03270414743223071 0
58.43231659655735 0.03634273861162995 0
58.40967919154863 0.02282191560430036 0
44.08452077788415 0.0752973317974579 0
44.1558874830625 0.08536112762578796 0
44.12351122329 0.05716038821259772 0
15.63038465971565 2.6493484037128 0
14.98820134263233 3.299228637304806 0
15.77785223183397 3.522754023343829 0
15.48325812750025 3.153994324020786 0
37.85238192110988 0.8962150969228819 0
38.34490336509108 0.9694119292606267 0
38.09194362473139 0.5723249322202033 0
38.08124998540162 0.8216021664023092 0
43.75021362105016 1.167961548047755 0
43.47459319159913 0.7410059055871141 0
43.17537850000904 1.146782315889203 0
43.46542628270902 1.022322469088458 0
35.28693357905768 1.021685953396196 0
35.61764655094584 0.8268188331540927 0
35.2732022501386 0.6035640786728926 0
35.41395878438415 0.8290328543453072 0
1.797804004380819 9.94152048506346 0
2.501679522407066 10.64195965204961 0
2.748443624401418 9.8247725229935 0
2.344049179905191 10.11301359456236 0
59.72939971659842 2.930990127695237 0
60.16677340682437 2.162466356669169 0
59.38097453374502 2.115057846212638 0
59.75911125359693 2.40892081795306 0
20.82529318070755 13.51838572170846 0
21.08511172875413 14.45958142816773 0
21.80208504507188 13.81251940849838 0
21.22758006174442 13.90985750784384 0
49.75389978423864 0.5617838383224942 0
49.49385098562513 0.3735260003739835 0
49.44996707686326 0.6649316492636927 0
49.56767194566654 0.5369914740125825 0
25.69139851074875 3.7135964530992 0
26.31139549548483 4.628018813043161 0
26.80903833285277 3.62933558914459 0
26.28551365743903 3.984602145706477 0
22.07835951435626 18.07712867945464 0
22.40047726321363 18.7858575091403 0
22.94094049256761 18.14804265290613 0
22.47123723240481 18.33989430210561 0
8.371186219500693 2.847248981894976 0
7.86379837539862 3.75398041680282 0
8.809518810403262 3.736184357771236 0
8.351419203843861 3.43536634145817 0
22.64034283238448 16.35295055136696 0
22.10201374669825 17.17549670046936 0
23.10349609059598 17.2270955787184 0
22.61394599339632 16.90114017130524 0
26.18401402708231 6.237826046870991 0
25.62549037605419 7.00323439839604 0
26.6770916126618 7.055601926607791 0
26.1664007071177 6.788791169116516 0
26.03323476661987 16.1484002228164 0
27.10962575132679 16.04122914611265 0
26.4850667805415 15.22997829762507 0
26.52914033605001 15.79930942408597 0
40.61545093876662 0.05847058741256284 0
40.67302103865672 0.04096083450310672 0
40.63968558334531 0.03194269078527334 0
19.34002988039005 13.6799115466905 0
19.65253840791053 14.176874988883 0
19.92240529812778 13.56683970398703 0
19.65347088184921 13.81510886865591 0
41.30741389853142 0.04661178387567233 0
41.37149733349284 0.05213278340367999 0
41.34251532588891 0.03454505543400188 0
30.89733683817944 0.04733847889484188 0
30.95756681463318 0.04898362032537307 0
30.92846068656296 0.03383193467209367 0
36.2750952582395 0.06471570828402662 0
36.34412373610508 0.06804180605977095 0
36.3130749053824 0.0466753296065221 0
32.95089088237973 0.05379631838791887 0
33.01847744198619 0.0618531830276261 0
32.98711156877215 0.04085792708757197 0
47.80849026560306 0.06118805789301796 0
47.86795871447541 0.05067906066641115 0
47.8318665304424 0.03874569244792525 0
6.383633806476375 2.7788518618959 0
5.633634946278466 3.56427059136289 0
6.692311267572677 3.788611397021388 0
6.25137325007352 3.393671171030146 0
32.69972856110446 0.04868050753506914 0
32.76355866333132 0.04877157162836809 0
32.73043431119603 0.03388792273479879 0
48.05006980410346 0.04851054051477455 0
48.11531173932777 0.05337202733554847 0
48.08293292710285 0.035989243140925 0
47.13903883807373 0.0522046359190842 0
47.20549928596012 0.05307265990378696 0
47.17638189019289 0.03704587044435925 0
33.59048221803761 0.05371909102040462 0
33.65165140239829 0.05535253219027325 0
33.62252661486087 0.03643613201925433 0
46.43360132223422 0.04486955840823725 0
46.49109310409806 0.05135239445598394 0
46.46469657847339 0.03334848275256697 0
37.36944282165447 0.04251320829568428 0
37.4275985327379 0.04378325723680376 0
37.39819020452717 0.02877014654437815 0
29.99484969296222 0.04418783429193951 0
30.05705825959662 0.04839711727258411 0
30.02783374546269 0.03255153115152787 0
39.36478937310572 0.07076601591141873 0
39.42844489054342 0.06170722506389659 0
39.3906634479189 0.04691755874884684 0
29.54869125201022 0.04646175522691109 0
29.60304741517731 0.04865219766391071 0
29.57925659729195 0.03254067434697916 0
30.26481987219066 0.05117543634631438 0
30.3269036269819 0.05085590309144195 0
30.29782206414983 0.03571688198091039 0
60.44043506194238 0.08105326578847638 0
60.51119895151524 0.07756645122206329 0
60.47700881345452 0.05684386679358866 0
31.70833738574549 0.04557658726663938 0
31.76265469806173 0.04744524796743121 0
31.73830721432643 0.0319420754465316 0
50.76053010515975 0.4015119407262411 0
50.73814172876016 0.2611564500582233 0
50.6400313251861 0.3236028466376268 0
50.70285016518327 0.3293960713810495 0
28.10886437250849 0.04599727789765851 0
28.16780133597729 0.05092814129660184 0
28.14210724513849 0.03398203925753762 0
57.02403612251749 0.05395059027695304 0
57.08910194608512 0.05567270526160861 0
57.05946029705603 0.03836460505822181 0
34.39935765496872 0.05363884858787848 0
34.45962312764717 0.05648954305422649 0
34.43094843497424 0.03677904355356532 0
25.34457542389412 0.04894403014831283 0
25.408515862851 0.05260571850995355 0
25.37784891738455 0.03591482706484328 0
36.91092341286208 0.0754949644627203 0
36.98027702964026 0.07642695866204896 0
36.9464850363921 0.05337957106615221 0
32.40972661575356 0.05096122803337266 0
32.47735771042342 0.05499226262287848 0
32.44767238312519 0.03801552438203259 0
25.79221570286236 0.04933523164593545 0
25.85408546451836 0.04850215966520821 0
25.82497905776723 0.03410843979973421 0
24.27106486164794 0.0431011272779056 0
24.32624131153728 0.05151604203148707 0
24.30282945598043 0.0322491871030639 0
28.5680476144833 0.04802720344370215 0
28.62797928505063 0.04303905946867914 0
28.59796324253706 0.03182043243686117 0
27.12944009588456 0.04184877241530849 0
27.18440035497603 0.051207303444464 0
27.16118734205913 0.03151907749666449 0
24.89734712498748 0.04548079790755466 0
24.95332356794197 0.04728874905232594 0
24.92906973462225 0.03182017549595884 0
59.35397599516547 0.05289451656760846 0
59.42099002594696 0.0559632760915374 0
59.39269943823393 0.03805494078254412 0
45.18548605361796 0.05006351122403707 0
45.24930831312219 0.05370559026664345 0
45.21616250925516 0.03703222057612621 0
16.1568164668548 5.475515932620256 0
16.83092279882851 5.25904304544537 0
16.3181382460037 4.72888113550286 0
16.43578322544382 5.145292286195698 0
46.71629848083195 0.04957868349946182 0
46.7792412237002 0.04898861795959419 0
46.74520878279941 0.0345196667907306 0
35.3972857645149 0.07116566056542339 0
35.46918359036815 0.06843414095342837 0
35.42997092212362 0.04929583701256668 0
56.75185499853846 0.04209210084585813 0
56.81208170495054 0.05153557318747026 0
56.78627965122049 0.03215805618770062 0
38.88404808410647 0.04204346890570498 0
38.94264321715075 0.05368479061774245 0
38.91863340529844 0.03298906136710045 0
5.432222571220557 11.76129575379158 0
4.946441384709402 11.42826155926286 0
4.940250358957648 12.04509379187371 0
5.078103703296279 11.74586605090589 0
55.33252188879483 0.05865164696382585 0
55.39884224632456 0.05273638572770523 0
55.36401656204682 0.03895769360334711 0
48.74619768070747 0.5679465073615102 0
48.63462511292956 0.8671808206327771 0
48.94533565197175 0.9078628007785579 0
48.80511931994128 0.8228989398189981 0
19.46410525821398 2.685171933535186 0
18.95820709609954 3.705671332974449 0
19.98500239833712 3.529107586303727 0
19.46010213605008 3.289474733178235 0
56.76381391867761 0.5865390188390389 0
56.73346920916255 0.3365426617202818 0
56.53321031291833 0.4648362850573324 0
56.66261917141779 0.4709694495790337 0
51.44349078259664 0.5603164022916332 0
51.27248664578467 0.335831409779642 0
51.14719232293425 0.5581922254745315 0
51.28428735414554 0.4892270054778223 0
45.37592404299949 0.1391985306536192 0
45.31007178917078 0.103931825968127 0
45.30665704356808 0.1950080382745654 0
45.32910210624705 0.144923040154044 0
57.20774354115686 0.2460347743166871 0
57.31357702299883 0.2126395008532125 0
57.24860792577307 0.1421351166289373 0
57.25974843007769 0.2081265539977508 0
5.029677353766964 10.40014148813641 0
5.556770060604311 10.04849599555221 0
4.991197787440171 9.693856429572062 0
5.184986890324033 10.04492688077942 0
46.83306946936919 0.1265876339096081 0
46.8013670749926 0.2093697081440418 0
46.89485041075847 0.2278723986740712 0
46.84603510844738 0.1914771723249373 0
48.09192773164553 1.76161719785175 0
48.80443603530428 1.843079544163334 0
48.3826920506328 1.242909815500548 0
48.4287850770001 1.61347634937392 0
6.062639642142386 16.71941031236732 0
5.399521660665478 16.56195894499101 0
5.591041552377771 17.27695572834162 0
5.700491240475557 16.8607063676052 0
55.45400895980906 0.1231890901754493 0
55.39790636512945 0.2231790419159871 0
55.5099481675225 0.2025061717209446 0
55.45447538533833 0.1814104374998671 0
4.334293845834434 10.84522383057262 0
3.68845760841922 10.23703404507501 0
3.481778706675168 11.03275900595556 0
3.862773323699997 10.72522292601564 0
8.152007349641369 6.856292039755004 0
7.763843690047572 7.058878492925587 0
8.012469163915263 7.084488198297342 0
6.959286781153502 17.86482131491897 0
6.054216603661324 18.16000173666294 0
6.799372217020082 18.82941122483432 0
6.61711608784751 18.2848297397878 0
54.60565521589 0.1943538208052722 0
54.69641899662831 0.3016015022878378 0
54.70621247918868 0.1522091887253421 0
54.67099025887006 0.2121768857940669 0
6.319481780584329 13.83008807062061 0
6.357558815948796 14.30762594901462 0
6.486952148848225 14.10867226217087 0
3.778596102229471 17.21361001781052 0
4.705258507813198 17.5239597348192 0
4.5611810357269 16.65807223606338 0
4.338077283976112 17.13727985793548 0
18.17324835595489 7.418722418720242 0
18.80296745610926 7.387800280727649 0
18.40291323800095 6.863802727936857 0
18.475127405226 7.211306013409398 0
40.67622460458013 0.2558704745761542 0
40.58016759105352 0.5028985341296881 0
40.78740604613208 0.4406968659595236 0
40.67962862704381 0.4108454544362719 0
6.738332618515042 7.679039039580691 0
6.429713412109372 7.315941138374275 0
6.272850200899715 7.78304653362281 0
6.477678659268634 7.593126550276454 0
48.22691394030363 0.06125819559002998 0
48.30086961656173 0.06539721028771339 0
48.26354040613905 0.04473229970708914 0
36.73532129600007 0.06836979675052213 0
36.80196037010161 0.07102624994099038 0
36.76860115886709 0.04897810511607759 0
43.92011434043481 0.05346382017879492 0
43.98116592868219 0.0551628916266047 0
43.95162914437533 0.0364246573412661 0
22.53622404141931 0.0464319405291338 0
22.59545743529125 0.06209328045011553 0
22.57589215349904 0.03872510275109065 0
23.03205319945383 0.07626133483831765 0
23.1028742008928 0.07457527284248577 0
23.06508979520253 0.05330578290407573 0
23.39832645661161 0.05563447222865392 0
23.4645493646362 0.04666027690479524 0
23.42756337846845 0.03611096532974045 0
34.78149857227071 0.054578040540747 0
34.84204261884079 0.05126828473019529 0
34.80533697032394 0.03535124335696693 0
23.56167435053833 0.03366773626255259 0
23.61488871850565 0.03552327412457856 0
23.59121481297832 0.022768439790811 0
45.34829522115945 0.04136612375478954 0
45.40174439888725 0.05853791193365332 0
45.38042833491638 0.031574538076514 0
22.84630988905543 0.07581849139903518 0
22.91752951332172 0.07784837350194707 0
22.88138631891194 0.05355936479428891 0
36.08742762955256 0.05753095747609471 0
36.16023671376554 0.06047618660823773 0
36.12896217104853 0.0417665363433759 0
53.80196344931271 0.03779373436385747 0
53.85736033754385 0.0399462205122223 0
53.83074731835331 0.02582212401217454 0
42.48140989079943 0.04288383454207612 0
42.53831225535825 0.05017345024323561 0
42.51313291486588 0.03168290070981961 0
23.21666319670931 0.07098143208577135 0
23.28699487437702 0.06984781556217001 0
23.24772001857956 0.04945436399587244 0
61.09680011375956 0.05369950581258109 0
61.15786282262797 0.048511737479906 0
61.12088958123495 0.03407006662457412 0
40.49381704442175 0.03859189199925339 0
40.54464038286179 0.05679562072737809 0
40.52659231096052 0.03046756272566853 0
41.1462439392787 0.04379783808679427 0
41.20672329440893 0.03993399427703892 0
41.17437364873314 0.02801439751006285 0
49.59416757473026 0.03159184505061852 0
49.65147531608018 0.03208323286971115 0
49.62184603308485 0.02171582978813547 0
58.75879992002768 0.03505292280657812 0
58.81412595834169 0.03534111780630056 0
58.78225885961521 0.02315312580140194 0
55.50439981199098 0.04794112232079506 0
55.56905906452874 0.04744260528085498 0
55.53769709352726 0.03345926208731242 0
35.20290607009842 0.07535484792202674 0
35.27753985382279 0.07436705226734475 0
35.24056614713825 0.05291283054119766 0
57.38802399528066 0.03763034021456235 0
57.44460128003497 0.0386706759537887 0
57.41928330456468 0.02540840618564211 0
35.58431986480936 0.06219824045065714 0
35.65700565991122 0.05671387576907172 0
35.61467532554499 0.0418949556968613 0
39.50786535360893 0.04438809934642407 0
39.56665219310124 0.0431610231843198 0
39.54558548007969 0.02900713346885553 0
38.72018532417113 0.03185589485095441 0
38.77199351333692 0.03305232304581551 0
38.7463028483057 0.02130067898040977 0
32.06372792761866 0.04319118097206598 0
32.12130935684682 0.04944645621288579 0
32.09571432059379 0.03120657784151248 0
47.31180166299104 0.05771881339889973 0
47.37491462679093 0.08406882270953098 0
47.35059223826702 0.04555929108124879 0
33.4088849885288 0.07529366130973791 0
33.48350615565731 0.06864630837829644 0
33.44678266615806 0.05131870111316772 0
55.79429882168272 0.07335371335159024 0
55.84971343618292 0.0487737349993278 0
55.81796866920595 0.03884768275000638 0
32.23652013157454 0.04043824100833149 0
32.29319495762066 0.0454940353552864 0
32.27043462360491 0.0293368598190753 0
37.83217172948756 0.06333349403092825 0
37.90469985900852 0.06668800081037496 0
37.86118661875643 0.04627925267804223 0
60.6185349546259 0.06251388896642496 0
60.68112514790678 0.06341829596900617 0
60.65271898540795 0.04219962937686716 0
38.55205936787148 0.05220683532481907 0
38.61882336940504 0.04412135893239544 0
38.57985571896474 0.03384451293391066 0
52.28444640050044 0.04481302103852158 0
52.35149832145596 0.05527147533186394 0
52.31334170343804 0.03209100106809615 0
62.06205097299625 0.07659661215066826 0
62.13219255434736 0.06719814827272863 0
62.09777144373706 0.05054357274492105 0
51.49033820579918 0.04811785505279609 0
51.54389774017116 0.03904268449475445 0
51.5107585559065 0.02876721596274479 0
40.04035326559625 0.06399423963510387 0
40.11908363878577 0.06642546159739382 0
40.08372463910297 0.04613859662188879 0
53.67345776205988 0.1352555990902129 0
53.63238826383936 0.2259296815833789 0
53.74067338691846 0.210829995677809 0
53.68470145685938 0.1959021634746883 0
37.20753551236199 0.06585108219713653 0
37.27256572363433 0.05627998662288114 0
37.23389536109108 0.04304441041045237 0
55.66771328868236 0.05090442922841021 0
55.72116059746731 0.07472829024346694 0
55.70290725344995 0.0402568308730995 0
34.22001851307101 0.07140955070709154 0
34.29414858631134 0.06619477169141597 0
34.25708411898166 0.0490130684884349 0
45.0325075759051 0.07107627501534353 0
45.08450801324453 0.04602125648292521 0
45.04906516664347 0.03648378745367609 0
44.39878286493628 0.07540884294627048 0
44.46671425496951 0.06643298015726629 0
44.42394108310733 0.05013804344375394 0
43.58784646702172 0.0662653804059623 0
43.64662028694237 0.05983978538555235 0
43.61135377091523 0.04539247983560912 0
59.92023233134155 0.04004831530266628 0
59.97967045302946 0.03840690152577686 0
59.94676821862125 0.02605539512499355 0
41.48506276428554 0.05509903037070529 0
41.55724132137721 0.05684721287663663 0
41.52300701991531 0.03967805237937938 0
50.74586005221636 0.04459661684058069 0
50.80031227567154 0.05101390749680945 0
50.77524316635623 0.03149421662761576 0
54.93234723676008 0.1923850484297205 0
54.89782153823057 0.3737219741718754 0
55.04458249956002 0.2880077112821429 0
54.96605742286797 0.2856324494660178 0
27.2076146999439 0.1115599109065073 0
27.13470948178578 0.1656522510005356 0
27.21999267990062 0.1905732507225775 0
27.1866509184284 0.15811839108218 0
24.35171515337999 0.1175445043572818 0
24.27956153873332 0.1806895988278878 0
24.3769724700628 0.2035315210940425 0
24.33401452620058 0.170857375459871 0
28.17268717877468 0.1427856220933617 0
28.08071221537467 0.2108003361576181 0
28.16832706973465 0.2714739123982763 0
28.13684359161465 0.2107077321427955 0
30.98954247996578 0.1276249958768467 0
30.93321225821581 0.2071923598816188 0
31.03579939996283 0.2186455818343767 0
30.98547010694854 0.1876555247553675 0
11.66837436845687 4.817166772937988 0
11.87158219854991 4.364768648978785 0
11.34386660518797 4.498600003697922 0
11.62325978136102 4.547039400085438 0
11.61245257204835 18.69291441447956 0
11.24985191819541 19.0376562002705 0
11.79144004496884 19.22601966698486 0
11.53938665541654 19.01158451608719 0
9.563888886185723 18.11447850701336 0
9.120972081544544 18.27164240618556 0
9.491077189242038 18.58112740046733 0
9.390734997785501 18.322277059562 0
25.88306182039267 0.1221814305108104 0
25.82845949457838 0.1975380369007755 0
25.91510129232634 0.202673538163106 0
25.87486544105595 0.173832958529518 0
28.54774702428314 0.129546114042876 0
28.54215066397781 0.2372030335989379 0
28.62481665589158 0.1824104241375153 0
28.57272451171752 0.1833641186364474 0
29.51556464440278 0.118021376768775 0
29.4842527527996 0.2002715383264686 0
29.57629232402815 0.1824697418565187 0
29.52778785045335 0.1699020848869726 0
24.85627185293099 0.1161866257657138 0
24.81511653550906 0.196525438092845 0
24.90591021345502 0.181357659739275 0
24.86098763504843 0.1678097988540053 0
29.03283914566575 0.1080856902942653 0
28.98847839929063 0.1603377213103361 0
29.06408689920195 0.1774130709147776 0
29.02750670809147 0.15172708479367 0
30.46480166751013 0.1213136903157093 0
30.41931313209643 0.2034281933416509 0
30.50810119549152 0.1850560290226273 0
30.46265091398716 0.1724582736785649 0
27.69688374419618 0.1030294476022 0
27.65395205444364 0.1659689871919081 0
27.72943105811076 0.1593781484664571 0
27.69396052957982 0.1448887057220904 0
26.37193396993819 0.1285796180413552 0
26.34077840057316 0.2174206325582215 0
26.42588287304304 0.1891651615105108 0
26.38156826441368 0.1823103153827947 0
23.85307036179899 0.116360515794721 0
23.80689963359988 0.1924513584538712 0
23.89225268294976 0.1771666626119703 0
23.8514194884994 0.1661165584865962 0
5.935680845911399 9.022217222099378 0
5.770731590136293 8.477078357598309 0
5.303020794377414 8.917568158149754 0
5.6627108729664 8.805699190827248 0
8.276993358239579 17.35354430743374 0
7.776365370411707 17.59179934752477 0
8.295091376462384 17.91411854791014 0
8.10810103246834 17.64729741620367 0
29.45698868021931 0.8283459039149434 0
29.13511042275234 1.244972590027047 0
29.77160553540078 1.387119723490271 0
29.45116937801462 1.149329845155792 0
11.36495699355517 5.183305244578301 0
11.02559655591488 4.912466771298117 0
10.93516514522458 5.304595729096823 0
11.11638279732585 5.147587948758876 0
27.28794668702263 0.7221573562521062 0
27.14331993470414 1.241109235759097 0
27.66529377279518 0.9891967008224025 0
27.37918857885594 0.9921768924009591 0
53.02487082900676 0.1335253691317497 0
52.92792571910879 0.1465026861704235 0
52.98465302093297 0.2429409115463237 0
52.97715986703765 0.1754584694635515 0
56.8835519277718 0.2208859866012904 0
57.00391038378773 0.2340092085993284 0
56.96219641642083 0.1351195495161281 0
56.94895735271158 0.1996012088956398 0
61.3600421881749 1.030729427863289 0
60.97736690697134 0.7239868746616107 0
60.8710747890654 1.258835934269364 0
61.06176680288847 0.9851365931376677 0
32.52044590617753 0.1255461776497242 0
32.45384624444665 0.2195727984854319 0
32.56426296618594 0.1968951483943044 0
32.51275767009398 0.1784189407177568 0
45.14254152694352 0.1121748209546141 0
45.08459094451163 0.1643279978609495 0
45.1830319611071 0.2100094000458501 0
45.13772671939529 0.1613213062562977 0
51.58279448126391 0.09726798909942858 0
51.51395314232306 0.1405418797232372 0
51.59943036045224 0.1836209870819872 0
51.56217878591711 0.1436577003418904 0
59.53030353739426 0.3373510330447047 0
59.49963793193463 0.5073135890233367 0
59.68305742113051 0.4439959655170114 0
59.57660768257732 0.4305150861665172 0
47.60938010271288 0.1692808910225843 0
47.5008886540534 0.2149081970461424 0
47.60736084799845 0.3199675964067854 0
47.57233930177259 0.2379094877342141 0
53.3698339544388 0.1085142910558918 0
53.29489683600343 0.1715033824000667 0
53.40343509910906 0.2087332767148471 0
53.35619925728663 0.164439356305893 0
46.00972259978278 0.1428865657033143 0
45.92170899967205 0.2113688638517175 0
46.02353060657921 0.2659650688138644 0
45.98765975896502 0.2070222561531896 0
32.33272914401402 0.110450978443227 0
32.24975886450011 0.1631377969833068 0
32.32888005291411 0.2046937558106574 0
32.30659940950795 0.1569810730326573 0
27.57644988069455 0.2710181632309308 0
27.47955742413042 0.4244779871483253 0
27.67040962045224 0.3866301340606153 0
27.57758999088059 0.3643068475075619 0
56.51497452390201 0.118720310972531 0
56.49496859649759 0.2300699166356566 0
56.5863838269707 0.1681818218907694 0
56.53236525666161 0.1715552986290909 0
57.87489176407199 0.2423566699514659 0
58.0047223451491 0.3626893186364875 0
57.99522272997812 0.1897175893040615 0
57.95363803132392 0.2629412893107173 0
29.93389623873504 0.4633412574909421 0
30.14115658568498 0.5525362455418659 0
30.06920261053738 0.3439914127991202 0
30.04182579290221 0.4637311302804115 0
31.60638186284285 0.4221456958419552 0
31.43948925156981 0.3065211864049271 0
31.39542812778617 0.4669578823892433 0
31.47918143851469 0.3961216602619899 0
24.89880382673675 0.4877698295140664 0
24.75404090838109 0.3362153276984223 0
24.66371719636208 0.5455040076160493 0
24.77825018614399 0.4683777049712994 0
29.00764090134165 0.4198051753540586 0
29.20509273438535 0.4820822266380009 0
29.12691017550162 0.2994782388603454 0
29.11012387701394 0.4076414708384632 0
42.6676389660123 0.4619597443880235 0
42.59258337263285 0.2989779076143328 0
42.45063546040015 0.4514376576681816 0
42.56844339291294 0.40915130433104 0
52.39913383720814 0.1530361872148394 0
52.27509895233349 0.1240084045461689 0
52.29986301730118 0.2470917696884101 0
52.32710845837347 0.170627208722788 0
34.01576782548625 0.06064732415846841 0
34.08618880675004 0.06559900840313482 0
34.05489180778845 0.04411557306850611 0
35.89980705421453 0.04076588346111265 0
35.9647095605518 0.04751764285304994 0
35.93800733018082 0.03085435672696946 0
39.83913782437276 0.04600032353586947 0
39.90816688472655 0.05274504311615402 0
39.88229602011749 0.0341515200826823 0
41.79945363554212 0.04771003217676117 0
41.84756472623071 0.08994648339255384 0
41.84264420105757 0.04281894819223453 0
45.48189555871873 0.06924774853449911 0
45.53675090132822 0.04291985221662031 0
45.50221276732569 0.03751978870438322 0
52.42327948332593 0.04236963705666241 0
52.46115324473951 0.02136977857770006 0
52.42809697632218 0.01993398516552425 0
21.96977265179032 0.2860875713308833 0
22.08122410233409 0.1848299592886029 0
22.01360028383463 0.2150045388646582 0
22.1763165691824 0.1825162078161444 0
22.13993647457235 0.1460232464279212 0
40.87443561950941 0.06729200777849798 0
40.8345973240852 0.03338523084982548 0
40.86837069760907 0.03162709765054572 0
40.77813201734887 0.04576755310705494 0
40.80712056101657 0.02699622776805199 0
54.67029984477704 0.05089109691173732 0
54.61006371859119 0.04128673829697149 0
54.63947708062045 0.03194196072880295 0
54.56029505790829 0.07493433002285776 0
54.57527047733134 0.03703586250603941 0
54.47290015234671 0.09167236914507448 0
54.41137699363273 0.05945495945711343 0
54.44624278741396 0.05072878938853798 0
54.34537158613031 0.07643319601793053 0
54.37820298671919 0.0474063695870246 0
54.21336940305943 0.1007775271145341 0
54.14129629414664 0.1149917309108623 0
54.17859289023448 0.0759165217469846 0
54.07413315489194 0.09674286561330092 0
54.10826079465111 0.07512169816022052 0
53.22571463486835 0.07070122187193384 0
53.26651084994939 0.0343356895446707 0
53.23349124152986 0.03291401174815611 0
53.31955069159358 0.04487973547029789 0
53.29416051668132 0.02735122037077709 0
53.03383925030991 0.045236681036112 0
52.97880088269606 0.03652076070441268 0
53.01120317589694 0.02771148491520137 0
52.923018210504 0.04838357140064886 0
52.94684647267638 0.02841256586044416 0
61.66048884676048 0.07825356633855485 0
61.59423606140202 0.05862303214474451 0
61.63035633603941 0.04927655717363422 0
61.52507785093586 0.0717443471557786 0
61.56060424107594 0.04788306239750462 0
61.39680897753715 0.0600160354461039 0
61.33131370798563 0.04480999432149702 0
61.36574698945205 0.03807982700725354 0
61.26900884979436 0.05525987014782885 0
61.29774884195832 0.03694613929253165 0
59.65586516948532 0.07227370263351318 0
59.60791943432692 0.03817024951212744 0
59.64282260673964 0.03526434641675635 0
59.55109781393404 0.05218212197710237 0
59.57978939522437 0.03096237790118472 0
41.7437921943702 0.05443024771073723 0
41.77568591106461 0.04104600861035834 0
41.68000513482779 0.05243716807039611 0
41.71348964617179 0.03624548976666553 0
59.11353251108201 0.07208768042766955 0
59.17745901505258 0.03952415261872133 0
59.14376226328461 0.03635745245055944 0
59.23382140502277 0.05203607430711799 0
59.21024761861243 0.03196777152296626 0
59.02011861982363 0.06749943025784155 0
58.97837367015828 0.03400642146247534 0
59.01140140300474 0.03252770948744832 0
58.92204971306919 0.04768395490984645 0
58.95048985668253 0.02762669604163825 0
58.19674762253418 0.08290633214369869 0
58.2219249905706 0.0373776938577759 0
58.18800324238637 0.03678471471064526 0
58.28006321882792 0.04581004482387563 0
58.24760154055681 0.03044080494040102 0
39.78414693459743 0.03871617563567042 0
39.81520715799913 0.03136070204588748 0
39.72289181766166 0.05013755231756711 0
39.74970889155816 0.03234648985519328 0
57.86234662797494 0.08401887070241543 0
57.92077552566814 0.04546453349992774 0
57.88776163202218 0.04203021464186563 0
57.98067715583464 0.06184350499428781 0
57.95374917623083 0.03729179249091352 0
57.7720882351874 0.08277720808106359 0
57.7223008077154 0.04429635189993064 0
57.7574362692604 0.04099770793575352 0
57.66176465251606 0.05773825792645759 0
57.69317624142053 0.03558682093408905 0
48.69591874345912 0.06346040154375565 0
48.76184294183587 0.0487772732374232 0
48.7268592039027 0.04107820332727741 0
48.82900069035798 0.06051978563903937 0
48.79598463830365 0.04047871671195402 0
48.56623464559817 0.06747337859559721 0
48.49727401724772 0.0636902295112467 0
48.52983842003233 0.04653390314502559 0
48.42845922678026 0.0671948678935852 0
48.4597768142804 0.0464679133467758 0
43.24276622927586 0.07798303812028884 0
43.18728061683553 0.05061609179131565 0
43.22029253897677 0.04377387039007807 0
43.12660924188616 0.07065193076863174 0
43.15472961126861 0.0423242662807457 0
47.46223407695108 0.07886749497025747 0
47.51272713779547 0.04250834356282596 0
47.4788149028075 0.03934781406249499 0
47.57497115740011 0.05629132880645038 0
47.5435791236672 0.03452425625986422 0
45.85734237011467 0.08967046981351068 0
45.90195215733387 0.0426093521905031 0
45.8680275023189 0.04125912616454919 0
45.96338079484745 0.0514424686437458 0
45.93115787298397 0.03319576395116286 0
45.64540750784533 0.06689257778454127 0
45.5952438430578 0.04413455939214828 0
45.63107976619737 0.03743137062689073 0
45.56711316990319 0.032325792443757 0
44.94757625939459 0.09631748005898189 0
44.88092730879168 0.06851964104943242 0
44.91951575682511 0.05656329663248627 0
44.81226026702195 0.07400607565148221 0
44.85000929092318 0.05163552842462948 0
44.69257956228158 0.04995897842521835 0
44.63001215919628 0.04174366665929341 0
44.66323336448067 0.03096324226378044 0
44.57236031297148 0.04818249779533268 0
44.59683568393564 0.0305480641377418 0
52.51465053141635 0.02445139990345702 0
52.4875207172469 0.01557482867142568 0
52.56042427556665 0.03573334190108746 0
52.5493717287041 0.01939322941743882 0
41.95041990733129 0.09568211558673667 0
42.02069752987507 0.04850530327553315 0
41.98618652557069 0.04613436859728282 0
42.08278703526737 0.0591309022522637 0
42.05519912453104 0.03830033925801501 0
51.20315534228669 0.08175975203331198 0
51.15733240351608 0.03640197483875163 0
51.19312483468927 0.03589764910262616 0
51.10035189087833 0.04434438909589034 0
51.13038051052046 0.02819368619950602 0
51.00454936345497 0.08066187671872527 0
51.03977111514523 0.03627083447855028 0
51.00352746864766 0.03558357691140834 0
51.06571478640225 0.02961685971500927 0
61.9372682520639 0.0806602506842431 0
61.86879981455218 0.07899594351649419 0
61.90458391600287 0.05641877326096711 0
61.79803539349881 0.08148160585111697 0
61.83421294142794 0.05655421700652319 0
50.42256791870149 0.04714507100076837 0
50.36639079189162 0.03717711352562247 0
50.3987950909416 0.03107474525827492 0
50.31670549366349 0.05184842267291323 0
50.33798103806155 0.02956066099211441 0
50.15915244883229 0.06967183803327437 0
50.07829813505491 0.08703007548994179 0
50.12495070379948 0.05441222138142621 0
50.02905293830275 0.07084456070027301 0
50.05659779432126 0.05451799154904968 0
49.89373606860919 0.0970217471265471 0
49.96788105075994 0.06620366117715193 0
49.92270520360752 0.05572911922402923 0
49.99231671851757 0.05007426010276994 0
49.71092445433787 0.02822854813904385 0
49.68738651297942 0.02101149092801258 0
49.76246551023661 0.06389149527952931 0
49.75175419112506 0.02779805085433118 0
42.76969542133716 0.05014989944139181 0
42.72506120745646 0.03028733446467236 0
42.75847574321205 0.02674530148195409 0
42.67167900516528 0.04526566281279187 0
42.69696320328838 0.02558089649173212 0
22.40872992288448 0.05256456179259494 0
22.47631164255157 0.05274562452925124 0
22.44272250162741 0.03802059897705234 0
22.51003755679792 0.03685012591096815 0
35.84657766994002 0.04300910900836463 0
35.87211176931265 0.02993615998551213 0
35.77968984340905 0.04709056107417631 0
35.80576146538412 0.03135623925335906 0
35.08302513914723 0.06685789251691787 0
35.01735095095131 0.05041563020822437 0
35.05166061028743 0.04273446808680958 0
34.95369818117798 0.06103057636665632 0
34.98338699444947 0.04142544806926551 0
38.0305942236258 0.06436966969236302 0
38.08957181919626 0.04862391189956305 0
38.05267194015057 0.04063437727993779 0
38.15277573844085 0.06226692474102968 0
38.11957451219047 0.04015692865620224 0
33.27948818808247 0.07461517004681184 0
33.2101939467389 0.07489031293624571 0
33.24863530048832 0.05175108328541889 0
33.14234981371769 0.07055601000748091 0
33.17871952455582 0.05089719744011489 0
33.89361769608487 0.06734451798655527 0
33.95787567155564 0.05220817189802851 0
33.92007094001337 0.04276442758275323 0
33.98681090453279 0.04121045972658166 0
15.62709574180233 27.02566395331666 0
14.66603320476296 26.02836341482243 0
13.6728951439847 26.99800466699978 0
14.65300546388458 27.01273287771817 0
21.47451339205622 27.01291547359875 0
20.47713190808752 26.03104493781111 0
19.51707577213006 27.01904940305557 0
20.49455826994334 27.01555213757316 0
35.15776109756312 27.00816055781306 0
34.17697476976792 26.01582858349261 0
33.19953038650635 27.0082955667138 0
34.17846904132433 27.00814565134306 0
58.86505549234064 0.08854798800984298 0
58.86676666135912 0.04129601326172505 0
37.73442768937467 0.06865504817051615 0
37.79975695169934 0.1456028838491292 0
37.78352758550903 0.06930196062061533 0
14.07809360457135 2.795952897955502 0
14.90512558362996 1.858771493208017 0
13.05215447333774 1.960304741136135 0
14.0016826334899 1.919991793192823 0
16.67399214921414 1.914173538910349 0
15.77834617245756 1.868107697385236 0
3.748194413378116 1.92039953547774 0
4.687591193092427 2.796952010931312 0
5.576334618618446 1.890435319663199 0
4.669780630729715 1.900248000811038 0
60.53212496214977 23.12731176660852 0
61.5176878934826 24.11385998284547 0
61.5148420349071 22.17268860391194 0
61.51617809856248 23.14305624621125 0
61.51146209818587 12.50688762804226 0
60.52196923805495 13.47453661684267 0
61.51140179956734 14.44308207136151 0
61.51129351264714 13.47526295293693 0
37.68914683180135 7.785746122283904 0
38.59130421757891 6.79349860895096 0
37.51357401219989 5.725428861814768 0
36.62659927644147 6.714623591680752 0
37.60603332268004 6.755297207495087 0
35.72587855140704 7.700023329581397 0
35.56030344958923 5.637853356295079 0
34.6559896362096 6.607242530962891 0
35.64332214653786 6.665419263526264 0
33.16328605545039 21.03078679705932 0
34.16667775630288 22.03195119429852 0
35.15993943958167 21.0323388190233 0
34.16031986731129 20.02877616630893 0
34.16273805570809 21.03118854815398 0
35.16108391604407 19.02617681554237 0
34.16148417378141 18.01031371845907 0
33.14853812709998 19.01441248520122 0
34.15845579586023 19.02060769900266 0
35.16375288415998 17.00169209956274 0
34.16631427163154 15.96719521994281 0
33.15580156353959 16.97492567899894 0
34.16287437832512 16.98978284380923 0
33.17975675124734 23.0305881733041 0
34.17287718342251 24.02692087310635 0
35.16057547766412 23.02976043204741 0
34.16998728124327 23.029956796844 0
21.38705433929971 23.11321105302445 0
19.33329354484138 23.05886868130582 0
20.41153754588859 24.06401625784571 0
20.3812392769176 23.07455278528879 0
53.56089698273451 12.38322463570275 0
52.57064191282416 13.30320959361304 0
53.56948750780906 14.31355191466468 0
54.55892321958749 13.38901960082125 0
53.56472905188685 13.34773506184767 0
55.55241671065257 12.45473668623191 0
55.55679448773071 14.38512196898966 0
56.54940033175775 13.44427021877537 0
55.55425135669513 13.41937841241618 0
57.54552321771243 14.42451907081068 0
58.53831650467627 13.46789327439446 0
57.54354732129131 12.49062889989522 0
57.54422383052001 13.45780021123689 0
60.53834962708358 25.07526584061999 0
61.52069778719493 26.05671373068045 0
61.51919402503866 25.0852282299306 0
60.54421125290499 27.02497225283902 0
61.52209076709373 27.02834734793534 0
59.56209807934923 26.04360977500705 0
58.58860751018152 27.01873218167223 0
59.56632318945146 27.0217983644382 0
47.61941580690483 12.13291954200448 0
46.66385511743952 13.09625106592726 0
47.66250150702523 14.10353138915072 0
48.61797375591973 13.14337278444688 0
47.64005475829994 13.11840251267493 0
43.65934383683003 10.04527803794193 0
42.71786379344464 11.02195219246088 0
43.72422282281104 12.04768594134127 0
44.66329108644212 11.07113627142128 0
43.69022185784456 11.04675337825335 0
37.14609212234166 17.01251059303145 0
36.14913828396492 15.98752647613384 0
36.1579895384291 18.02024244308597 0
36.15508775889772 17.00625490354228 0
36.15602679107681 20.0314571686571 0
37.15096962288384 19.02914410590091 0
36.15691239708187 19.02726785631429 0
37.14747822875823 21.03217434490957 0
36.15278908693539 22.03138987511538 0
36.15420389840169 21.03203612943843 0
37.14069203082283 23.02880561147887 0
36.14835187789067 24.02587112258495 0
36.15070209327099 23.02908141886776 0
39.49844809661171 5.786467740382664 0
40.41705949968298 4.748918361730819 0
39.25575011650869 3.687596203058835 0
38.38776568591521 4.717232894796528 0
39.39012982216676 4.736059182292003 0
37.26440337843061 3.654887571983764 0
36.42638498462052 4.659752335298661 0
37.39900216840185 4.690458365537948 0
48.80982802718425 21.04369042504837 0
47.83339401428034 20.0459732558646 0
46.89108094633104 21.0373831540719 0
47.86030805807883 22.03495677153252 0
47.84910103441874 21.0403315122769 0
46.90140567738595 23.02925849024536 0
47.86691943190831 24.02552396043431 0
48.830033194192 23.03172095708616 0
47.86505327320077 23.03031178514219 0
23.34603732862423 23.11166433645604 0
22.31952846381148 22.18824228033255 0
22.39844498554034 24.07584528221776 0
22.36505318973089 23.12274584382197 0
18.04964361853446 22.1809950486242 0
17.30651608510027 23.29711906236284 0
18.40655247900205 24.12687686793226 0
18.28415412918474 23.15308091050617 0
46.89558239746584 25.02009406372544 0
47.86168148725719 26.01429617663687 0
48.83504196647731 25.02073382816875 0
47.86497991151839 25.02022149336377 0
25.36091181491056 25.03433533340968 0
26.35202301802826 26.01892562763414 0
27.31405785906203 25.02754379756497 0
26.31562684470795 24.0467374037264 0
26.33629608283551 25.03143867803161 0
50.77555353565582 25.02259887174844 0
51.7517726155114 26.01622091739958 0
52.71775533890208 25.02598606974458 0
51.7383942449152 24.03226493256418 0
51.74601148267415 25.02421388321311 0
5.863511308694029 25.04455880776779 0
6.838434206405168 26.0215095773917 0
7.807438881544943 25.01545446533625 0
6.838834068617896 24.02648794061251 0
6.837568669425732 25.02745103138357 0
32.1530023216609 15.91416517145837 0
31.08602422538338 16.90290656272806 0
32.11858391874237 17.97755920242773 0
32.12994576279391 16.94435361028483 0
35.35254738761459 3.604844104789805 0
34.51277110594925 4.550795859715873 0
35.46411096083752 4.614541416393427 0
32.17651429009361 22.03278022580172 0
31.20124765219246 23.0330936803752 0
32.20011055812605 24.02754812087179 0
32.18957005335459 23.03113535609814 0
31.07234743939222 18.9943521438641 0
32.13834317342336 20.02141680906135 0
32.12078826507502 19.00263917293935 0
31.15090172757609 21.03459346599086 0
32.15763042673707 21.03010577657363 0
50.78057785162021 27.00789334143254 0
49.80625705795681 26.01486066235831 0
48.83131034400795 27.00746073475741 0
49.80579555316521 27.00758828219947 0
46.88252615618677 27.0073849281288 0
45.91740072813459 26.01409937143806 0
44.93363424685286 27.00734674381501 0
45.90805557964569 27.00726465945921 0
42.98346197600219 27.00744296895003 0
42.02202308379049 26.01419261541076 0
41.0305259085378 27.00742251914903 0
42.00715479313644 27.0073198261647 0
39.07488750355478 27.00759088364426 0
38.10576707572609 26.01462834465664 0
37.1167461607888 27.00774026132404 0
38.09590655293459 27.00754360054645 0
32.21525634285381 26.01583391448796 0
31.24348558951496 27.00814615269316 0
32.22119127883978 27.00813331646647 0
29.28973656369271 27.00823262849776 0
28.30402467356719 26.01675148018906 0
27.33695622278231 27.00871160973515 0
28.31296068651541 27.00840578108354 0
25.38488039400612 27.00981803582598 0
24.39864475481679 26.02300011252292 0
23.43079246643059 27.01144023264033 0
24.40750405105364 27.01089728024206 0
54.68135312911192 27.01042771168179 0
53.69900691593652 26.01882711670734 0
52.73026152320267 27.00870511475195 0
53.70548263075075 27.00945704122992 0
57.60437323308386 26.03227336244996 0
56.63401562728924 27.01376451564227 0
57.61106651798599 27.01613886752391 0
18.5189307368455 26.05417185094256 0
17.56802567039831 27.03062398953331 0
18.54026774591751 27.0256687938113 0
12.68651356805277 25.9685237956602 0
11.70847494633408 26.98809245412458 0
12.6905654684945 26.98908654967945 0
9.756388743548733 26.99700636373662 0
8.77713849660708 26.00293212173801 0
7.811120429515878 27.00660043844184 0
8.783586921474157 27.00174251690127 0
5.861802593596757 27.01658825892212 0
4.885993722812884 26.04417495222699 0
3.907836852671977 27.02689218065866 0
4.884818859196528 27.02195240723629 0
44.97181689188233 21.03428067530782 0
44.002441906433 20.03579816787336 0
43.0415000418548 21.03283558442467 0
44.00785168310004 22.03094291147706 0
44.00681684267646 21.03345682219132 0
43.03223736175961 23.02792951417678 0
43.9944867759394 24.02439737554636 0
44.97060004559594 23.02817791877628 0
44.00190772504743 23.02791404986829 0
40.98999121098288 15.01794893135446 0
39.98503521243072 13.99276463565469 0
39.06267058236739 14.99579514573812 0
40.06274831831754 16.01815344730206 0
40.02631603956637 15.00651702368484 0
39.11220982932868 17.02147101798289 0
40.10350820407603 18.03025655642293 0
41.05725610667692 17.02983095139044 0
40.08530533444295 17.02525150419187 0
41.08932362201895 19.03339286717476 0
39.12876924889417 19.0313114206066 0
40.11367380379852 20.03263999879103 0
40.10981762848129 19.03205697772583 0
1.953741529461162 27.0332536816051 0
0.9767570594332078 26.07064605854669 0
0.9767860008839868 27.03484753988098 0
38.12263254518484 24.02505363488008 0
39.11582301035798 23.02812664025033 0
38.13439787228847 22.03067028605255 0
38.12867701175245 23.02825412037075 0
38.11509576737827 16.00276177926752 0
38.13832903514805 18.02533219798743 0
38.12914475319476 17.01601573773983 0
38.14085128717575 20.03195569956907 0
38.14046167945197 19.02976809767475 0
45.91955223633005 20.0392793651578 0
45.93649156486403 22.03211367558214 0
45.93051563803663 21.03568207691917 0
45.93223879980755 24.02461590845006 0
45.93574183815645 23.02855497252709 0
39.12667948938396 21.0318429687301 0
38.1377871876098 21.03180030850062 0
0.9756861858847437 24.14851360034224 0
1.951743233048393 25.10757620567337 0
0.9760554260683314 25.10848016596798 0
41.0931719183174 21.03205755091804 0
40.10674978815417 22.03029480167238 0
40.1108100292914 21.03179150176422 0
42.06826676067742 20.03376873253065 0
42.06529167452486 22.03040190156096 0
42.06804569091571 21.03230317341196 0
41.08026592068714 23.02781658867794 0
42.04764716183609 24.0243736349526 0
42.05701568984281 23.02770370413961 0
49.78516480507883 22.04093163446772 0
50.735167848302 21.05609712111306 0
49.75304511281747 20.05888978437574 0
49.77098214010273 21.04961327659772 0
48.5942542264202 11.18600443089153 0
47.59974839055527 10.17153510693605 0
46.62263602989737 11.12197714866099 0
47.60827360936067 11.15249128392409 0
54.55604107290316 11.45613604576529 0
53.56163467395181 10.45120578570493 0
52.56458362893403 11.37076715529775 0
53.56051309827406 11.41599475154717 0
55.55445423703294 10.51700096545566 0
56.54844710686052 11.50670724494491 0
55.55264715727866 11.48462703424555 0
41.98834489399815 16.0316294766784 0
42.90187599535514 15.03705157627068 0
41.89888347415908 14.02193285363784 0
41.94560162579835 15.02735604782181 0
42.04576720079246 18.03479851289258 0
42.98055914970119 17.03806165473899 0
42.01945121957957 17.03373206522442 0
57.54579198053444 10.54896890999209 0
58.53816962382329 11.52800805741902 0
57.54392089787988 11.51929869049794 0
1.881101062563793 1.951413776756326 0
2.838482683674908 2.88413409429994 0
2.818209282987773 1.938909589935866 0
0.9703142130900808 4.856897215914941 0
1.91563963989358 3.870837869478834 0
0.9488229588399086 2.920193348556483 0
0.9586461372429831 3.885374241321893 0
0.9412387524174086 1.959013142056673 0
38.05488701197315 13.9601358787866 0
37.11308568276544 14.97198537350678 0
38.08797015859196 14.98313060965151 0
53.62355921368867 6.530554726582592 0
52.59791476150161 7.488895142260893 0
53.57816635606272 8.510550726146928 0
54.59418099232684 7.559056092538703 0
53.59774524613091 7.524207499065071 0
51.620344989302 6.456485600563306 0
50.60124235145717 7.395434802091929 0
51.58417870617257 8.420110025334496 0
51.60032917449061 7.441692748965435 0
55.6181447774057 6.588369442930465 0
55.57140728458771 8.569361309934649 0
56.58446028073683 7.604981819828844 0
55.59131347588422 7.582166606421988 0
57.56042470089485 8.601209566311258 0
58.56645238015265 7.63529866487278 0
57.60099532475628 6.636202792786834 0
57.57751448004876 7.620340903221043 0
59.54232877028655 8.61855690212267 0
60.53819080562155 7.654287008045801 0
59.5720398971656 6.672202852021105 0
59.55439526364647 7.645350444964215 0
54.56805765376041 15.31386973830927 0
55.56528965012845 16.30322569771542 0
56.55383317704117 15.368525479692 0
55.56083699465502 15.34367528748383 0
61.51557997879355 8.629889444236882 0
60.52526393387085 9.594961567928451 0
61.511936213336 10.56836087717086 0
61.51315038356314 9.599067731704563 0
61.51185550648294 18.30399527756028 0
60.52406029219932 19.25349658264315 0
61.51282928493806 20.23577201474915 0
61.51220460019327 19.2695808605603 0
60.52206861439531 15.4061558685508 0
61.51140731376991 16.37469583647443 0
61.51128072260596 15.40926254817935 0
57.54907220699988 16.3423673302308 0
58.53984639898905 15.39525916988399 0
57.54706958103321 15.38366414048844 0
61.55471944839024 4.760408428337044 0
60.57180014068136 5.715203929116193 0
61.52717101173756 6.692101494111458 0
61.53826169474222 5.724485699123198 0
54.56423602706725 9.517909642696875 0
56.55634141131212 9.563277655877888 0
55.56108007515118 9.543268694246025 0
52.57108005652022 9.438886095347875 0
53.56818817930551 9.481101826304425 0
58.54426138984938 9.584310144188949 0
57.55134613107638 9.575185592484866 0
52.67107841025985 21.07575855592458 0
51.68540072864529 20.08113103371737 0
51.71619261031395 22.05227898606399 0
51.70190279865007 21.06593351368709 0
52.65516126957045 5.48137873276724 0
54.66251923260361 5.54160039121501 0
53.71076174937852 4.468157585919977 0
53.66228528899353 5.507663768579297 0
50.63833939605546 5.42325049932489 0
51.67270178374412 4.427683803336238 0
51.64628334259156 5.449223407226478 0
56.64782200539138 5.608381220179474 0
55.70891831446927 4.538622970203656 0
55.658586750227 5.571266349802226 0
44.80976434291037 15.05498832381314 0
43.81038402370775 14.04705647573606 0
43.89795594981854 16.04440913781872 0
43.85531665313562 15.0459099886413 0
2.832279569307758 16.35008241958803 0
1.94113745624734 17.35031848696106 0
2.976137334963429 18.27976251074497 0
2.904760320909045 17.29536622995499 0
55.59061174832215 20.1429390716051 0
54.61947554638783 21.09988707011798 0
55.60828277882028 22.08706824243649 0
56.58153736859305 21.12494633293871 0
55.59958462129099 21.11321826091002 0
1.950049900360426 23.19912769151392 0
0.9821718564297619 22.22903376449559 0
0.9771095300845403 23.18912219793985 0
1.043326340535035 12.60339935306966 0
1.951428728719922 11.56988443750145 0
0.9329095800201053 10.69820425058764 0
0.9923703707991685 11.62925044556391 0
0.9966670784055189 20.29378956660003 0
2.000384051960815 19.31222361745704 0
0.9865491942620395 18.3450738362134 0
0.9957225831617116 19.31846440160503 0
0.9573758730188651 16.41997415075791 0
1.877345580047603 15.47663926546832 0
0.966824246635408 14.53150713641122 0
0.9506112383637699 15.4735850665619 0
1.003488477406496 8.831773511549784 0
2.032176403609117 7.866612012012169 0
0.9990893346427399 6.822710092694068 0
1.016676491802691 7.827579677045114 0
28.07595210302727 20.17182981157282 0
27.18473915583667 21.14515862382503 0
28.21166400561508 22.07519563590039 0
29.14399295303923 21.07650059518322 0
28.15647017564848 21.115024640382 0
28.92848118743361 16.66160990924181 0
29.93911722465357 17.91461894185841 0
30.11314416268621 15.77893166748641 0
30.0042012031209 16.82495839443852 0
28.90284778708673 19.08848295397643 0
27.55886879299154 18.50850235679236 0
27.05490509715993 19.41395081700967 0
27.91668852531161 19.2809063878794 0
30.07653614223378 20.04239323274858 0
30.18576291030026 22.04442450289725 0
30.14097856458362 21.04959330229483 0
58.61892655311559 5.673701509262617 0
57.67896427539678 4.639906893485261 0
57.63599375505213 5.640762303921527 0
39.09770477335882 25.02021544666316 0
37.13020209702902 25.02070317867403 0
38.1142956706483 25.02026313259368 0
54.6645651619925 25.03199836805871 0
53.67992582663936 24.03945502062079 0
53.6903712072687 25.02890075014777 0
29.26862909629053 25.02396688339328 0
28.27238331351811 24.03629297921224 0
28.29019404707103 25.02593043552973 0
9.726421066314 24.9872649648435 0
8.757919059891019 24.00450233038055 0
8.767548972165567 25.00261236836823 0
19.45834331009305 25.06209462267663 0
21.43754749315554 25.04668148633619 0
20.44685390976085 25.05010060387458 0
15.64797690801782 25.13932060944111 0
13.71736116506829 24.95672816346254 0
14.70988440355723 25.0592310144078 0
35.16001867300947 25.02160662503481 0
33.19115731417957 25.02216680480521 0
34.17521496279083 25.02180137047169 0
36.14143325346343 26.01505502950494 0
36.1372203844266 27.00780675749382 0
2.930310136857234 26.06379125489453 0
2.930518173650334 27.03086812045434 0
26.36058714167486 27.00927859463399 0
6.837003572832344 27.01131297017924 0
10.71451533181766 25.98067074267129 0
10.73052268554671 26.99147768087127 0
30.25787800091425 26.015859580143 0
30.2662113860309 27.0080939346333 0
16.59116557168766 26.07789080815753 0
16.59736892871878 27.03282245031488 0
22.44067002153511 26.02666916123875 0
22.45213674066607 27.01249863069733 0
55.64966299380755 26.02399916420189 0
55.657329098407 27.01198745627818 0
40.06642071915982 26.01426388614462 0
40.0528394420078 27.00737975950511 0
43.97179610921847 26.01410924827162 0
43.95863369098223 27.00728097213818 0
51.75520120403094 27.00820858772345 0
47.85681981798055 27.00733588451747 0
57.55424844342583 18.25303855458004 0
56.56974250666087 19.19548831631312 0
57.56156201223157 20.17171745012625 0
58.54639161975336 19.2245151545536 0
57.55781752516796 19.21089313581691 0
23.40346205765798 25.04399149619427 0
22.42114414479709 25.04732497123793 0
36.14508753494314 25.02095315006313 0
4.872693057598308 24.08583399772074 0
3.903882006069676 25.08700753933844 0
4.882426824996742 25.06565723300657 0
49.80148690716516 24.02771874016238 0
49.80479057905536 25.02149066022895 0
24.35822724470126 24.06330114283874 0
24.38127986704616 25.0405183454414 0
40.08993148942094 24.02449590437366 0
40.09873390851753 23.0277716390716 0
59.63485908284609 4.728389779573519 0
59.59901294193087 5.697648873508804 0
53.63135688610377 20.11174132581099 0
53.65611258087019 22.06820093317979 0
53.64418604636029 21.08847710511077 0
25.20173534112309 19.35050656342382 0
26.17803979438303 20.26098462855937 0
26.37054710099191 18.61599893473429 0
26.18123566955973 19.40062682094789 0
59.5311387479992 14.43834178176092 0
59.53067755985185 12.5029813126583 0
59.5306815065922 13.47147464917608 0
7.812188978308875 23.02403957409886 0
9.672622342015725 22.98619194078643 0
8.739007775879475 22.03999143082309 0
8.746810713509554 23.01382632505248 0
60.52260774624929 17.329908101265 0
61.51150471266447 17.3394194557149 0
60.52194822810222 11.53548247850453 0
61.51139108828849 11.53760990468485 0
61.52009442793641 7.660738273606151 0
60.5270250092045 21.1853905209471 0
61.51368508725146 21.20384371986792 0
3.030219327465527 20.31848898314588 0
3.025353501723046 19.29414565502414 0
59.53226773615466 10.5614990566746 0
59.53082661868719 11.53228691267558 0
50.76104336469936 23.03738616221378 0
49.79473172445154 23.0342822553386 0
59.53585653627314 9.590044831789891 0
41.70765568757064 9.982026137152003 0
40.78698959011679 10.96618458344885 0
41.79853988942935 12.00545299401592 0
41.75211358480537 10.99428821008055 0
43.01048466761316 25.01976917238809 0
41.0580360023851 25.01981656381211 0
42.03495339150382 25.01966366557552 0
44.95510016293592 25.01972244867583 0
45.92532542039151 25.01972890471839 0
7.428375465765029 1.950580879152314 0
6.488109151397733 1.916456968299684 0
9.360033358826399 1.940809439418091 0
10.39409596790689 2.739593098339306 0
11.21387523940977 1.862056479650107 0
10.305862085949 1.893585566445948 0
45.65822343233292 6.143982068719446 0
44.62830266471401 7.070888814840028 0
45.61733772565756 8.123668365264372 0
46.62604159302501 7.190507986092586 0
45.63156154614263 7.132368694418183 0
50.61583999384704 15.16345216670203 0
49.6169525118573 14.15381452351936 0
48.66130477249578 15.1106654916843 0
49.65895118009273 16.1164459680284 0
49.63751753271919 15.13540677904113 0
1.982858552708237 21.28156826908951 0
0.990417263123522 21.26368762678434 0
0.9490937143587885 9.784802522019859 0
1.968541633906074 5.838380501420735 0
0.9840605808866769 5.834741880666549 0
1.985418009492708 13.68443764734714 0
1.013524140169224 13.5815498957725 0
0.9714984242008136 17.37747206716524 0
29.98425607073268 19.00149645098639 0
57.57268075485491 22.1099327309299 0
56.59848373552946 23.07628859614447 0
57.58852675436536 24.06691396809154 0
58.56367371264009 23.09899989949455 0
57.58059479758086 23.08753352149287 0
51.61468248239805 16.1712475014865 0
50.65503468889919 17.12022881459378 0
51.64927839521303 18.12127842394651 0
52.61204940317624 17.17435541472209 0
51.63223903783943 17.14622792521826 0
59.54352756809602 22.13891950769139 0
59.55260045708194 24.08867708086618 0
59.54791273696055 23.11313412422501 0
36.10589201970534 13.92939506387608 0
35.14834958065578 14.94964291992356 0
36.1305969224542 14.96028130499923 0
2.990662765533564 6.848236084315145 0
3.950713352969963 5.75661223913924 0
2.91110937556104 4.817327739384366 0
2.961992512354282 5.823772885924532 0
49.58221966962603 10.25564266765509 0
49.59080961252834 12.19980345657657 0
50.57649124386745 11.27260848763336 0
49.58532997350643 11.22778897191233 0
25.3065568013611 23.0834469749138 0
24.28701157095826 22.14635925554942 0
24.32494007223442 23.09989982058229 0
43.02678268260543 19.03620690877244 0
42.05894407068902 19.03460002225977 0
16.52297337913836 24.27002507794823 0
17.5138966882926 25.1271431919379 0
16.57156378711662 25.15349774908083 0
56.61782975506719 25.04236736155915 0
55.62988142031244 24.0507309972449 0
55.64045938141585 25.03702198848985 0
31.22708552301054 25.02241812016195 0
30.23314858346556 24.02989504555212 0
30.24689354065415 25.02304364423734 0
11.66971888858635 24.94362284604626 0
10.65100711043433 23.95434043780062 0
10.68992715058753 24.96661518090003 0
27.01886242189804 10.86161162014551 0
25.80460382615266 10.08812104598067 0
25.18699204116926 11.17059245910876 0
26.3079817921008 11.87608303945148 0
26.0815722460253 10.99830697373264 0
16.20609770951934 22.63203313774738 0
16.40569872960355 23.43614393808353 0
58.57680963438749 25.05710738017813 0
59.55745812512747 25.06601813467629 0
58.55298377046146 21.15271497303752 0
57.56688654953429 21.13916574519438 0
6.903205636357587 22.01460502143296 0
5.837578779054063 23.02538481101703 0
6.840987061155083 23.01198781945041 0
43.98330413254099 25.01961792279526 0
40.07839939205572 25.01982711353648 0
2.920686956403955 24.1459509394459 0
2.926841814011748 25.10098430027026 0
34.14273055093371 13.89981494007185 0
33.16549490116881 14.91364364920556 0
34.15737698952079 14.93380017746654 0
45.66496177350872 12.08685246602215 0
45.62530936777746 10.10518655802457 0
45.64297684343229 11.09603109398331 0
58.5423834912229 17.31002105892225 0
56.56079464236045 17.28118477882711 0
57.55156830858575 17.29706256983279 0
50.58890083721548 13.21385571729562 0
49.60281632862666 13.17680823298729 0
48.71588955205992 17.08322893750951 0
49.7078356470583 18.08422094885616 0
49.68388177050218 17.10046975903878 0
57.59683643480329 25.04944705341425 0
59.53735151562006 20.20190350261606 0
59.54012940382529 21.16916277221518 0
12.11423836499792 1.908415844546738 0
8.392825311579703 1.957815792604491 0
45.80392202302285 16.05896049773739 0
46.72610563615207 15.07696307782908 0
45.72890362474801 14.07166037018905 0
45.7667234684349 15.06540122239372 0
32.16543125860908 13.84886383375492 0
31.16777601668953 14.83119846240561 0
32.16433689040929 14.8785720364309 0
12.63499254051459 23.86013995740423 0
12.68616722798338 24.92428666184383 0
32.20838958263607 25.02212756548339 0
18.4760578688806 25.09180367969673 0
44.94471812141546 19.04047219671961 0
43.96509682244763 18.04039114027627 0
43.9860623178539 19.03817941278113 0
46.85452559431951 19.04759076954925 0
45.87267337360649 18.04827708275109 0
45.89864264751685 19.04375816670996 0
46.68925248750372 5.249256871537142 0
45.78206901206379 4.194851922704258 0
44.70663417224019 5.044226859589948 0
45.70875918855602 5.15895274391667 0
44.72877316382776 13.06294331783293 0
45.69564505664442 13.0791171536719 0
40.6873091900995 8.927348686850195 0
42.6515545709635 9.002401978961817 0
41.62944965079326 7.939728124174366 0
41.66846120593315 8.963578643584064 0
59.53393280468613 18.27884247558028 0
59.53540032073356 19.23929300806746 0
44.62722748619415 9.077323515747892 0
43.62453324723002 8.028709421319022 0
43.63964630369091 9.039033359211743 0
3.872922759323902 23.17547962415064 0
2.928039332628604 22.26176221894543 0
2.916419199138808 23.19806922054867 0
29.22872626902161 23.04382545840774 0
30.21300108484161 23.03759516024804 0
52.69728912110845 23.04670280502074 0
51.72829477524597 23.0418724005803 0
26.25164467398102 22.11001486419221 0
27.26599785488725 23.06206692450818 0
26.28568274063175 23.07397853131903 0
37.03919532629143 12.91238617936008 0
36.01455054948246 11.85565748238202 0
35.08837103864462 12.87680171356397 0
36.06348084740591 12.89365324411586 0
2.979569644476332 21.30939706349962 0
22.29131225957479 2.640169682216808 0
22.79828030077469 3.848074058036083 0
23.95555184403705 3.159043711839367 0
23.32932289065422 2.037204615943995 0
23.09417253811414 2.904450651372509 0
21.74502567365805 15.43446709611407 0
22.70493728035444 14.67738707213583 0
22.67485326492211 15.53564719403813 0
54.64228368967186 23.05941240407657 0
55.61938579601146 23.06782657264241 0
59.53202737517646 16.36171235111263 0
59.5313863689195 15.4009432360223 0
46.60781696491964 9.152898627554052 0
45.61833856561483 9.114666343432646 0
47.72218958612046 16.08105570421965 0
47.69222288660326 15.09253357072441 0
48.59137325308262 9.237789634204734 0
47.60520918783782 8.217505503273355 0
47.60022466988113 9.194318944903218 0
50.69775369018156 19.08393741555716 0
52.6416987827119 19.11917555010143 0
51.6681873902909 19.10077833652143 0
46.78874004975948 3.394205226003915 0
46.03728635467592 2.407397103647821 0
44.95201847180667 3.072291380224037 0
45.88526297859888 3.258315190452707 0
23.96184588714128 10.49338113292453 0
23.37939683824522 11.63712246239304 0
24.30392074041787 11.40128772826434 0
3.818429875158152 3.789835624736194 0
2.870345518141949 3.84069974807495 0
43.62888944254936 5.967719027811421 0
42.60533204688458 6.948937651857973 0
43.62063813118551 7.005444591906572 0
2.73596777853842 14.63288451171858 0
3.498099438530964 14.00532487330088 0
3.102180993183012 13.23321029403361 0
2.817842786510955 13.87236110020379 0
53.66866882499804 23.05299760620501 0
48.76944012173831 19.06075858092145 0
47.78360791535045 18.06153966768996 0
47.81047546228467 19.0536368663977 0
59.53278211259516 17.32023791983826 0
29.2109235749759 12.71834166868955 0
28.15820952950252 11.73758214768981 0
27.33758031791114 12.70969344278339 0
28.30400231807651 13.64808529377289 0
28.25542862523961 12.70394773017249 0
33.59913052399028 5.480623354891565 0
32.61442692008796 6.451728771424994 0
33.72404049556297 7.602078016720393 0
33.64988759463404 6.535464214612874 0
28.24565649386484 23.05327457084228 0
21.54178304135495 4.437617436737172 0
23.48176538230501 5.121605398704089 0
22.48905494069554 4.826102615149789 0
25.23543220554162 21.19035621904868 0
26.21230199950811 21.17357479056416 0
49.73182501074572 19.07140101164264 0
33.52327094236459 3.461572398547993 0
32.60163060355302 4.305729846252584 0
33.55994442651521 4.450954993772944 0
47.63971225959641 6.27492466524247 0
48.61116335765464 7.295330440502401 0
47.61980999598588 7.244305312696269 0
60.63678565175752 3.795331876436261 0
58.71390821985364 3.709088822095904 0
59.68047505135604 3.769252778276645 0
27.75691181389259 9.745137111816238 0
29.0307406265073 10.67253753815101 0
27.99943676628161 10.74125783706065 0
37.83142857333839 9.844256370209532 0
38.73589407770464 8.852874022075916 0
36.78631381800047 8.776041381160173 0
37.76139915956917 8.814725850379656 0
12.90000243543056 5.072134116961548 0
13.84827992427936 5.164661622902079 0
13.37908461763659 5.086811759056609 0
35.88191274701823 9.776594593063759 0
34.81499034797334 8.700255451656592 0
35.80339217655349 8.737863504183125 0
4.844051376085996 4.656124362355008 0
4.758934509746719 3.707430846040618 0
43.7856725389052 3.840124155857769 0
42.57657079644944 4.781977099761924 0
43.66651837433339 4.897687516150402 0
46.79514021869606 17.06118165812585 0
47.75387147368053 17.07132940044966 0
38.97359365262967 12.95436970190153 0
37.95483586022969 11.90396184711405 0
38.00690239829426 12.93286397685383 0
16.94236960537705 6.703170509298842 0
16.94666875704668 6.010894518351398 0
16.24402686638598 6.151801253288991 0
16.5950130182349 6.405793622618551 0
41.335543675325 3.645645317113701 0
41.54425847244012 5.841280361554043 0
41.47641110243988 4.744676435816171 0
53.60720686652076 18.17099508739035 0
54.60004221226114 19.16016881076188 0
53.6196840541468 19.14012703210015 0
39.64959416511009 7.861854860397171 0
40.58071558114329 6.861923925532573 0
39.58062722209286 6.826592770919073 0
19.30937403352045 9.056877452090704 0
18.56056677689512 8.793350307204928 0
18.95111348796685 9.667514869483789 0
18.77713243829007 9.227477235861272 0
47.68945951014642 4.364378876585802 0
48.63780526525125 3.439433495188331 0
47.63917110595399 2.590961632212945 0
47.69275682414023 3.440978455993708 0
49.6439621622287 4.407799594271173 0
50.65089811741817 3.393692722317214 0
49.56097294713445 2.501754187366256 0
49.62396782591433 3.417708068568553 0
52.74258700010516 3.388542725245379 0
51.71603695570309 2.392644799579347 0
51.69551783297918 3.382675666661537 0
54.78284820963481 3.432234299574368 0
53.84573247369271 2.403400534378669 0
53.77220544239292 3.403691650410648 0
56.75210801774756 3.546415037453556 0
55.84631156444833 2.470039295843229 0
55.77308169520735 3.479013607563937 0
13.44318634202053 18.878959414343 0
13.83219036339731 18.31078653611534 0
12.90650164648545 18.42519064376671 0
13.38290384817924 18.38843544774241 0
35.91792199464065 0.4518167171561789 0
35.99524372570493 0.1471079828090023 0
35.96748203214286 0.2755588869252357 0
57.78388532178389 2.662600184090806 0
57.73468559994538 3.62444803274437 0
54.58238059274508 17.23414867620906 0
55.57717917161843 18.21823736326552 0
55.57119334652115 17.25960822697606 0
50.57945863560672 9.337388487567763 0
51.57076900330541 10.35566791874661 0
51.57574334883939 9.388752123628219 0
2.760484704031597 15.46071707397556 0
52.58721719939061 15.23738464478315 0
53.58585448683755 16.24036873826362 0
53.5772916728641 15.27658280770732 0
48.64641720481177 5.358101261641158 0
47.66613181469285 5.311985092638825 0
51.58826294918113 14.22753314049429 0
51.60094554284209 15.19943228094082 0
21.04382132291315 18.25265971333667 0
19.87210875770292 18.44035081314259 0
20.04196423219509 19.62325959173472 0
21.39719089801931 19.30580030710009 0
20.58927763989345 18.91964073305127 0
41.59010983200049 6.899580491377587 0
49.62187280645156 6.371173449225043 0
49.63769633004747 5.391264710890662 0
44.88734992044341 17.0475768567325 0
43.93383952158778 17.04258102015111 0
4.83828218050737 23.101575828867 0
51.57307576338766 12.28870369739771 0
51.57071062433947 11.32179315487667 0
49.59284445073844 8.31640026977526 0
49.58585377008623 9.286486224842001 0
21.86087856991322 1.712644357944122 0
21.15574628528122 1.972950323420006 0
21.1891437821473 3.114368619828486 0
21.61430540647655 2.358789471735204 0
25.39215392860401 5.378425712627276 0
27.10377635026367 5.607337866257682 0
26.25918400736788 5.455315871224187 0
25.13963409006138 8.178304844455008 0
24.53892478395955 9.360717174987215 0
26.48425195117799 8.966656426828457 0
25.49681796930178 9.141329615610344 0
18.47300050892055 14.6758087544688 0
19.04972975330458 14.47837246886626 0
18.79963853793655 13.92124382362245 0
18.65173555570951 14.29464338661204 0
28.62784900505894 6.112336245546691 0
28.225709775228 5.190732236477354 0
27.65733175877785 6.600807085108173 0
27.88986845178521 5.869129939993579 0
35.14431521895019 0.1985177786861527 0
35.02455413086091 0.3394759462120316 0
35.18104476627171 0.3691170719092369 0
15.44218395853039 17.73275769646112 0
16.02665989043108 17.97924719521103 0
16.20494586211181 17.33722911873924 0
15.83366647704188 17.54690771905418 0
31.92686992158997 9.729080674733385 0
32.79744058420238 8.65089251900066 0
31.60640923824264 7.552096337725271 0
31.7665877215182 8.675587141685799 0
51.57963278478091 13.2578385163444 0
28.13859853688244 7.566300758422699 0
27.28905811504115 8.028272664880584 0
27.41484399391273 7.307751147132329 0
41.52439407423939 0.4876273930693156 0
41.75374763916808 0.2644054392199635 0
41.61254046358885 0.1501517554034102 0
41.59025861270687 0.283804432167523 0
15.45697901372508 5.704659755775948 0
15.87682790704381 5.912070757734147 0
30.12511970154655 11.73050827076487 0
31.05273629722078 10.74093906759782 0
30.05796630840447 10.69581249985761 0
53.59646528489804 17.20484858252681 0
7.535077086313283 16.19784992751043 0
7.579315982046833 16.87831301922826 0
8.153785399437027 16.77093848127759 0
7.843629298221291 16.5094882407974 0
36.92543858906923 10.84415155805171 0
34.97340462562 10.79320809281903 0
35.95009992562438 10.81699308065641 0
32.16273864770204 0.238645447914994 0
32.17800033407697 0.1016800365882098 0
32.09562279753753 0.1681484514555436 0
32.17295444485158 0.1655025878027878 0
33.90687123415559 9.726440121722403 0
33.81199341940427 8.66883252691626 0
55.58408419170135 19.17905091433101 0
17.67777989105237 16.78122478386346 0
17.58666128578346 16.11309094736053 0
16.93319666053993 16.79361890470772 0
17.28330692654062 16.45861145959497 0
54.9145582968554 0.08836969018690866 0
23.67253502877571 13.87507511356017 0
22.5827791753256 12.78605264047559 0
22.68672271367965 13.7750075103589 0
18.69946714633831 19.60003416323038 0
18.54717131537098 20.85479271249356 0
19.35477294067658 20.28408598706658 0
33.12615927020585 12.84174226937069 0
32.09673835711845 11.78648017268032 0
31.15700956851796 12.78465567280551 0
32.13843167244543 12.8160145448449 0
45.83999236846545 17.05378445671919 0
39.8799041470965 11.95649371631393 0
40.89164901972514 12.99546974453278 0
39.93324972548705 12.97508374320825 0
42.80635898694981 13.0315786587956 0
43.76677815494245 13.04744147046572 0
57.7546248660741 1.244962487166623 0
57.9653673314327 0.6997817471405536 0
57.60548113405187 0.4682728952082424 0
57.32853179597485 0.7809535287896878 0
57.66932127473318 0.7900098265901097 0
12.04332460266953 18.37570423005361 0
11.29835782600452 18.2415065754057 0
11.66918653569881 18.31565077099349 0
12.06070065139708 5.130731215551966 0
11.70091335831777 5.173876055891618 0
23.21302401837565 19.49183402529342 0
24.21986427057475 20.30341848010237 0
24.02902856991253 18.55607311058181 0
24.18041697747585 19.41280507242119 0
30.19882738322324 13.75657843386037 0
29.21306994417269 14.67315960497737 0
30.17551581403359 14.76088814937061 0
48.34140852952909 0.5484980098554768 0
48.52830662820877 0.3590364762262439 0
48.37125059099324 0.1827726802559617 0
48.35993970214592 0.3353619043813136 0
26.50445819064048 13.56745717094983 0
26.44618896248631 12.72519082456114 0
50.2127298832967 0.7898875614545044 0
50.2249446897418 0.3593442402250098 0
49.88253917916012 0.286692327813121 0
50.01215514610411 0.4954699519118559 0
34.05790287618477 11.81955121683901 0
33.00678567789047 10.76497845431684 0
33.98800335495651 10.77593518428476 0
20.8845006034058 17.17456528664867 0
21.53290016694195 17.65654432511332 0
20.14583197917189 4.784419155246393 0
20.7128907855945 3.965499553092624 0
8.814045539175979 17.23666655573543 0
8.472040543636219 17.00807650664974 0
8.070832258772548 6.307649819985706 0
8.722387967646728 6.259180062309911 0
8.395767846411434 6.563920293974339 0
39.76784921146051 9.91411376954245 0
39.71027229653496 8.889450151280943 0
20.55386945110912 8.64557225719232 0
21.60534291038127 9.159368278607646 0
22.04419550739941 8.119481949462369 0
20.907446030609 7.66670741513838 0
21.27582178926388 8.399125549242232 0
23.26748820539815 8.684066125691601 0
22.74601671182481 9.793158231479852 0
23.62684580972081 9.583743531875864 0
38.86052280586469 10.90516332076161 0
39.82393624050776 10.93575134348629 0
17.66848624740039 6.71192366064104 0
17.55734296041273 7.362077355931456 0
17.27407242695106 7.03219845307262 0
59.74416134056927 0.2416853677336501 0
59.60049959675554 0.1918133158686306 0
59.68909456693216 0.144934071894129 0
53.13238945174386 0.1064937266596537 0
53.16377956280973 0.2513278694471257 0
53.20779407151873 0.1483705751188147 0
58.10932742188328 0.1402443443821131 0
58.21276219423275 0.3376776479885084 0
58.32624720768573 0.1961837214333819 0
58.21425700293797 0.1859648952626731 0
45.75381199303063 0.1473211701297075 0
45.79717870115039 0.3314799710366696 0
45.83379131462185 0.1906724660344121 0
37.89398435749445 10.87428185639489 0
49.60618644643358 7.344964724625332 0
41.84872931489505 13.01395903933509 0
40.9180842161107 0.2477153547688342 0
40.79641967832433 0.1694187013535604 0
40.88979862189522 0.1409516034103468 0
48.65121336323052 0.1858622986643628 0
48.69115234019226 0.3498539371161993 0
27.38259035629434 14.48061968173326 0
25.56818017709175 14.31438618646721 0
26.48141258232253 14.41327819049903 0
4.100117484832484 9.337565213305552 0
4.745246364993331 9.111747172162774 0
5.872414066008428 12.18965005224231 0
5.858979923500815 11.33432478840271 0
5.852913422277041 11.75935119708593 0
3.124190306550609 8.753437513349418 0
3.005030350401146 7.840299987903609 0
33.3649334962307 0.6837796769341526 0
33.50850543196726 0.3531251217411491 0
33.33501372983814 0.2115678154692979 0
33.15666563345369 0.3906132338646877 0
33.34347672364607 0.4036508831807382 0
37.6397536008549 0.08312006588436738 0
37.72199213760058 0.150587768860813 0
37.68952377511845 0.07502036696604009 0
24.64190615715637 0.1068012479480807 0
24.70199953302616 0.06067171340771971 0
24.61770083187887 0.05028002532010234 0
24.65794409477734 0.05417347174456388 0
26.41262712737623 0.05897335497808776 0
26.31868681782493 0.06846849558603374 0
26.36690460646088 0.06412348298995774 0
26.87397012296915 0.1081721061826464 0
26.94344726269656 0.06236447375363241 0
26.85031471544301 0.04771984549243236 0
26.89365502702926 0.05584858488488464 0
23.90341090026047 0.05469166303226203 0
23.80915505244468 0.05987616648646998 0
23.85732500571063 0.05782730691235116 0
28.29032731587028 0.197575069810183 0
28.36926590164214 0.09240091600754319 0
28.2592723201669 0.08083747310955047 0
28.31274412536793 0.09122583678126617 0
27.74509284224 0.04905397311777904 0
27.6538622039926 0.05373275914737619 0
27.70023343865066 0.05158122549073241 0
25.57227207820857 0.1162619423347024 0
25.60380983098091 0.05408719663758355 0
25.51333738688361 0.06478187742499664 0
25.56181036690766 0.05850322639009953 0
27.49763144083328 0.09240276015379045 0
27.55862798356854 0.05219365217867988 0
27.47579154928116 0.04451382657816616 0
27.51524975032703 0.04708941478780915 0
25.99251283371354 0.1401674640877015 0
26.04817600272316 0.0642035217704926 0
25.94957090003112 0.06460667811520082 0
25.99950556294743 0.06682187427516162 0
24.00675737838782 0.1200213732967033 0
24.08182702801893 0.06828118508185099 0
23.98824531859831 0.05241993348167107 0
24.03140755968843 0.06155307415558298 0
26.52732521289653 0.1197491133079538 0
26.59167282806939 0.06554698376995383 0
26.49736720889809 0.05347684728679347 0
26.54171514536726 0.06069383358542346 0
24.46923136104033 0.1335207583472648 0
24.52938592288037 0.0599089790088474 0
24.42667959654221 0.06197954324786892 0
24.47855930055974 0.06337608869000988 0
26.72007354536078 0.09385814241170642 0
26.76615764217226 0.04744971235491668 0
26.68222486180372 0.04871032129757324 0
26.7231371124461 0.04688913033712971 0
28.7455239030008 0.1144831423776544 0
28.81975226314641 0.06391581450602146 0
28.71947945726414 0.04996801322394795 0
28.76738954656368 0.05814749374627048 0
26.15703437611145 0.1188092522438016 0
26.21959585343475 0.06739181844216446 0
26.13439015407176 0.05523204725690967 0
26.17491175543724 0.06005851135760487 0
25.0504186269518 0.1255329377842536 0
25.14152128683894 0.07314440406292988 0
25.04485904576152 0.05380822911297578 0
25.08932781937591 0.06483269495735122 0
23.62666073804015 0.09443930022225189 0
23.70735353881982 0.0552402932454541 0
23.65879350110029 0.0460716314068641 0
27.32475617005259 0.1209130518488148 0
27.38820705502828 0.05429066338888688 0
27.28455908442908 0.05838396854144889 0
27.33662867233625 0.05819776651411779 0
27.83959671603661 0.1094191606195878 0
27.91624407166378 0.06519256035260312 0
27.82758520841694 0.04784145131918827 0
27.86792743089271 0.0571603718582061 0
23.25507734223358 21.23898605661926 0
24.24996804061733 21.21744392149117 0
42.7090216944909 0.1502053193923594 0
42.60318098036934 0.1046104569727397 0
42.49461834057706 0.189933922952763 0
42.60170018934914 0.1858138931138882 0
49.46943296981986 0.09990364388454864 0
49.48004337089959 0.04220705989636286 0
49.4100129888343 0.05829093686788234 0
49.44822188143821 0.05045248883002884 0
31.10823831530919 0.1393331311476089 0
31.15649863204706 0.06167118325634036 0
31.05525761314906 0.06607199919673334 0
31.1072786198072 0.06637317060354597 0
57.29458885510473 0.06212206632303641 0
57.19276141681398 0.07204401774402136 0
57.245128096043 0.06923189409952535 0
34.68911317675575 0.0983223578045429 0
34.79764606101217 0.1645611685404926 0
34.74237813783007 0.07921452577818044 0
28.94646293810468 0.0947633484765209 0
28.99502196582358 0.05099152795270179 0
28.91234616307999 0.04880428844448126 0
28.95269222507569 0.0479992570698542 0
22.21562973319253 20.34232999531316 0
22.24989439688422 21.26527695224769 0
29.71773516743474 0.1194057234941006 0
29.80102182474359 0.06769159754086651 0
29.70053599454763 0.05164041321005541 0
29.74773034482998 0.06096221181039141 0
57.53895448370885 0.06566896395966992 0
57.5961797421897 0.1482907942537519 0
57.60111301222844 0.06660579540336364 0
12.42876395228436 4.648217508707841 0
12.45515692024146 5.089298489295876 0
30.51949111621121 0.05752561401367196 0
30.42337926255514 0.06248950178595436 0
30.47231327445176 0.06050170299218927 0
18.57053028078852 1.922966666084157 0
17.61225773565369 1.938746376277663 0
31.88993303755097 0.09601954356884512 0
31.95797698407843 0.05213227604502535 0
31.86323532600359 0.04501335933207073 0
31.9083806478651 0.04792321512313791 0
9.891984877179848 3.766763023354724 0
8.808279760405888 4.713680630133059 0
9.723784217666438 4.677511614805777 0
9.307072729823879 4.216153151099572 0
28.23123925340645 1.087273391881121 0
28.66594246658109 1.247385952304874 0
46.92098484335329 0.1049462841633542 0
46.95542656373874 0.04967947824994567 0
46.87450716378382 0.05836756606153237 0
46.91690177596137 0.05308235973023834 0
5.777935504978075 13.57131030953458 0
5.118824504789302 13.17384772192399 0
4.775505106026102 13.94982276128609 0
5.660534031355422 14.27813198491114 0
5.332011428630622 13.76333289191622 0
31.49741665321383 0.09980916276130536 0
31.52000924744884 0.04733594208843073 0
31.43342070575157 0.0580232574655728 0
31.47936790063222 0.05111229154219643 0
49.30925158059502 0.06145610678442814 0
49.38927330359257 0.1347609378018362 0
49.36256492928935 0.06317914172574746 0
39.12914480969431 0.07297947802240756 0
39.04191963146209 0.04276995280076434 0
39.08213995170355 0.05389482390755518 0
29.2948417388357 0.1028426345162767 0
29.35288830167409 0.05940893027364602 0
29.2672709956796 0.04878267501025846 0
29.30784648086063 0.05261297738690729 0
29.13536759273421 0.1214097380679746 0
29.18288741634908 0.05655258157080389 0
29.08628844227714 0.0572735294742106 0
29.13488279230253 0.05861899495726597 0
31.27358502672981 0.1061582033371398 0
31.33132488373736 0.05991710258584071 0
31.24278971675766 0.0506045291522188 0
31.28486841384283 0.05395669966104677 0
25.104293305973 2.507373605997531 0
24.61846245929784 4.346857844641953 0
24.85185105000469 3.417855339044033 0
34.10579884306487 12.85999365476155 0
37.33273317824433 0.50017324939469 0
37.34209509682557 0.262971353398644 0
37.19363243748784 0.1880179420631158 0
37.23919414437538 0.3210498120532463 0
36.54503832455359 0.0664343124146356 0
36.57932923679843 0.1354087794428906 0
36.63271033600361 0.07616145681368813 0
36.58686750395324 0.06921131024329341 0
34.16826455009436 0.5632851572502062 0
34.31619165390178 0.3342917341758067 0
34.14955955964795 0.191148762473043 0
34.01366618846438 0.3509768385798093 0
34.16808666945059 0.3555319727616286 0
6.288058221367447 20.90211176137547 0
6.291402111675701 19.88784309750648 0
5.654650143556601 20.40251327265937 0
30.63689204277357 0.1324180762727671 0
30.71160512696012 0.07733871155478766 0
30.60924541353878 0.05702315563006977 0
30.65714055205765 0.06845860417760896 0
61.64633367932568 2.892712019175544 0
61.5792312416504 3.800878077697256 0
6.410995635329932 6.305936634308932 0
5.862845929307088 6.9688654911531 0
6.889337694392669 6.883932461096527 0
6.396260681184089 6.869026887292326 0
51.74012276068593 0.1248700197594914 0
51.81294809928927 0.06005692146985098 0
51.75454031999804 0.05828704546784991 0
17.50176728644576 19.39629961601137 0
16.45785244171415 19.06707265621199 0
16.05091148246529 20.04691628633903 0
17.21555806158742 20.47527957911185 0
16.79911056717829 19.7412682556703 0
28.17420119948926 15.47534689121752 0
28.27528364880999 14.57016873918513 0
5.940765157383801 10.52503148424421 0
6.142258619186787 9.638067508301418 0
6.016278610951414 10.09495002230276 0
27.59520573403683 0.1123077445437239 0
27.51156087386883 0.1706162257295425 0
27.58381509673318 0.1803446073290935 0
19.70067812138386 17.38128014472326 0
18.65028134966159 17.52528778729179 0
18.716899662839 18.49882135335694 0
19.23287580630378 17.9633911914493 0
31.52969426925381 5.184487318788044 0
30.40902822363393 6.292388158429179 0
31.5186314882408 6.367682391417264 0
31.737145431917 3.101608186217437 0
30.67733922868044 3.737166905154332 0
31.62432529243875 4.087912070918728 0
44.18560864057785 1.992176557636645 0
44.0015296389681 2.855233273479417 0
28.11923846392109 3.908905771356636 0
27.02686059781455 2.295246691722793 0
27.52474340546632 3.117321374585691 0
5.476051244413153 15.70872569599251 0
4.969851156003337 16.11611198437347 0
12.41609119650382 18.8778448089108 0
12.45007355969557 18.41862925166547 0
29.24625606864717 7.16021070890877 0
28.2521155518154 8.544898939793882 0
28.83868766616086 7.967961260340078 0
53.9490755594502 1.03971740518225 0
54.20706913274601 0.5375207789624046 0
53.65370344638308 0.6594991207764416 0
53.94309353157362 0.6437879255527363 0
50.58966482020011 0.1612394241216126 0
50.65066163502992 0.06993341146161391 0
50.53093475750408 0.07738722983038393 0
50.59271220955991 0.07731802391411513 0
39.7691540388561 0.2844372230721426 0
39.98805519129053 0.5198058825569625 0
39.94566691326126 0.164640068202722 0
39.94250461242952 0.3122341128096924 0
56.21982205475504 0.07947568729838395 0
56.16285411456714 0.09894906089435018 0
14.63710439101262 18.06417194566537 0
15.03679424757656 17.90694522189655 0
60.23096054125417 0.05663544118492325 0
60.23718992460476 0.1285437107158796 0
60.32318896341231 0.08283076203061412 0
60.27368576626387 0.06714506817664301 0
37.59420379723325 0.1822243303425903 0
37.52684608415678 0.07737757452654925 0
37.58437396901402 0.08518268590051825 0
27.08330353569666 0.09423732797656825 0
27.03974776361671 0.04875613394547074 0
27.08460871492923 0.04605830783501119 0
24.80067123774839 0.06205902039909716 0
24.85103604588041 0.05630457665978561 0
27.01387681356039 0.1103828770360877 0
26.99471249805616 0.05656822902593639 0
24.7448394070759 0.1324748103506899 0
24.75076826787664 0.06364012476041836 0
26.46391631660467 0.1075957528397016 0
26.45628907517501 0.05429941132524796 0
23.94604609914975 0.1030925584436027 0
23.94715444266547 0.05176896044107515 0
28.47696932272618 0.07651795659518257 0
28.5260175076407 0.06389089517604063 0
28.43891831054229 0.189168633889615 0
28.42550430180474 0.0885451499940757 0
25.6337975526972 0.1140400459822555 0
25.69181307919945 0.06175946514179032 0
25.64543997693529 0.05709758672499454 0
25.74728716569814 0.13140534148482 0
25.74345333507616 0.06049790758667406 0
27.78472443325303 0.0926889416770571 0
27.78762163958213 0.04671307288626458 0
27.60575212588319 0.05444173718422718 0
45.30075088157534 0.05068304738940377 0
26.09868510535107 0.1171615690075605 0
26.09376721791907 0.05857184726130171 0
46.82736860347387 0.05866658625643062 0
24.22471448467183 0.1000936030263588 0
24.18050058717997 0.05143695191451236 0
24.2259258423294 0.0482524795243009 0
24.15313311655437 0.1200635736124447 0
24.13444185187501 0.06122501759691978 0
29.03968609536498 0.05427761127254627 0
26.81305130060503 0.09287615438445762 0
26.80950459986331 0.04644316193884634 0
26.66145640127836 0.111030876196013 0
26.6404954885024 0.05776411566729323 0
24.58291835261605 0.1065090437085026 0
24.576338632227 0.05377034473020181 0
28.88851934126432 0.1103155028811642 0
28.87015452602085 0.05712557149857744 0
26.26344861709256 0.1477912191546213 0
26.26901935145055 0.07059000662092352 0
42.38343157607375 0.05370890907859049 0
42.4306382982466 0.1027564715265008 0
42.43313772479768 0.04929966926713902 0
25.20867917068501 0.1335032733731278 0
25.24874676538185 0.05667978354156489 0
25.19807741691 0.06680685075398252 0
25.29071909006911 0.1166088153685685 0
25.29655142961526 0.05496989649553718 0
23.74316896599931 0.1253465952243857 0
23.75839499646234 0.05987895385608333 0
27.43990787704949 0.09348205043890623 0
27.43468261598258 0.04789589741334765 0
27.97751924220595 0.1221967426459099 0
28.01740617462439 0.05266254607116316 0
27.96890431287922 0.06070239132676747 0
28.05231255175622 0.1080707778470273 0
28.06225406238435 0.05127872023183677 0
38.99615943564835 0.04465562464818973 0
40.40478708685419 0.04981446550810276 0
40.44651258537503 0.09055921867468086 0
40.44984493108964 0.04385790194745454 0
44.81526992235341 1.238624949253557 0
44.24022899207412 0.7636018011150849 0
44.24935031807867 1.281107407393041 0
49.55820942695902 0.08346324038728348 0
49.54281583115527 0.03929373978845518 0
31.21424504944698 0.107165714780125 0
31.20248421149022 0.05453346393882796 0
59.48374132802383 0.1283106546636077 0
59.48578279928223 0.05773594334539034 0
55.4517943370219 0.0570891609867008 0
57.35869719575206 0.1074579836692013 0
57.34406499705773 0.0515452161232961 0
34.47712278095267 0.1669326783255727 0
34.56370739541798 0.09948856639407921 0
34.50610864510959 0.08078155731093695 0
34.64795660846129 0.2326614201540806 0
34.62809700450135 0.1068215377911308 0
56.91420575571769 0.06530013944714952 0
56.97063679370267 0.06413473019383531 0
56.56805588042601 0.05318630930529622 0
56.62366869221904 0.09136640200482127 0
56.66017361377999 0.04351766881316266 0
56.61635362056501 0.04682496075447773 0
56.69053775542945 0.09010917971988164 0
56.70451841925112 0.0442625465085964 0
35.55273313798451 0.1715300128253077 0
35.529325948113 0.07541368199495579 0
55.94778105777154 1.019420912072567 0
55.36716816564403 1.487173574972518 0
55.91671624556 1.631446188250489 0
39.51941959938382 0.1293816276207096 0
39.47833048911852 0.05938982427726813 0
29.94555567978654 0.1032387613728005 0
29.90198973406808 0.05160036329624518 0
29.94832737863453 0.04942191871264612 0
29.87212554230337 0.1199767155226503 0
29.85502546730572 0.06099231470833111 0
30.56562847311909 0.1099990823625259 0
30.56568292975086 0.05521556592931631 0
20.55387274660485 16.00066808066528 0
19.41836167936929 16.40001692215271 0
20.14787549490001 16.73318415056757 0
51.73918992111547 0.9953132242378562 0
52.01972456779858 0.5408814927512005 0
51.71908206160239 0.3555878924481419 0
51.72905878622918 0.602473517146727 0
46.42442051980788 1.157781230156809 0
46.91477441411408 0.8028011354303786 0
46.27831796600042 0.6049903049585446 0
46.55795392886264 0.7404395687774699 0
32.0153193569936 0.1089881645669593 0
32.01273992124378 0.05117365521586059 0
56.3107909130081 0.04600574986881689 0
56.26857186589899 0.05730684726795054 0
43.00380270234154 0.1298634397747573 0
42.85172574192001 0.1179135372002413 0
42.88425326759538 0.2928745271265303 0
42.92467344792092 0.1354147325149739 0
46.26028652817184 0.06288087932430564 0
46.33016828784876 0.1048122750594231 0
46.34612581625473 0.04796725183996742 0
46.30566558078081 0.05340203147155798 0
46.39247755381784 0.09926057633149732 0
46.38939032099509 0.04803405945542139 0
33.67097283873265 0.161495037282215 0
33.76140810540186 0.09100269518174997 0
33.69975337932061 0.07706025443785869 0
46.9724162700298 0.1089537661699715 0
47.03582613687632 0.06005336173054054 0
46.99319723428832 0.05416285780558106 0
47.08601630545893 0.061283975294673 0
32.35255165224999 0.05291177183988616 0
37.09749141889408 0.09533577461475673 0
37.03583502899741 0.09274202756519045 0
25.34069057384422 0.2375781060712043 0
25.44551331085332 0.4159285938067327 0
25.54339226138102 0.2299508118522677 0
25.44879866407133 0.1440784893469846 0
25.44644041307305 0.2544455189017114 0
31.67995299287054 0.1167337384518099 0
31.60975076679341 0.05490811099815573 0
31.66237866653891 0.05424305285130337 0
31.55802753470244 0.09823437200418184 0
31.56228522889106 0.04995461878297291 0
53.60788627632956 0.067141803971559 0
53.7123286005807 0.0603814295602767 0
53.66182981911145 0.06588136309693837 0
49.25822432986796 0.1119834221127842 0
49.2146499872599 0.05235319292373219 0
49.25926237456304 0.05588938987758851 0
49.12481996348522 0.06727111865444613 0
49.19332814689378 0.116565584241366 0
49.17286029187648 0.05854773127557777 0
60.57246592818629 0.1823616358028843 0
60.56592582707548 0.0804717727183899 0
38.43771670839129 0.07295212357925607 0
38.53083143560515 0.1506876234115815 0
38.50011231563133 0.06848103235758174 0
30.16131393489256 0.06501281574239925 0
30.21533253094422 0.06226973022470261 0
52.17630816684139 0.07218299206037493 0
52.23706146982418 0.06175142945715884 0
39.25024749218102 0.09525830601361029 0
39.18645981022575 0.08922185966484264 0
29.45351684566769 0.06242053143934356 0
29.50384307887987 0.05708696175592465 0
29.40271511169937 0.1311039957754527 0
29.40298931695949 0.06308685388641777 0
29.23774563020449 0.1009580979115459 0
29.22740559515621 0.0513228993569026 0
36.8509533168741 0.6166611167175056 0
36.85215362864081 0.1960922740186231 0
36.84600754032047 0.3598636736812946 0
31.38975192364925 0.1282758341279902 0
31.38323326249006 0.06148035538905283 0
37.35372146511266 0.120525348797468 0
37.32444130394731 0.0556276925071213 0
48.00793376883657 0.1139980987041902 0
47.95838452096319 0.05156407437428179 0
48.00439671593003 0.05316349782210139 0
47.93834217299906 0.1132736760995225 0
47.9151717352367 0.0538506591813519 0
58.54246776062699 0.06171645650831792 0
58.62372835735005 0.1442015327391033 0
58.66753786381939 0.06189941189800763 0
58.6064213168342 0.06649770531340415 0
32.80855890686947 0.106506487314272 0
32.85656797897541 0.05142965665399046 0
32.80971734845108 0.05114265872469304 0
32.88231409225359 0.114615014092692 0
32.90188050801693 0.0555552701836568 0
52.41380477851838 0.4930618309053649 0
52.72303054782219 0.8158273652917245 0
52.90135108277883 0.4523558208198644 0
52.68514483265083 0.2848940530331401 0
52.67185327153079 0.510002747331427 0
40.10375641553443 2.650252437093513 0
38.94980815975721 1.720473392741344 0
38.09691113375116 2.629903442721401 0
39.09783110849327 2.645924631694889 0
41.10487212882118 2.611124876871527 0
36.96849945774461 1.679002893712649 0
36.14013685394619 2.59834345938757 0
37.10952092935576 2.609908354993205 0
5.634124895504794 7.742244740607194 0
6.366735824456807 8.319933482277392 0
6.002163764911284 8.087658072846704 0
44.28499396849616 0.1099904304548431 0
44.3495942032867 0.09918891818286468 0
30.17478260685903 12.74786100120338 0
36.37884628901725 0.1860929835062688 0
36.45129906164001 0.08350852865727809 0
36.39522912429319 0.08370523251141293 0
36.51331871731627 0.1478901982676266 0
36.50154704096207 0.07413310631635994 0
22.12118400366547 0.3820637229261195 0
22.39380086532794 0.3298295607700652 0
22.32068842211292 0.1279208180086293 0
22.25655007020825 0.2571641961889153 0
30.86124389890445 0.1130635755044871 0
30.80875821298291 0.05877084937508492 0
30.85344364114625 0.05429097088319423 0
30.79508706232705 0.1367973224248509 0
30.76462320769687 0.0698299647093279 0
18.05281870588061 8.004171798065556 0
17.8081356873724 7.677578725666667 0
18.27538895142309 15.97480419281428 0
18.06096563911177 15.42427108362599 0
17.84115404291461 15.77098749975931 0
41.42698217495385 0.06053269977826403 0
35.04544213522684 1.721638818088527 0
34.3319784322046 2.589648112240239 0
35.21521528330663 2.60350067042407 0
40.71948725207523 0.09930965755387433 0
40.72325970548096 0.04541365699987487 0
17.78223933781758 4.957427355799711 0
18.90092836827214 4.863198621307996 0
18.34532520647789 4.320158262243035 0
47.34740725711365 0.2277333838496141 0
47.42431209525657 0.1530151801800876 0
22.90972122423941 0.5749657841377083 0
22.97839591401733 0.2012439138813473 0
22.97208878651936 0.3584440629808991 0
10.78615754715615 4.077083624793488 0
10.48084360310084 4.728251940248102 0
10.91899579805316 4.551706967051432 0
18.27100407463846 15.05923534384397 0
16.89647436087951 17.47912801294855 0
16.5698023842265 17.09039977777008 0
14.42269984691462 18.63546106941433 0
14.24522387765893 18.20078044377286 0
14.61145846549831 5.464708748572184 0
14.49471123857006 4.957909347729052 0
14.25292896614299 5.315044281621791 0
8.76833348782543 5.585370273882427 0
9.509893750248999 5.770960687436061 0
9.107785823800707 5.976558929746531 0
3.233244135555022 12.11915799885044 0
2.808818698575074 11.35533966300004 0
43.43996200142973 0.2867900793792266 0
43.49330373113492 0.1232714890844573 0
43.3554036579916 0.1311234707889763 0
43.42588831318008 0.1355462571069914 0
20.10297190376473 14.92898543275711 0
20.86521320807005 15.20892806392948 0
22.16577331474539 10.82498622804097 0
21.44259341146543 11.76453311341942 0
22.39740360628737 11.76910662559166 0
53.95018695505109 0.07839565475831733 0
54.0130128620972 0.09566959521441909 0
54.30247999670986 0.2276078988708115 0
54.28171048477793 0.1002568523035343 0
5.331444797193626 17.90316558315551 0
18.77039822799728 5.99138039512626 0
17.78261412345159 5.922771310514387 0
18.16298731335416 6.383001468925593 0
15.05684122131834 5.144093874734169 0
15.007702300975 5.568664832942694 0
19.51021909709952 14.67949607923374 0
38.2228344901898 0.3014474909059892 0
38.01273065820465 0.1788173301879414 0
37.89503402236077 0.3053611849442337 0
38.06008641332154 0.3366515029507884 0
55.9569918429753 0.1501672510669803 0
55.93667896304542 0.06114655191426799 0
55.983110109131 0.07651935400689602 0
24.49484889964902 6.259396462720081 0
23.78082818595781 7.466970632108719 0
24.75948985622639 7.222161510814869 0
47.39232798843489 1.272727661230444 0
47.5907106759815 0.7078051079586398 0
47.22251730580704 0.4614725725850555 0
47.28373402169508 0.8022922541038895 0
18.7502908128538 8.114682623123247 0
18.31141338052808 8.375059231040982 0
5.435759736869848 10.92996569577273 0
5.887186281464643 10.92427877449286 0
17.66481472964233 18.42157362186543 0
17.71646637841658 17.5517296087866 0
16.75655555963178 18.23588024115827 0
17.25716329959336 17.92212588327431 0
45.58265752257577 0.7499904806707889 0
45.93342249821122 0.5294110152993525 0
45.58020931881826 0.4038820895549513 0
45.72957599111606 0.5073883650811304 0
32.96244424420956 0.9815872241001777 0
33.42763753675715 1.700361906555125 0
33.8103370316941 1.016287708464503 0
33.39172077681481 1.091985909959043 0
58.45815394532073 1.813307919894902 0
57.79932363472315 1.856012420388586 0
25.98861926297429 1.740079388089628 0
25.38150481642852 1.067333639536962 0
25.28845543754889 1.692444282021427 0
26.05547661197856 17.37331112487726 0
24.47494999557719 17.30763863507815 0
25.29931759444622 16.70562330867143 0
44.21137254204322 0.2427887193240021 0
44.03633874167016 0.3823447487970473 0
44.21965912713821 0.4392690178334604 0
5.486882875622804 12.61029945851682 0
6.005975162559334 13.01878274274688 0
5.919376459102086 12.60597368837815 0
46.44853777780028 0.1939504405230803 0
46.62639702930924 0.2003644870347774 0
46.54035357132754 0.1253717036593205 0
46.54025369735447 0.2022517260064287 0
22.57839025411102 0.5660253260466597 0
22.59745751871929 0.1935745527368482 0
22.56135510942395 0.3499325000834155 0
53.2195680214915 0.8703413554216972 0
53.48533995943917 0.3787146052008126 0
53.19655478738115 0.4843851386496194 0
53.39317207128224 0.5944936938589382 0
55.1774513475892 0.3420192920130845 0
55.34477358527623 0.4114364423078776 0
55.29079764845613 0.1669425021003796 0
55.29897034849229 0.2813876739615448 0
57.07961553692438 0.436734791424275 0
57.00773186484745 0.7086365979399201 0
7.104390219385166 20.3374693785849 0
7.7878808386724 19.43269334117476 0
7.000800968756437 19.58795713763029 0
32.02499698719602 10.75719706220229 0
12.34261560011031 21.84225207207497 0
13.05339113328971 20.88582488283732 0
12.22240556090648 20.0765125516237 0
11.36675852605808 20.92055199900911 0
12.23681269156726 20.91505155798476 0
11.53814572835575 22.89898001360664 0
10.54126952731512 21.95235111139165 0
10.60011232623776 22.9485439538789 0
14.97946580893813 19.66875510366856 0
14.5696818295419 20.59192006868048 0
15.6237198050681 21.07960376883488 0
15.30625351735418 20.33958449295969 0
51.05073437578608 1.461484647940798 0
52.41273474323692 1.460916153976902 0
51.73116438232634 1.575533314355608 0
61.11429330953553 0.3676203220297545 0
60.92004517603237 0.2475061220973664 0
60.72471121101835 0.4275277679232001 0
60.9283801507663 0.4443775005113828 0
31.83282754628355 1.452309027643967 0
31.01388623429822 1.960731633104158 0
32.63212557358536 2.396878373093813 0
31.7994627949083 2.20724048932982 0
10.94189758219824 18.53563035381735 0
10.55974553861049 18.68076366790855 0
10.87158949212866 18.91588403906057 0
30.09184986513137 0.1320735779557687 0
29.99608297099787 0.2044124823299445 0
30.08252535156975 0.2245218473073702 0
52.81115249091686 0.1138034611321963 0
52.63244560299117 0.1043140440216188 0
52.71864205735334 0.1245669396884281 0
9.602487203688838 21.02632617495631 0
8.662784463560556 20.18770113671039 0
7.862558611046794 21.13855983337208 0
8.721796957893485 21.09085212748754 0
28.16110005476404 0.5509909060592602 0
28.36867487044815 0.3678099257462595 0
28.25073816600956 0.3461917037757196 0
61.88848567422264 0.4172034097781907 0
61.71714481083032 0.2204055396254105 0
61.70064015911564 0.6838693214057656 0
61.69983820316137 0.4124806987316134 0
33.72364401131372 0.3415107808124702 0
33.90944815218869 0.5639079566370189 0
33.85641384982718 0.2022184776239992 0
33.86792606319466 0.3615108161082148 0
19.25667662850459 11.92443923214087 0
19.88214406896148 11.45725764739234 0
19.19922991933632 10.66388353575338 0
19.26038183910004 11.269109120295 0
6.817515653385161 4.949670129670075 0
7.853446266504466 4.753872058469815 0
7.2912631588725 4.295404941676853 0
30.1246752296887 2.426568896049812 0
30.40593928124604 1.070538292769438 0
30.31968182795876 1.688917504152707 0
60.99478462344521 0.1026336352230235 0
60.92427343505281 0.109495428148227 0
28.47582998887836 0.3170982837600906 0
51.11412198737992 0.2009586802400687 0
51.2344221816836 0.1832881523752707 0
14.62318921350159 4.16221741058728 0
14.31721266891632 3.541541980904082 0
4.345654397588305 12.61280872108647 0
4.969183109633807 12.58933567095144 0
59.51010819105417 0.8336327903041223 0
59.45845150375402 1.37158802856206 0
60.15328521293173 1.358851842576168 0
59.79120596323754 1.075018055739443 0
31.92929944246019 0.1719331862596647 0
32.02817390857302 0.2521916619022164 0
32.01418523081651 0.1759143002842389 0
45.46950032557413 0.183987303438748 0
45.4334436829937 0.1098098857902272 0
38.85088870333743 0.2031315347727087 0
38.96282854718901 0.2658348495429586 0
17.32868885989397 5.529415061589608 0
50.97304435744199 0.3214908901431279 0
50.90117118222017 0.1316989151141463 0
50.99676967609187 0.1794228532925501 0
10.48489186022623 20.96939804510781 0
44.21676222077252 0.1081175175812223 0
58.4577760596767 0.1025709096200238 0
58.48458446393668 0.0500019919555541 0
52.11316916888521 0.06773520854826032 0
38.36095122316183 0.1346868814077169 0
38.37808579860985 0.06363707419434128 0
49.07500521158228 0.1617666229678214 0
49.07144775255392 0.07161336911380012 0
53.53550441719813 0.1366977824092892 0
53.5504854936792 0.06301661608004139 0
46.20604442663183 0.07174669179672044 0
29.38151700452438 3.998272678471581 0
29.8291886613171 3.232528198743722 0
8.54723071610935 18.66835119695243 0
8.935975928963106 17.76694426279275 0
8.706311023673642 18.14999915018517 0
56.51631487094855 0.05681340759542586 0
9.216173845458691 19.23839173440479 0
8.557681267484828 19.36531726362947 0
40.36315669589099 0.1234085572918087 0
40.35915103336826 0.06337210232435275 0
42.34378408247743 0.1249565769092431 0
42.33066898062961 0.06438885491037638 0
60.16953144102463 0.1088651486758732 0
60.18566138438577 0.05356081715568273 0
44.00018963538668 0.163021631427231 0
44.02943467515764 0.07414011434517676 0
58.35792859176993 0.09133345723891395 0
58.33460549421561 0.0415757146925877 0
23.60087630901023 0.8296315074108218 0
23.01349240619361 1.128035362184381 0
23.49461464173637 1.331820049410343 0
51.909129955671 0.05081204755173374 0
51.94897779911855 0.1018906311872758 0
51.95311897881675 0.05007831847169797 0
38.24342001310458 0.1303420739759691 0
38.21435618265107 0.05885740046192289 0
19.5904294273692 8.292931977501627 0
20.16061029884871 9.48235252475483 0
19.90256865106367 8.867593391549907 0
48.88916000645304 0.07104555222228193 0
53.37797547782553 0.04969018258285018 0
19.70440335901726 10.16387108540778 0
20.52932024523396 10.86248513591701 0
21.108355949786 10.08129980907826 0
20.37524781948733 10.14678560709946 0
46.01940029195453 0.06707415091400648 0
47.69924904729348 0.09689541041456806 0
47.7625596075996 0.08637349356350121 0
61.09332348982683 2.009003806786177 0
60.56989233207318 1.703246649547609 0
56.35585901800661 0.04813775549398969 0
40.18180900554211 0.07852940966987454 0
42.13759836436374 0.07548288623100063 0
60.01830921056972 0.09986237196660852 0
60.02793945259395 0.04575934915644631 0
46.87586981254911 1.855604812154544 0
47.51819181017881 1.865335026948889 0
45.6754052652991 1.409625741234722 0
46.23933093613978 1.703076068978056 0
58.81446840199603 1.126783004114493 0
59.05575302037904 0.6807446290384824 0
58.68739302512074 0.432444581360695 0
58.39779553341035 0.6725056427046194 0
58.72982791198038 0.722851619557467 0
55.22600161572532 0.08000991954845205 0
55.28140534588225 0.07543016894431354 0
38.68135750008405 0.2024912356000357 0
38.44105296551196 0.2770212085305577 0
38.57236325622939 0.259712104067372 0
14.04275711209261 21.559532577056 0
13.44858163241391 22.65480881050345 0
15.12426377882291 22.10184020962061 0
14.31930009440364 22.38436732763181 0
14.11917337553482 19.31057094909792 0
14.6695193682601 19.10969233487867 0
55.88710509374704 0.1156152285969085 0
55.89246279164399 0.05525981325857998 0
20.42903901308778 1.722547490543176 0
19.52651221935914 1.851614099456217 0
24.4791724112333 5.287477816444634 0
7.955880120522135 5.616952493560284 0
7.151853482277044 5.84393505299621 0
7.46315667015141 6.521404719179717 0
7.660078949419361 6.070136785308261 0
15.46051800768109 4.430748072012845 0
16.09198666857046 4.108231626037716 0
27.49532023208041 17.19953480195263 0
27.93279241866702 16.36208846503414 0
23.48941541422572 0.4244775648565096 0
23.50741835653763 0.2137951759890875 0
23.36736645273451 0.162189572366243 0
23.40206761658839 0.2862505713432846 0
24.6327614147804 14.09988852438129 0
35.66306030939976 0.468011218058491 0
35.59026285779729 0.3007476855762157 0
20.02014451490601 6.170077568242661 0
19.78433300104054 7.362071364774351 0
20.50358583167988 6.929635682600763 0
55.68612516634627 0.1951990250224629 0
55.80820280889387 0.1906912849718942 0
55.75267411341432 0.1352860066090518 0
40.51560017273513 0.1462352307557691 0
40.62613185738324 0.1514699625535485 0
40.57542602540107 0.1049215370623333 0
24.45015764501621 0.3613565466318871 0
24.54884158752097 0.206834452390428 0
24.46083070226869 0.224368205861321 0
53.86253487902982 0.116048023105316 0
53.78008150407432 0.1063111709702032 0
53.80665717336139 0.1711935178995496 0
31.15574960854505 0.3647592412865404 0
31.20194706155666 0.2061671789176955 0
31.12318099318035 0.2307990267605113 0
33.47664517203321 2.52217250909202 0
19.69982485613998 12.75127849400686 0
19.0627833158793 13.09548168214166 0
19.18135229018795 12.55795028798568 0
18.93196548138035 13.53591355885168 0
22.35109271712333 1.060367999010674 0
21.87845971380987 0.6954206329202837 0
21.4580887534036 1.205363240217615 0
21.90117266738052 1.149783720688813 0
9.506690219209073 17.6439576224903 0
9.168841260786508 17.45517758863303 0
48.03132289192588 0.728008360109353 0
47.7786762560757 0.5331670764380778 0
49.32125632060505 0.2198508982096001 0
49.51951242410069 0.1981300591326693 0
49.42978927388747 0.2304293379093885 0
54.53483280284838 0.496950833334461 0
54.81883934321385 0.7590933029201903 0
54.73470314505757 0.478260051986819 0
19.09289211020899 10.13746886049021 0
26.42575519366731 0.9854650405676537 0
26.65139231775887 1.557548450618087 0
51.87977379190109 0.1069840442600327 0
51.84366760377969 0.2008974819882319 0
51.91684624233828 0.154470201592174 0
55.56497679779562 0.349237145485203 0
55.60625685108778 0.1233615096883369 0
55.59526682427574 0.2160713687262596 0
55.68203053637223 0.6177031234323014 0
55.90113985264587 0.3459497002229508 0
55.92717868657827 0.6076603963951026 0
7.270789465204881 7.411628358703635 0
7.357486459632373 6.974501935101573 0
42.78924043678154 0.7764815182529912 0
43.03331314043358 0.4526114373714591 0
42.84429660183167 0.493012132617018 0
6.849449728326025 16.92285733369272 0
7.296287879073454 17.33329956357713 0
62.23117642396295 0.06883970155367081 0
62.27289031173785 0.1481125714402332 0
62.28049901270622 0.07129011051152645 0
32.88104528481626 0.2535557508635353 0
32.87564702514447 0.526158905021072 0
33.0550170100535 0.1826072040090558 0
32.99279494110743 0.334318709586773 0
61.81089947647158 1.51370792913575 0
61.75642703426291 2.11341831138855 0
27.28865753357439 0.3026906468713619 0
27.05482300786962 0.4349818931938518 0
27.26792683644063 0.4685800742494219 0
18.49942530004483 16.67047647137672 0
18.13502250717872 17.13241851984076 0
42.34364780860312 0.2690444670155294 0
42.26229408833204 0.4220392482506252 0
13.65873467532937 20.06249264099181 0
13.82914390309243 20.77579442742431 0
12.92998267852672 19.47071030548777 0
13.53612581444032 19.43149972173166 0
10.59821846556217 18.19111399475829 0
10.08331169848159 18.07050106395159 0
10.03771416640231 18.67413124172985 0
10.31772747989517 18.3875125596465 0
40.3331224643938 0.6075285152974672 0
40.42730079717413 0.2567527891154331 0
40.40505960030412 0.4178727670495039 0
9.694875322758687 18.97913422319134 0
59.11775899341998 0.2043054975866365 0
58.95002230312709 0.1708346982360247 0
59.04832975443479 0.1314067526885534 0
25.95657926598226 0.3439254230687947 0
26.06223095113392 0.2228064387097284 0
25.98429484905905 0.2275256552967821 0
38.84999141688247 1.061551796161901 0
34.74843321004257 0.6783850674006686 0
34.81826011832788 0.3669909150397785 0
34.5294648484774 0.3626552594274148 0
34.68345229765876 0.4072440899687777 0
4.919728655704883 10.91052079035548 0
54.47545249409712 0.2510414707523605 0
54.52900433646531 0.1489440225412153 0
12.33312728388326 4.153341698184523 0
6.407497492847252 15.34689022812279 0
6.972997162937986 15.46637438935204 0
6.485264184486049 14.85255020985533 0
6.747010939677601 15.1282442660531 0
34.40784783550195 1.017677912819385 0
34.86695502994692 1.096083004343749 0
57.72464526415421 0.2352931754761354 0
57.8120283048416 0.160188936364202 0
59.91723151058322 0.1157141346700268 0
59.92827636948996 0.2592770713629609 0
60.08536790942046 0.1942460991196384 0
59.98937447412911 0.1686812601442433 0
29.21085029274156 0.1876148418866688 0
29.13479780877717 0.1966047321192068 0
9.812007033836306 17.83065629519228 0
25.66843710684295 0.2178054975767072 0
25.78172946926643 0.3426912458088474 0
25.75328155117431 0.2220379631694911 0
26.06305383248854 0.6087122147543855 0
26.53500805187547 0.4979313497794795 0
26.27609523610576 0.3837410398308236 0
26.32052610036373 0.6111312717532105 0
19.46834799533151 5.464935788883359 0
6.898350319801764 16.14193094162353 0
6.223944572998896 15.97805974708937 0
6.502993024129271 16.45236128612079 0
41.24203799589966 0.1092273207843757 0
41.25536022838072 0.04908094437400834 0
31.00435538942044 0.06095230383695061 0
23.64773191937394 17.80283382451062 0
36.21604799476679 0.07199355315596989 0
62.44442640326238 0.06394811389521848 0
32.591956178063 0.06222806208631226 0
32.65465644128052 0.1280873367515607 0
32.64802210349894 0.05943850685013174 0
33.07798719444484 0.0774792297239344 0
48.17001780425706 0.06608901204508832 0
37.45043247615173 0.1265412166408382 0
37.473026573026 0.06203737381012076 0
29.64441676486724 0.1009213446350348 0
29.65411437328684 0.04941467056954529 0
30.35596527447221 0.1329015293301996 0
30.37331358403467 0.06134227290288585 0
60.36731238173653 0.2070842604441268 0
60.38202774425621 0.09203189915631427 0
31.82161173551545 0.09205888365596948 0
31.81754803104179 0.04582562475456697 0
36.85622502863052 0.0849862051307344 0
32.53215483209076 0.06163376234180085 0
47.23595837768568 0.1418645916488188 0
47.25654397936133 0.06280580929579394 0
33.55803521215807 0.1549149821562441 0
33.53953568164438 0.06977036849932894 0
36.47670378847504 0.3001259948123565 0
36.35797886466101 0.3297922887842937 0
46.60853753066041 0.06283416051542012 0
46.54875693458965 0.05953686279380221 0
37.60480581190524 0.4828357464361055 0
37.71567239652278 0.2977257442933823 0
37.49610710837217 0.2627348739098316 0
37.60682991345628 0.3066897505652708 0
30.10683411339443 0.06107108969355046 0
39.34889577940169 0.1998797444344405 0
39.31317970752738 0.09053488580767421 0
35.33875970215856 0.08377418576820084 0
56.82681982551971 0.1289111618412146 0
56.85908715651813 0.06061338783244175 0
34.36773103288667 0.1524161756857687 0
34.34926205938 0.06835030046365276 0
57.12063179562358 0.1509334429263944 0
57.13840224814373 0.06927896534149447 0
59.27136737106877 0.1335988640514927 0
59.29381003261174 0.05863727287507103 0
38.81145128858358 0.08913753759212817 0
38.82874832218526 0.04128954794970774 0
28.20927836868636 0.06855043696863561 0
25.45917163299835 0.06484592955551882 0
24.37540805508772 0.05737600949345101 0
46.69030681300049 0.1286041901812105 0
46.66687560761973 0.06038016558035153 0
45.13543330283609 0.05312602205421513 0
25.89985257485364 0.05940942943102456 0
28.67164901284446 0.09869892776151445 0
28.67432865385226 0.04776911121953731 0
27.23313556059942 0.05494844007071542 0
24.98386469542928 0.1025755377777955 0
25.00046043529781 0.05005208232259761 0
23.64603982430322 0.189647326171329 0
23.71041022442169 0.3239560889173063 0
23.72882948544811 0.2064102756290822 0
29.32306946738793 0.1945132782987979 0
29.41905603676187 0.3367659504130494 0
29.40715795568554 0.2141519186334016 0
49.13839009151627 0.4999470695170007 0
49.1865503433502 0.2436725105236519 0
49.09441449249504 0.2936885378733365 0
8.349590580626348 5.172891938880555 0
39.53274816341282 0.3051394456081926 0
39.39050503532477 0.3537444506655945 0
30.35644207291414 0.3803832057879735 0
30.34641983014902 0.2283121168511322 0
16.22280505651056 18.47627225569574 0
44.99446709406969 0.2524355761796819 0
44.80072486821327 0.3706668371156319 0
45.07764878199943 0.6656828024071082 0
45.17628944919943 0.3716228092529068 0
45.00412701120403 0.4115120863991084 0
31.31881890339776 0.1968384556081446 0
31.48843870220463 0.1863216422316256 0
31.40857777108882 0.2064434881905797 0
24.66518689047066 0.2039105292370902 0
24.74404046619163 0.2174045820269299 0
12.3202087847851 19.40840367149445 0
50.80243289343306 0.7737415579050335 0
50.92369988558193 0.5067437942426629 0
5.909284773270265 15.02192297205781 0
6.094713454450972 14.61642777678851 0
26.17815280771582 0.2276690889897939 0
26.26352446779517 0.2422928785518135 0
20.51614228519 12.40625326803672 0
20.25624318273684 13.07290319107853 0
6.921701748154337 8.161348047744024 0
7.119411403391894 7.806265511573153 0
29.2673837822924 5.350549800442405 0
28.76075222836601 4.611013005574616 0
6.531656936669378 8.831297615213238 0
6.724124335281676 8.493148490774404 0
50.07863634666081 1.528268686881034 0
49.32038563750508 1.207217215633001 0
49.44442305080761 1.75715780235987 0
6.1387933492103 13.43360912187861 0
21.90489979148172 9.963585040569814 0
52.49564081555666 0.1138944639897659 0
52.41598568829626 0.09148705693567827 0
19.2227056703902 7.777437203245589 0
25.183742111744 0.5732596919129058 0
25.18153227192899 0.2947733343407037 0
25.00805170419224 0.2665686881481193 0
25.05844443562298 0.4127683923668641 0
49.21327307295702 0.8008168390501815 0
43.70900731021204 0.1646247355121364 0
43.69918496458569 0.07215738296866547 0
51.58989670091928 0.04540730365275181 0
5.02909302379307 6.504688224234526 0
5.296457971903465 7.216343480161486 0
29.66421147290857 0.4899063730154154 0
29.87233461086153 0.2568843703672314 0
29.70442651607711 0.2539907909394898 0
29.79960511146003 0.3750047022542233 0
59.37711802711863 0.2427327142510958 0
59.49755876048981 0.2240532319602089 0
18.79141524611095 16.1705951556989 0
37.32645261963343 0.9490995424164019 0
36.88702040997146 1.023419279863466 0
45.01180322906089 0.1416624452133721 0
41.13237826560776 0.1273093745327181 0
41.11877575086363 0.2862461896763318 0
41.20376004730137 0.1861656102146565 0
52.21009727696335 0.3914909024799336 0
10.58681205018718 3.476075229632794 0
51.8641185046703 0.05455785265672297 0
42.7020969338388 1.179384864912034 0
3.4030198290857 9.54653533658305 0
55.12905265714673 0.07116604198216692 0
55.08683830153363 0.1480587057487401 0
55.08323315913863 0.07143921420823496 0
46.71576061249037 0.2083165492884298 0
60.2218267617986 0.2646571394564408 0
60.47532038043322 0.4223223823701598 0
60.32751416373245 0.3628411867468557 0
53.75968321613988 0.05090052573281234 0
48.36547083032974 0.07772446915841513 0
22.72027848952956 0.09457548041953601 0
22.78772942825577 0.09126604345879841 0
43.24375926692917 0.2195534755915141 0
43.29151318665178 0.1063230804230439 0
37.15791643380815 0.08666758076849845 0
35.72380492480151 0.06082579759097051 0
55.61738946026342 0.05536869232107655 0
36.68427104729388 0.07915726210968188 0
22.97479567631911 0.08833562017567331 0
50.79439420554278 0.1491851401051232 0
50.83938812210389 0.08401107408938202 0
53.07490202469238 0.07051227547863803 0
23.16130054266559 0.08386538529894416 0
23.3449472226395 0.0713706153500393 0
33.83270289246417 0.08855887994649336 0
41.09814509322155 0.06137403050491841 0
23.53584612821452 0.09572496532165431 0
23.5156971835365 0.04491167049432576 0
42.60479756253225 0.04799131982803218 0
41.61841832914865 0.06349278270154457 0
50.42115120865482 0.139328776135633 0
50.470782775529 0.06534137582180577 0
45.61228959240525 0.1976092079838256 0
45.68945058299752 0.1011943448073449 0
34.90703545047576 0.1472114582746986 0
34.89873842317152 0.06433200305415987 0
59.87615035183754 0.05603139987692352 0
44.72171974626558 0.1557175232100168 0
44.74940633680249 0.06944980247614119 0
44.57285547179275 0.1494692576506225 0
44.52514734926126 0.06587070751332824 0
62.00593705435554 0.210798956529306 0
62.00049770318088 0.0907604015155421 0
62.19141536191551 0.1477617966240388 0
62.1824500635264 0.07130851361832313 0
61.10823904004303 0.1636011274743367 0
61.05419095721004 0.08020074609337335 0
58.03260697818015 0.09670981160231129 0
43.60644763906298 0.1928975672378357 0
43.54798111549513 0.09604058298289431 0
38.70321701726151 0.09019655844776864 0
38.67268110290282 0.0421510762561077 0
39.64993422174605 0.118774741052766 0
39.64598921168501 0.0524273338996526 0
62.35651976277101 0.5810807062646504 0
62.12886678577003 0.5740792777842874 0
62.09751354471291 0.9690644103764097 0
62.28060099305738 0.7862643927209412 0
62.30636043501174 0.3139524778248308 0
62.398627816718 0.3975233186487017 0
61.72855445148339 0.09258085668079907 0
61.45900873125798 0.07587920592081687 0
54.72332473844751 0.07219735109849879 0
22.65031114682439 0.08540156977111657 0
60.69355293738366 0.1866415769747594 0
60.72982101785841 0.08393615576783198 0
58.76932854903212 0.1014645373536656 0
58.71952223907119 0.04973874564439562 0
61.22105606610035 0.1366683865500651 0
61.21369761026061 0.05939165145034231 0
32.18199831821406 0.04748769384531748 0
57.44710547888519 0.1126676476388759 0
57.48636140589664 0.05438172956287701 0
48.34600796214995 0.8450067984945875 0
32.73477016828528 0.2111239511942742 0
32.63871620218355 0.2148831228552748 0
57.46102553722822 0.2409693844149015 0
57.38964023865483 0.1739747442703923 0
22.87162692048434 7.792410615245355 0
59.24010076509641 0.3976984269625685 0
59.32524647899389 0.6002692254977582 0
41.87482818450962 0.1844999118421686 0
26.78726771587568 0.3902298479082447 0
27.01734013157506 0.2280507651813881 0
26.86488764304537 0.2206654143039923 0
26.92647898073433 0.3279119438219311 0
43.88752908051516 0.154482832658303 0
43.87079822233668 0.06785944090221285 0
7.236137060989972 15.83717700921033 0
57.10595592195129 0.2622620977240224 0
31.74728524339665 0.2957220254214743 0
31.85809262519774 0.6217259490524771 0
31.99550727679564 0.3845068926888775 0
31.80636646993426 0.4276400658464627 0
50.71799906245647 0.1190834715197351 0
50.67310477804006 0.2137253860699069 0
50.73470298815206 0.186243530937471 0
20.59791036977289 11.63578065105095 0
43.62029959049976 0.4083939450403715 0
43.28314913885607 0.4462448211885039 0
43.45857657853249 0.4714723513117303 0
42.80050886268275 0.08183014395049781 0
54.53643833536502 1.456825832355289 0
53.31515121315799 1.49556899791158 0
53.91227080704247 1.600396969556346 0
10.38117461284307 5.241173520140121 0
10.27117607699885 5.596998930406732 0
10.62502867765817 5.473382853278936 0
5.778634955206531 5.55254350719791 0
6.534126210618243 5.650468910708598 0
51.4577044045371 0.08096905830595702 0
61.75497130141105 1.044892771151558 0
25.6962427292076 0.6249734262659317 0
25.42678121880836 0.662948350991595 0
3.9662457112222 13.41644145399534 0
4.131051440269893 14.03794141978002 0
29.43979372173346 0.5300345642002871 0
59.24374494454946 0.2422457341016031 0
52.87877521199931 0.08031955514529443 0
52.58454261548603 0.06573774810931532 0
6.330059320380414 9.203331233825899 0
46.11320809611844 0.4290075848850758 0
18.14403134661478 18.97941646413856 0
22.29150669318028 19.48750806675475 0
43.10520154602472 0.2176472294069445 0
43.07358046276678 0.1043703043639486 0
47.63082786345153 0.08272111570934371 0
32.2314810631415 0.3405034019289594 0
32.35102486653037 0.2890692381209767 0
56.70346421589882 0.1827061202362223 0
56.78832011466092 0.2174301023123313 0
45.38173633025153 0.3177035669100068 0
45.26536718288042 0.277435454110428 0
23.8911643662905 0.4949736208592448 0
24.2099635924912 0.5167857031135199 0
24.15729000530882 0.2591297527363086 0
23.98535967876882 0.2544357506698258 0
24.06003215868299 0.385724675534501 0
31.44903196498683 0.7880915878024126 0
31.00902246276952 0.5794104232205761 0
31.23783432363375 0.5596847323501599 0
26.68263538793935 0.2269826438847637 0
26.53769818760851 0.250135709453378 0
26.64149053439533 0.3468566342882013 0
28.90945621316983 0.228560768616223 0
28.75875343216387 0.2431001893257836 0
28.87024806114614 0.346526306518296 0
41.09527284865162 0.5761607861050635 0
40.968570728603 0.3901932414976006 0
40.70381954867691 0.1723845045025207 0
30.64280565800972 0.6034158371828919 0
30.39056581089651 0.6417508991964382 0
62.15633554965233 0.3084347421917943 0
62.04352580132031 0.3751376388929817 0
27.85505471031741 0.5394626140449503 0
27.93743851704172 0.2670154435194529 0
27.79639155865055 0.2246441902235805 0
27.81179262423272 0.3506089479341874 0
9.720200669339459 5.344227385095721 0
9.899780770273399 5.671215788778982 0
35.810941372595 0.6633636976565072 0
29.41311901866793 6.233009781740847 0
32.33091875273156 0.9149412564827433 0
32.67345836288275 0.742658561583788 0
44.65669645041514 0.259088899780437 0
31.60995829737164 0.1816372111120543 0
31.79882480744702 0.176627870132835 0
31.70787170033024 0.1936086451188466 0
5.985862675260499 15.49955019437186 0
53.51899731421788 0.2334656133205044 0
53.89813090652477 0.0585577988056194 0
40.13181458023118 0.7925757550642984 0
12.50158819556846 22.82002879208928 0
49.67339032764045 0.1640559890678954 0
49.80250903581259 0.1477558117584721 0
56.42097710131741 0.3298161000889479 0
16.77421011408495 21.58804465856027 0
17.66124580491366 21.27916238984123 0
24.4407576548444 0.5797544404120352 0
30.64251829349865 0.2855254718142461 0
30.58277237334271 0.1762413170058519 0
29.26608032277422 0.1500622527459345 0
31.25224625958253 0.1574650874809453 0
31.53856630601678 0.1445750936178047 0
30.84091930441144 0.2951032225094643 0
30.78722096013774 0.4520838285215696 0
46.93843224507496 0.1692142808180996 0
43.82436533846894 0.3618383651845871 0
43.93130562796864 0.2678074428072801 0
47.21822964358014 0.2592813718544882 0
27.97041144723148 0.8070499334679475 0
15.93291575316026 21.84873451315168 0
28.93351773533987 0.1485282491551079 0
49.55795958035291 0.1398387612168079 0
27.78743765692852 0.1457317700299221 0
26.12306384258153 0.1762940421805812 0
50.70156427788566 0.05844725085077584 0
26.76942522125839 0.1605541091257052 0
26.70766361893462 0.1480345560399048 0
27.39861012050356 0.1765337908242213 0
27.4621414441109 0.1363430589955748 0
26.48642240964311 0.1678400443086687 0
10.92634224367996 18.17301527389193 0
23.95565284427892 0.163723381743095 0
24.60999047125287 0.1598483275959417 0
26.83059976485153 0.145661203152244 0
25.60522198972427 0.1740046962267048 0
4.905095019397255 5.621450006295326 0
55.29840362175317 0.7995428701928677 0
55.00305130245442 1.135964152766002 0
41.3826779007169 0.7726067682644935 0
55.15875113460709 0.15500404159698 0
55.17476488326948 0.07557758342871423 0
31.8600905863639 0.1374444366476055 0
29.65827891841666 0.1636835945824657 0
27.30886556441226 0.1957078661913538 0
59.82204978799867 0.3579910286319219 0
35.1432358654711 0.08353531102648581 0
48.63312740101345 0.07753441165302632 0
50.25220219329151 0.14816746334877 0
50.23470841737854 0.06688122597274493 0
39.96721541097953 0.0682648215124928 0
34.15248970516576 0.08020723923886841 0
37.97153294318962 0.07575640944385675 0
33.34316630847089 0.08824865647862801 0
36.02279716333972 0.06183518003344091 0
58.14653199706869 0.5240820564349544 0
24.98571888574126 0.1680641025328242 0
21.00385061755427 1.413147615523199 0
28.69677314529585 0.1595018030226925 0
36.54736827107429 0.2218733698037667 0
62.23277941068335 0.2284804675146432 0
55.11767369908003 0.2354368653556929 0
60.61065546000046 0.3138617962470729 0
53.06406995477355 0.3566641875219414 0
59.0242081589734 1.621403160860192 0
57.59230347229145 0.2687489905817717 0
51.72515400974466 0.2120241822252744 0
30.85946966256514 0.1865791188350485 0
32.82461911471435 0.1727974206275711 0
47.99493398369259 0.1834870280279581 0
54.38066016821004 0.3839166712082207 0
49.23969997699184 0.1752850319186123 0
46.37535157355889 0.1555521220680678 0
29.92115364996162 0.1698164465511383 0
56.64983509018485 0.1359826781360418 0
28.01451420954042 0.1790030805071741 0
25.25571300114598 0.1946319292203125 0
24.20610432137946 0.1650088109229415 0
27.06460193337607 0.1498883626821232 0
25.87505082332241 0.4886532432444994 0
50.48621709945358 0.2756510471921185 0
50.35019574787113 0.2313089347115174 0
38.31967712747879 0.2176359166240278 0
43.69556551303472 0.2861255996217391 0
37.41004477130067 0.1933200435489333 0
58.50897172264131 0.2251152611057883 0
58.41110971343659 0.1578411126282937 0
33.61607013317828 0.2578753563826552 0
34.42171177166674 0.2594289663071603 0
22.3393091550242 0.0477349694657736 0
45.50714809680078 0.2796711814441295 0
34.88949877454979 0.2583216595388489 0
23.57882119187635 0.1481459481545393 0
37.78314869029799 0.2301244697471017 0
50.53685747179131 1.145334075028936 0
43.16643966910321 0.3411674142292505 0
23.67279036032708 0.5123563695182831 0
55.88889972470236 0.1977280171505917 0
50.59683630287866 0.2525915039441013 0
3.657307307256598 12.81994532904118 0
7.032314108864149 21.11293879992478 0
58.78201591655446 0.2195957932243164 0
58.65233396402725 0.2522370172414554 0
31.86377613624199 0.9351848532990203 0
32.10835510395977 0.3084639634724908 0
10.08137625753918 5.001919206095678 0
21.90658221782407 0.4245100540734619 0
61.20083526739142 0.2462309444329005 0
39.61921595153676 0.2117689378756982 0
52.91424734148309 1.176516008717973 0
38.76243128638303 0.1442837171419598 0
37.54151725824064 0.7159508748077386 0
40.43911171379266 0.1522082793012149 0
42.40172958008829 0.1697803158466051 0
60.17553709541379 0.1761183694654989 0
55.47334648253074 0.5385169673158909 0
27.44746763559293 8.824209697622427 0
45.28443579515397 1.020679181250037 0
26.87522070493679 17.92150100013363 0
34.07440809153015 0.80179668746581 0
14.90755274284117 4.679650594883055 0
22.71038216922093 0.8380181905752249 0
58.84660959194531 0.150558720131297 0
61.54946486353728 0.2589344119976662 0
61.47396015007112 0.3176473862356204 0
61.43614203350278 0.2277662847042841 0
61.51164674696894 0.1690533104663281 0
61.38743546319938 0.1520621558502597 0
61.37718584293648 0.2869332341479804 0
61.32847927263309 0.2112291052939597 0
61.34060704412443 0.4332075736369507 0
61.43738135125906 0.4639217257245889 0
24.218023755087 0.8633888084011758 0
24.39623659101639 1.079909398603771 0
24.19607979432497 1.306028125804033 0
24.01786695839558 1.089507535601435 0
24.11550090554945 1.738016712958185 0
24.53694218823982 1.362113421779689 0
24.45636329946429 1.794102008933841 0
24.78979743198158 1.158695409593635 0
24.64909183475815 0.8764913864177188 0
56.1135950953759 0.2281406897963034 0
56.19481331794561 0.3079966266350453 0
56.17381725222882 0.4415929899103848 0
56.09259902965911 0.3617370530716428 0
56.27225752847281 0.6512900305505536 0
56.26302230667547 0.3918060237976491 0
56.36146258291945 0.6015030644378179 0
56.27489135093693 0.2834694521988581 0
56.20668236220708 0.1996600550362562 0
51.39176011786629 0.06140964512152181 0
51.3905390744148 0.1044325916559181 0
51.33959665091842 0.04302294653439631 0
51.34392301311296 0.1097109147635429 0
51.3002378903446 0.0666879682291448 0
51.4005364336118 0.1972428290699106 0
51.44715249491366 0.1919645059622876 0
56.39086546456145 0.1550715521722026 0
56.33939791897619 0.1506644113134463 0
56.33914316663085 0.1030732747598222 0
56.39061071221612 0.1074804156185767 0
56.33451110870792 0.08492834563634233 0
56.30874996756032 0.1069956144599011 0
56.30411790963738 0.08885068533642126 0
56.26546709089138 0.1333887534408476 0
56.29611504230726 0.1770575502943927 0
13.69774739317477 4.565153038997845 0
13.34620789178931 4.361063599442403 0
13.4969615343882 4.006241757334605 0
13.84850103577367 4.210331196890049 0
13.33017327812745 3.514343229158859 0
13.10215599738076 4.103612855024874 0
12.93536774112001 3.611714326849128 0
12.89400766921214 4.328894830988988 0
13.13805956362068 4.586345575406519 0
44.51437159572836 0.5191239026961263 0
44.42075077419853 0.3643895597812978 0
44.5010288391158 0.3286665175852335 0
44.59464966064564 0.4834008605000619 0
44.51047580693349 0.248849502490188 0
44.42603506108728 0.2695284975574168 0
44.43548202890496 0.1897114824623678 0
44.355705113186 0.2253220565340488 0
44.35042082629726 0.3201831187579316 0
4.528486630494356 18.40402199362839 0
4.840727465191506 18.91665570365775 0
4.354741328347444 19.23497602038535 0
4.042500493650294 18.72234231035598 0
4.109834665468931 19.80989569615391 0
4.897917886391522 19.47741249158137 0
4.653011223513008 20.05233216734993 0
5.475269194697688 19.4037229764951 0
5.418078773497676 18.84296618857149 0
41.03833426061266 0.03385236878792064 0
41.02126925041772 0.0613725843600843 0
40.995334453612 0.02752021557216366 0
40.98230139714789 0.07426377386875949 0
40.95446024112299 0.04674355829659582 0
40.99877576244533 0.1309829295486864 0
41.03774361571516 0.1180917400400112 0
59.81407528315396 0.03102012142052857 0
59.80158369566545 0.05663169938343415 0
59.7706853562112 0.02561157796290559 0
59.76624600778297 0.07048660002252127 0
59.73383142905165 0.04487502205961391 0
59.79233651156564 0.1226343462304182 0
59.82767419944811 0.1087794455913311 0
23.27242168649457 0.242709817759021 0
23.23392118584676 0.3105121220158669 0
23.18362448154623 0.2435638538573848 0
23.22212498219404 0.1757615496005407 0
23.1274217994907 0.1827195828406296 0
23.15078075630234 0.3242784769956444 0
23.09457807424682 0.2634342059788892 0
23.17275410343476 0.4796997443009179 0
23.25589453297918 0.4659333893211404 0
22.86433329410211 0.2450901062911974 0
22.8143929129983 0.2960340477256889 0
22.78265942728257 0.232849405663643 0
22.83259980838638 0.1819054642291498 0
22.74240669322441 0.1949816886930869 0
22.74036037494908 0.2967210415956512 0
22.70010764089093 0.258853324625095 0
22.73069495729762 0.3839895308378498 0
22.80472749534683 0.3833025369678875 0
35.45616776238178 0.2382074372350438 0
35.41832879145834 0.2994535795159496 0
35.36209548125097 0.2361890669894962 0
35.39993445217441 0.1749429247085921 0
35.29407524354847 0.1810618904348544 0
35.33421953256403 0.3169385514382839 0
35.26619929486154 0.2618113748836421 0
35.37698504033706 0.4342881304933819 0
35.46109429923137 0.4168031585710459 0
37.02097717938334 0.4490257165937663 0
37.00504436886833 0.3194339782868241 0
37.08008324518938 0.3150759054310797 0
37.09601605570438 0.4446676437380219 0
37.11547167771604 0.2671455689528646 0
37.03779323566719 0.2475014971346461 0
37.07318166819385 0.1995711606564292 0
36.98927560376815 0.1863196564421941 0
36.95652673696928 0.258252137594372 0
42.05897042471574 0.1499195103541506 0
42.06995248887132 0.2194747928722318 0
41.98237395314943 0.283247835598571 0
41.97139188899384 0.2136925530804898 0
41.89372723352913 0.3938948241488145 0
42.07486910559452 0.3037241318173116 0
41.98622238597422 0.4143711203675551 0
42.17005122341929 0.2568138934991531 0
42.16513460669609 0.1725645545540715 0
4.41746680542132 7.257106600400659 0
4.554911739892706 7.783682017215901 0
4.105086366487274 7.912107112475536 0
3.967641432015888 7.385531695660294 0
3.860439031505621 8.24085982503269 0
4.45107802603815 8.216923745028911 0
4.206430691056497 8.545676457586065 0
4.861830080970435 8.360149201941869 0
4.965663794824991 7.92690747412886 0
48.08041819631178 0.3339515384972707 0
48.11357014852824 0.2468038981072773 0
48.1834079608663 0.2541526652844972 0
48.15025600864984 0.3413003056744923 0
48.23787426329535 0.2138224659004209 0
48.15469280018522 0.1883106054492654 0
48.20915910261425 0.1479804060651873 0
48.12036212846087 0.1344236689624179 0
48.07923947680389 0.1929169616204298 0
36.21819640722489 0.5111614182397641 0
36.27897716827387 0.6607128516509064 0
36.13490198780092 0.8024205756272096 0
36.07412122675193 0.6528691422160673 0
35.97583046058091 1.1086793170536 0
36.34293395388637 0.8513529403143245 0
36.18386242666637 1.157611681740715 0
36.51302708895881 0.7087987277790724 0
36.4490703033463 0.5181586391156561 0
36.59559918146054 0.3804691481657496 0
36.63792330596075 0.2642226782278403 0
36.69583384756801 0.2876280105774676 0
36.65350972306781 0.4038744805153769 0
36.74622777826549 0.2384848914609083 0
36.67471470890139 0.2152033602827075 0
36.72510863959887 0.1660602411661465 0
36.65352401502813 0.1665702369041373 0
36.61673261208748 0.2155895548492701 0
10.85828741411799 19.94057038252684 0
10.4050016570728 19.84472675066391 0
10.52644601097398 19.45135698368396 0
10.97973176801917 19.54720061554689 0
10.49742359359402 19.1527911204753 0
10.2044917568105 19.47883229207958 0
10.17546933943055 19.18026642887092 0
9.803624617362029 19.67625132508859 0
10.00413451762433 20.04214578367293 0
54.86022329043704 0.04067265456594882 0
54.83636286550632 0.06967131979797614 0
54.81963823458665 0.02899866523202554 0
54.79956391471749 0.06822053236739123 0
54.77851817342837 0.03922186713536746 0
54.7955945985337 0.1385279376021522 0
54.83239354932253 0.1399787250327353 0
40.17313501887646 1.319786607300184 0
40.61696248957587 1.207092376389079 0
40.85294918461111 1.544858416117382 0
40.40912171391169 1.657552647028485 0
41.33669554276254 1.650162518003434 0
40.96042828132945 1.203854595102134 0
41.44417463948089 1.309158696988186 0
40.90028037545631 0.920849358765933 0
40.55681458370273 0.9240871400528778 0
54.03323962215264 0.3144600696033901 0
53.93222830385832 0.3255808365389328 0
53.96530553400567 0.2313000758507968 0
54.06631685229999 0.2201793089152542 0
53.95934837902669 0.176244682517158 0
53.8938010780571 0.2518586713897975 0
53.88784392307812 0.1968032780561568 0
53.7898784163109 0.2943064812398895 0
53.82830564211211 0.3680286463890265 0
39.62144464202658 1.259163842827853 0
39.43802923409979 0.908449886918552 0
39.68310461800534 0.8598305101778472 0
39.86652002593215 1.210544466087148 0
39.76441118178018 0.6999614486998595 0
39.50238275413984 0.7073842477810341 0
39.58368931791468 0.5475151863030447 0
39.29079159380876 0.5600115721273848 0
39.2264380737687 0.7610772112649027 0
43.81829688366375 0.03225181054838089 0
43.79940804654569 0.05570168365320072 0
43.77769293231889 0.02344987310481983 0
43.76593882713468 0.05649486933227266 0
43.7399214980329 0.03304499622745283 0
43.77419480706605 0.1122953918644818 0
43.80766402647707 0.1115022061854098 0
55.04048611476887 0.03302593436561452 0
55.01891992283434 0.05773620122783107 0
55.0015571324622 0.02471026686221478 0
54.98532937540562 0.06304309785968698 0
54.96198940112031 0.0383328309974722 0
54.991213688534 0.1163072197332369 0
55.02480423596272 0.111000323101381 0
51.71076873077754 0.02515626441941166 0
51.68532580949219 0.04115232524599932 0
51.67462410284327 0.01599606082658767 0
51.65514387530776 0.03736175519609297 0
51.63568063037327 0.02136569436950353 0
51.64755446118579 0.07167170752222063 0
51.67773639537022 0.0754622775721252 0
62.46452201887597 0.2680703678248548 0
62.44133843245178 0.2126610913258808 0
62.47681641357581 0.186122701356922 0
62.44265200490957 0.1624502957389549 0
62.46583559133376 0.1203340128264081 0
62.39658159920914 0.1510083004109219 0
62.39526802675135 0.2012190959978479 0
40.12496986664715 0.1629133415605235 0
40.17725538121957 0.2169616707638529 0
40.13058417736884 0.2772224042315568 0
40.07829866279642 0.2231740750282274 0
40.12366889467825 0.3682558477194586 0
40.2164412343075 0.2932618508583325 0
40.20952595161692 0.3842952943462343 0
40.27953169605141 0.2461572094487607 0
40.24034584296348 0.1698570293542794 0
46.30604785185476 0.1658437273012403 0
46.29478607157066 0.2093350642747023 0
46.24510160063137 0.1826053349508392 0
46.25636338091547 0.1391139979773772 0
46.17296141435584 0.159586694254866 0
46.24376045249382 0.2552705230072334 0
46.17162026621828 0.2322518823112603 0
46.3176983335557 0.3176402771334015 0
46.36872395263254 0.2717048184008704 0
38.82912841566484 0.3388512538832735 0
38.83358457872301 0.4277346913909739 0
38.7168870230408 0.4254410121960888 0
38.71243085998263 0.3365575746883884 0
38.54187908649619 0.4555037837794771 0
38.78622553698644 0.5623286237538139 0
38.61121760044183 0.5923913953372004 0
38.96084279532575 0.5982597176208699 0
39.00820183706232 0.4636657852580317 0
41.30223518115491 0.2962472362658843 0
41.34624744725594 0.2130845837773574 0
41.4172813335308 0.2257307354649178 0
41.37326906742977 0.308893387953443 0
41.47775285949613 0.1894705712615732 0
41.39693776414827 0.1682694512970535 0
41.4574092901136 0.1320092870937088 0
41.36816713515054 0.1228421243497042 0
41.31747681825821 0.1676572568300081 0
19.6622959695614 21.41125446469651 0
20.3123057104554 21.22500266787664 0
20.50046021123805 21.80049800513314 0
19.85045047034405 21.98674980195301 0
20.89733437649942 22.16496051276435 0
20.92307336278864 21.40307957061124 0
21.31994752805 21.76754207824244 0
21.13435886013889 20.8206064993677 0
20.52359120780564 20.6425295966331 0
3.693477210073858 15.80683512723586 0
3.825127273717307 15.30494249313499 0
4.290825169821606 15.42277476429359 0
4.159175106178161 15.92466739839446 0
4.790540888766238 15.2394037350295 0
4.135831582922215 14.97260643094832 0
4.635547301866843 14.78923540168423 0
3.830953389200403 14.68458020261788 0
3.520249079995494 15.01691626480454 0
39.04021016375259 0.08308047383855666 0
39.03205506170571 0.1022369108253347 0
39.00297845293423 0.09694643317684637 0
39.01113355498112 0.07778999619006655 0
38.95421661459432 0.09374148556248585 0
39.00520858204197 0.1357373328849931 0
38.95644674370206 0.1325323852706326 0
39.04312834508303 0.1602287213867335 0
39.06997482474675 0.1267282993270751 0
39.10560375520227 0.418563182071523 0
39.12466373053157 0.2904859802181718 0
39.20480816353013 0.3091532889910731 0
39.18574818820083 0.4372304908444242 0
39.2511890505939 0.2692068465891317 0
39.17078068635031 0.2358226614870134 0
39.21716157341407 0.195876219085072 0
39.13279214952931 0.1741281754032009 0
39.08667519371057 0.2287914941343594 0
62.40225534016299 0.03329513913958948 0
62.37895994076347 0.05743985928832451 0
62.36443918505087 0.02414472014873503 0
62.34700646931071 0.05732884580623043 0
62.32539570249041 0.0331841256574954 0
62.34595404280547 0.1154765132755333 0
62.37790751425823 0.1155875267576274 0
18.11013825288298 3.399077368170122 0
17.55715269794815 3.642388263284118 0
17.39533060325556 3.153028234993783 0
17.94831615819038 2.909717339879787 0
16.95857489078574 2.881975410690583 0
17.05489669087795 3.607831097591182 0
16.61814097840814 3.336778273287983 0
16.93606664481839 4.12989499145727 0
17.43832265188859 4.164452157150206 0
36.15215525703512 0.1500024894470773 0
36.18807922956081 0.204855722947844 0
36.13606305678832 0.2636139133572009 0
36.10013908426262 0.2087606798564341 0
36.10732886921199 0.377806884917522 0
36.2107702412069 0.2735769233047165 0
36.18203605363058 0.3877698948650377 0
36.27198667718783 0.2255434040081745 0
36.24929566554172 0.1568222036513003 0
19.04380128484256 14.99640808767118 0
19.0996118881001 15.23723126318227 0
18.8123804290119 15.28471468909723 0
18.75656982575435 15.04389151358614 0
18.56955962389288 15.39922454332816 0
18.95898164033857 15.51673218058736 0
18.71616083521956 15.63124203481828 0
19.30469386994863 15.65915681600738 0
19.44532411771016 15.37965589860229 0
47.11997337371233 0.1780208669210435 0
47.06263824070049 0.216217425539341 0
47.0500825651493 0.1648493324948248 0
47.10741769816113 0.1266527738765291 0
47.03804497249226 0.1298072518196758 0
47.00196773754861 0.2104474404864973 0
46.98993014489157 0.1754053598113465 0
46.93837537388549 0.2894722586218919 0
46.99904587703737 0.2952422436747355 0
60.87209902755137 0.04584195338734176 0
60.84411675049385 0.0771465486296492 0
60.83294265591833 0.03130459524230744 0
60.80710087699469 0.07314578341479638 0
60.79017698783237 0.04184118817248894 0
60.79258652183411 0.1463175522032678 0
60.82960239533327 0.1503183174181189 0
48.98707409287229 0.2159001128784723 0
48.94266779231933 0.2731776244992723 0
48.89613568262308 0.2086817255222151 0
48.94054198317603 0.1514042139014151 0
48.8300303060705 0.152166156492223 0
48.86374167947287 0.2802950509694284 0
48.79763630292028 0.2237794819394363 0
48.8901211280879 0.4017422243899773 0
48.96904724093436 0.3946247979198212 0
56.66215164196984 0.9423704917915661 0
56.8866431650298 1.271815584044912 0
56.67760368357533 1.519560338644816 0
56.45311216051536 1.190115246391468 0
56.6538991897084 1.992179314492258 0
57.03368518408235 1.584201510274713 0
57.00998069021543 2.05682048612216 0
57.25755423002907 1.454745957470841 0
57.11051221097652 1.142360031241038 0
46.67281051382068 0.2691281146272715 0
46.67587401364537 0.3063736156512711 0
46.60693959063545 0.3032653483742038 0
46.60387609081076 0.266019847350206 0
46.49171394917781 0.3091867703505713 0
46.63501044577004 0.3904597948611226 0
46.51978480431239 0.3963812168374883 0
46.7676760403003 0.404678147860384 0
46.80853960817564 0.3205919686505325 0
47.77043436453908 0.2060535618225554 0
47.84974871473098 0.219266470708753 0
47.87257235471854 0.3093041212235459 0
47.79325800452664 0.2960912123373483 0
47.9723558251632 0.3816786071565499 0
47.91463742070493 0.2483044295389316 0
48.0144208911496 0.3206789154719356 0
47.90920011660154 0.1815183816145911 0
47.84431141062758 0.1524804227844108 0
12.54655543558691 3.391406164649165 0
11.97639265744995 3.426791851069268 0
11.92164213876326 2.976909465239512 0
12.49180491690023 2.941523778819409 0
11.61485219776312 2.68400982953569 0
11.56857063448121 3.273746660815881 0
11.26178069348107 2.980847025112059 0
11.38896249585451 3.645259088773503 0
11.79678451882324 3.79830427902689 0
32.5464695967943 0.2957361186770289 0
32.54200071140444 0.3587991358172715 0
32.44207317077229 0.3940591124523074 0
32.44654205616214 0.3309960953120665 0
32.30472327994752 0.4571453033765636 0
32.51746141932009 0.4587113525975912 0
32.38011152849531 0.5217975435218474 0
32.63202922659254 0.4415292002896134 0
32.65656851867689 0.3416169835092937 0
28.86479788316585 0.751679744203706 0
28.68659036934059 0.6855060333725316 0
28.73701564524865 0.5251911484111584 0
28.9152231590739 0.5913648592423328 0
28.71215454704042 0.387172491480948 0
28.62311727414179 0.5151598740944578 0
28.59825617593357 0.3771412171642474 0
28.48096244704121 0.55713161994011 0
28.54443554224001 0.7274777792181837 0
42.00844339361667 0.5680727705253759 0
42.09780071610678 0.7668300663269036 0
41.90163921610545 0.890876239910245 0
41.81228189361534 0.6921189441087137 0
41.76632249746886 1.207942606318671 0
42.13368300463614 0.9872534621623537 0
41.99836628599954 1.304319828570781 0
42.34802808828296 0.8871047057391781 0
42.31214579975361 0.6666813099037299 0
15.64855170463882 18.37338082244193 0
15.52389361356941 18.59654139211954 0
15.27943851107214 18.4407292006256 0
15.40409660214156 18.21756863094799 0
15.02372120721029 18.37281649663684 0
15.22999657949482 18.71549914345589 0
14.97427927563297 18.64758643946714 0
15.38551992653533 19.04579553849752 0
15.67941696060992 18.92683778716116 0
51.9579937661551 0.253252172863057 0
52.018166906442 0.1966102006366128 0
52.07363283684884 0.2375224297323921 0
52.01345969656194 0.2941644019588345 0
52.14075659542188 0.2228904480413227 0
52.06950437380912 0.1714224900365195 0
52.13662813238216 0.1567905083454484 0
52.05176781329506 0.1248598831433227 0
52.00043034592793 0.150047593743416 0
30.57021594189776 8.22240801075192 0
30.46095049704197 8.889769305184414 0
29.84869758626816 8.753591087652854 0
29.95796303112395 8.086229793220362 0
29.25002237252768 8.982021052069284 0
30.0875907659567 9.342457768001843 0
29.48891555221623 9.570887732418273 0
30.51461445927985 9.725190952090898 0
30.88797419036512 9.272502489273469 0
59.83158150723727 0.5539024104049375 0
60.00608149330705 0.5437803198578202 0
60.04191406378301 0.6912620470849138 0
59.86741407771324 0.7013841376320293 0
60.24980826330283 0.7873635393210527 0
60.15407501984159 0.5654712287246859 0
60.36196921936141 0.6615727209608249 0
60.15723023215985 0.4392415833652592 0
60.00923670562532 0.4175506744983934 0
56.11429242210099 0.04531401397343693 0
56.08846701066452 0.07710391338851785 0
56.0750459022364 0.03178989941508092 0
56.05318608347775 0.07264025730375501 0
56.03410532869439 0.04085035788867408 0
56.04392155122886 0.152801753779638 0
56.07920247841561 0.1572654098644009 0
24.02753430580134 14.85023126698771 0
24.35123063065437 15.22641077494727 0
23.91593128861854 15.53923548164011 0
23.59223496376551 15.16305597368055 0
23.64497462990192 16.03255718338333 0
24.45963445198299 15.76232795908308 0
24.18867779326637 16.2556496608263 0
25.06507144311153 15.66902698413965 0
24.95666762178291 15.13310980000384 0
29.2533783700534 2.329936606298983 0
28.8917896880707 2.555532163539372 0
28.64491916976571 2.118619299304694 0
29.0065078517484 1.893023742064305 0
28.21956029197115 1.777065595570328 0
28.42358220809174 2.519631452992112 0
27.99822333029719 2.178077749257746 0
28.45918956007257 2.996853625010061 0
28.92739704005153 3.032754335557321 0
35.74165554548266 0.306627674850823 0
35.73314462758297 0.2292713149226202 0
35.80792155439186 0.2219332806704237 0
35.81643247229155 0.2992896405986265 0
35.86075760782352 0.1695777572736432 0
35.75939665095822 0.1694854774904648 0
35.81223270438988 0.1171299540936843 0
35.69898027136669 0.1352406994997715 0
35.67272824799144 0.1950265369319251 0
60.151655781453 0.02686486726396708 0
60.12554935150258 0.04370768447685336 0
60.11631984350801 0.01684281721288627 0
60.09565812567391 0.0391572287279196 0
60.07685838940449 0.02231441151503333 0
60.08869921573992 0.07319080721443427 0
60.11859044156859 0.07774126296336803 0
40.31437719098865 0.04055566667543431 0
40.29515885644855 0.06680614040377364 0
40.27468246974941 0.02625047372833933 0
40.26086844767985 0.06186304152488731 0
40.23518061600011 0.0356125677965462 0
40.27246023197323 0.1189213920760999 0
40.30675064074194 0.1238644909549862 0
42.28335604710929 0.03662712415447622 0
42.25808842439015 0.06244427121844254 0
42.24450449524329 0.02581714706396632 0
42.22154396740903 0.06137189584354097 0
42.20190542390833 0.03555474877957465 0
42.2165316787946 0.122457101610296 0
42.25307613577571 0.1235294769851976 0
5.259627558047221 22.00893255561154 0
4.662655083862145 21.85143304550441 0
4.81571344572324 21.28573545922254 0
5.41268591990832 21.44323496932967 0
4.628022273533247 20.70285634251487 0
4.253506461033076 21.46107909016934 0
4.065815288843083 20.87819997346167 0
3.888733638423531 21.83300613941743 0
4.297882261252596 22.2233600947525 0
42.19814038963864 1.623903385397895 0
42.60605490887362 1.990992218623973 0
42.29933824320874 2.36011299362589 0
41.89142372397376 1.993024160399813 0
42.29096905478619 2.972013515644491 0
42.86446962204386 2.410277417505345 0
42.85610043362131 3.022177939523946 0
43.26473031778709 2.148465235798096 0
43.00631560461684 1.729180036916723 0
14.2567980754338 23.45453726453076 0
14.83925487916954 23.38759408575687 0
14.9193432107441 23.90738500115001 0
14.33688640700834 23.97432817992389 0
15.24399617428763 24.23917422805301 0
15.30199693904092 23.58942048017411 0
15.62664990258445 23.9212097070771 0
15.49868462356635 23.19661269426813 0
15.03594256369498 22.99478629985089 0
56.47325321055489 0.02631893834015742 0
56.44928933980702 0.04463287233864932 0
56.43615677268372 0.0183139339984919 0
56.41857703904509 0.04266574180345373 0
56.39763474357312 0.02435180780496182 0
56.41566399031359 0.08583657081369012 0
56.44637629107552 0.08780370134888216 0
22.8319944683019 6.64705278893274 0
22.18139380018587 6.701764532127953 0
22.06984022015032 6.105814775087453 0
22.72044088826636 6.051103031892239 0
21.59821786901623 5.661199961227828 0
21.63754719629086 6.506470812159234 0
21.16592484515677 6.06185599829961 0
21.48162789161213 6.964964822575267 0
22.02547449550713 7.160258542543986 0
46.15166708093898 0.03460945002197136 0
46.13076551227226 0.05932926909377834 0
46.11080084420186 0.0247198190718052 0
46.09490196918344 0.05806644251969573 0
46.07089737163032 0.03334662344788875 0
46.09847198097724 0.1178979011587895 0
46.13433552406606 0.1191607277328721 0
30.2771043967988 0.1670624069158233 0
30.24163099615559 0.2050415680053028 0
30.21723279334664 0.1616126961350517 0
30.25270619398984 0.123633535045574 0
30.1878318665775 0.1335147667672736 0
30.19049920554077 0.2052103340544136 0
30.16109827877164 0.1771124046866319 0
30.18452560505202 0.2805128930813563 0
30.23565739566684 0.2803441270322473 0
49.02331371362575 0.03034603099104416 0
49.00139595713614 0.05180899618969548 0
48.98377929444867 0.02146296519865132 0
48.96676179983089 0.05217388403758783 0
48.94377339010067 0.03071091883893473 0
48.96984639314392 0.1011521266961601 0
49.00448055044917 0.1007872388482678 0
38.33431055808327 0.02341525930961907 0
38.31244372911106 0.03893264246248584 0
38.29616266164438 0.01551738315286677 0
38.28143498981613 0.03843963813094042 0
38.25839565256851 0.02292225497807365 0
38.28313722276842 0.06908656340641528 0
38.31414596206335 0.0695795677379607 0
53.50891608865329 0.02488823333296253 0
53.48367855068096 0.04168529342062754 0
53.47107613494987 0.01679706008766502 0
53.45063922650526 0.039718281027735 0
53.43097059825774 0.02292122094006999 0
53.44280305683487 0.07785689025341469 0
53.47584238101057 0.07982390264630723 0
52.0715704747649 0.02580912000729008 0
52.04658725690743 0.04297004458557652 0
52.03433313602986 0.01716092457828644 0
52.01551295870397 0.04039237935844042 0
51.99559001034161 0.02323145478015576 0
52.00774248293504 0.07730478634093885 0
52.03881678113849 0.07988245156807494 0
25.54907241029283 12.37070010555943 0
25.32918164135147 12.74991518389263 0
24.85662251356911 12.49163890810555 0
25.07651328251048 12.11242382977234 0
24.25451722884728 12.49765117394614 0
24.92362614060222 13.0203229952348 0
24.32152085588039 13.0263352610754 0
25.23669267844556 13.3904107385207 0
25.6422481791948 13.12000292717853 0
58.4453808183859 0.01817136930581498 0
58.42099789405299 0.02958232710796516 0
58.41160903277162 0.01141095780215018 0
58.39508600932957 0.02776303151826554 0
58.37456276744263 0.01635207371611536 0
58.39382843633473 0.04977402208591108 0
58.41974032105816 0.05159331767561071 0
44.16708583268404 0.04268056381289398 0
44.13969935317624 0.07126075791919284 0
44.12844461968787 0.02858019410629886 0
44.10401600058707 0.06622886000502781 0
44.08649631387503 0.03764866589872895 0
44.09138286439577 0.1326666870009507 0
44.12706621698494 0.1376985849151158 0
16.11962338138421 3.224781960096399 0
15.63055517966711 3.338374173682308 0
15.55682139360795 2.901671363866793 0
16.04588959532505 2.788079150280884 0
15.26117045724629 2.646215990532284 0
15.23572973506629 3.226611480662797 0
14.94007879870463 2.971156107328286 0
15.09646913749156 3.584617617209261 0
15.49129458209238 3.696380310228774 0
37.95934254562828 0.5381752388496359 0
38.08659680506651 0.6969635493112563 0
37.96681595325575 0.8589086316625956 0
37.83956169381753 0.700120321200977 0
37.88300815624329 1.187917097442131 0
38.21307667524635 0.8955070478314688 0
38.12926887823389 1.224515513611005 0
38.38629054616395 0.7484243817178289 0
38.2598106759841 0.5498808831976163 0
43.28190892059378 1.438951051372513 0
43.32040239135902 1.084552392488831 0
43.60781995187959 1.095142008568107 0
43.56932648111434 1.449540667451789 0
43.79463621503686 0.8985663768165679 0
43.47000973715407 0.8816641873377868 0
43.65682600031134 0.6850885555862476 0
43.31117017166613 0.7278501303104008 0
43.16156282587109 0.9307383354614451 0
35.1385139644425 0.6007101701851383 0
35.34358051726137 0.7162984665090999 0
35.35044618172092 0.9253594038707504 0
35.14537962890205 0.8097711075467906 0
35.60547694280342 1.205440831188875 0
35.515802667665 0.8279258437496999 0
35.7708334287475 1.108007271067823 0
35.53808808302178 0.6734158119607265 0
35.36586593261815 0.5617884347201283 0
2.441561652257793 9.431489941714714 0
2.546246402153304 9.96889305877793 0
2.070926592143003 10.02726703981291 0
1.966241842247491 9.489863922749695 0
1.791676124619965 10.3316237676326 0
2.422864351156129 10.37748662330598 0
2.143613883633087 10.68184335112568 0
2.801849163229384 10.54367458068109 0
2.925231214226564 10.13508101615303 0
59.09325056313257 2.39020861284436 0
59.57004289367098 2.261989332082848 0
59.74425548509768 2.669955472824149 0
59.26746315455927 2.798174753585659 0
60.19790118802891 2.853935097176418 0
59.96294233021065 2.285693587311115 0
60.41658803314188 2.469673211663384 0
59.98051430960759 1.960872146200368 0
59.58761487306791 1.937167890972102 0
21.62114633042269 13.3310893296282 0
21.51483255340815 13.86118845817111 0
21.02643662122598 13.71412161477615 0
21.13275039824052 13.18402248623324 0
20.57239392193309 13.82937863380173 0
21.15634589524927 14.18471946800579 0
20.70230319595638 14.29997648703137 0
21.46673772426245 14.53614597339342 0
21.82522438242132 14.21261496355874 0
49.60788028857127 0.8124692692701014 0
49.5088195112649 0.6009615616381367 0
49.66078586495259 0.5493876561675393 0
49.75984664225896 0.7608953637995022 0
49.70975066155889 0.4374741177569881 0
49.53076146564584 0.455258737193283 0
49.57972626225213 0.3433451987827318 0
49.38799386537632 0.3657406897960556 0
49.36605191099537 0.5114435142409093 0
26.46505299171845 3.199504754564506 0
26.5472759951459 3.806968867425534 0
25.98845608409389 3.849099299402837 0
25.90623308066644 3.24163518654181 0
25.58647188349861 4.12275527831865 0
26.29845457646193 4.306310479374819 0
25.89647037586665 4.579966458290631 0
26.82340968679258 4.616407684102013 0
27.07223110547655 4.117066072152728 0
22.7484277446028 17.90541020397777 0
22.70608886248621 18.24396847750587 0
22.27479837338053 18.20851149078013 0
22.31713725549713 17.86995321725203 0
21.89510819003649 18.34335559427985 0
22.43585724780922 18.56287590562296 0
22.05616706446517 18.69772000912268 0
22.77526695724526 18.76830362347825 0
23.04549857192224 18.44939619536117 0
9.093148188351549 3.367157942064798 0
8.580469007123561 3.585775349614703 0
8.361302711672277 3.141307661676574 0
8.873981892900265 2.922690254126667 0
7.860509141010731 2.930190094047351 0
8.107608789621239 3.594673379130494 0
7.606815218959692 3.383555811501271 0
8.098156181441091 4.002058560131019 0
8.571016398943414 3.993160530615228 0
23.40413459997974 16.86457389296655 0
22.85872104199615 17.06411787501182 0
22.6271444128904 16.6270453613361 0
23.17255797087399 16.42750137929083 0
22.10842498964973 16.39137106915037 0
22.35797987004728 17.03831843588731 0
21.83926044680661 16.80264414370157 0
22.32896437166812 17.41913722775939 0
22.82970554361699 17.44493666688391 0
26.79550376047073 6.716959081175323 0
26.42174615988975 6.922196547862153 0
26.17520736710001 6.513308607993753 0
26.54896496768099 6.308071141306923 0
25.79362000183409 6.229583241668163 0
25.89594554158595 6.896012783756278 0
25.51435817632003 6.612287417430687 0
25.92984301613249 7.433613160831166 0
26.4556436344363 7.459796924937042 0
25.97131359479765 15.27939257573323 0
26.50710355829576 15.51464386085552 0
26.28118755133494 15.97385482345118 0
25.74539758783684 15.7386035383289 0
26.3605757481176 16.42631815147507 0
26.8193830436884 15.92026928509931 0
26.89877124047106 16.37273261312319 0
27.21382148348598 15.67468059778176 0
26.90154199809333 15.26905517353798 0
40.67431212790743 0.02048041725155336 0
40.65635331100101 0.03645176264419092 0
40.6351913171418 0.01597134539263578 0
40.62756826105596 0.04520663909891809 0
40.60062091174254 0.02923529370628231 0
40.63676397158504 0.0734932624961715 0
40.66554902153009 0.06473838604144433 0
19.71705214338455 13.41551949708282 0
19.78793808998849 13.69097428632147 0
19.49675038111963 13.7475102076732 0
19.42586443451568 13.47205541843455 0
19.27224881704804 13.87557773553341 0
19.65300464487986 13.99599192876946 0
19.42850308080827 14.12405945662966 0
19.98601653553457 14.15862326738901 0
20.1209499806432 13.85360562494102 0
41.3827996050842 0.02606639170183911 0
41.35700632969088 0.04333891941884005 0
41.34585551817232 0.01727252771700094 0
41.32496461221017 0.04057841965483711 0
41.30585172138366 0.02330589193783617 0
41.31727079889196 0.07938430206240632 0
41.34931251637266 0.08214480182640926 0
30.96671906415305 0.02449181016268653 0
30.94301375059807 0.04140777749873337 0
30.92971291700802 0.01691596733604683 0
30.9128987623712 0.04058520678346866 0
30.89169790970634 0.02366923944742183 0
30.9112105158218 0.07793265910028424 0
30.94132550404866 0.07875522981555072 0
36.35436749807933 0.03402090302988547 0
36.32859932074373 0.05735856783314652 0
36.31638999960808 0.02333766480326105 0
36.29408508181095 0.05569551894527436 0
36.27494709292671 0.03235785414201331 0
36.2877991721226 0.1089190429383926 0
36.32231341105538 0.1105820918262648 0
33.03001620088585 0.03092659151381305 0
33.00279450537917 0.05135555505759903 0
32.99188018116892 0.02042896354378598 0
32.96900122557594 0.04732712273774453 0
32.95131675486278 0.02689815919395855 0
32.95504429550362 0.09410189939715963 0
32.98883757530685 0.09813033171701413 0
47.86427426340389 0.02533953033320557 0
47.8499126224589 0.0447123765571682 0
47.82377508827747 0.01937284622396263 0
47.82017839802273 0.04996687517047249 0
47.78963387274788 0.03059402894650987 0
47.83985771911343 0.09275838070885278 0
47.86959194354961 0.08750388209555027 0
7.021071665046719 3.400871301610556 0
6.471842258823099 3.591141284025767 0
6.317503528274948 3.086261516463022 0
6.866732934498572 2.895991534047813 0
5.970364274048194 2.763497043754342 0
5.942504098175995 3.478970881196517 0
5.595364843949238 3.156206408487837 0
5.789001271082945 4.038680416035206 0
6.318339431730049 4.150850818864456 0
32.7678383128989 0.02438578581418405 0
32.74699648726368 0.04132974718158344 0
32.72882305372134 0.0169439613673994 0
32.71508143615025 0.04128421513493308 0
32.69101709556563 0.02434025376753368 0
32.71759677104681 0.07865065871561328 0
32.74951182216024 0.07869619076226186 0
48.1226692744896 0.02668601366777423 0
48.09912233321531 0.04468063523823673 0
48.08402678526721 0.0179946215704625 0
48.06650136560315 0.04224989182785066 0
48.0451421406576 0.02425527025738816 0
48.06468954340382 0.08454557900023474 0
48.09731051101597 0.08697632241062081 0
47.21870138560738 0.02653632995189348 0
47.1909405880765 0.0450592651740731 0
47.18168960461384 0.01852293522217963 0
47.15771036413331 0.04462525318172084 0
47.14056499544434 0.02610231795954121 0
47.14416241015347 0.08711754476178868 0
47.17739263409666 0.08755155675414095 0
33.66094634463077 0.02767626609513663 0
33.63708900862958 0.04589433210476379 0
33.62393086775215 0.01821806600962717 0
33.60650441644924 0.04507761151982947 0
33.58545558623059 0.02685954551020231 0
33.60399617666044 0.08115860619640536 0
33.63458076884078 0.08197532678133967 0
46.50224896491763 0.02567619722799108 0
46.47789484128572 0.04235043860427545 0
46.46659761899539 0.01667424137628259 0
46.44914895035381 0.03910902058040122 0
46.42859690776588 0.02243477920411863 0
46.44682465668073 0.07453667218143423 0
46.47557054761264 0.07777809020530668 0
37.43497889103382 0.02189162861840188 0
37.41289436863254 0.03627670189059096 0
37.39782164381853 0.01438507327218908 0
37.38381651309082 0.03564167742003121 0
37.36099486927226 0.02125660414784214 0
37.38482121413526 0.06375735776412128 0
37.41389906967697 0.06439238223467925 0
30.06740312443638 0.02419855863629294 0
30.04244600252965 0.04047432421205599 0
30.03033778425949 0.01627576557576305 0
30.01134171921245 0.0383696827217328 0
29.99139267489934 0.02209391714596975 0
30.00571843685871 0.07519809391948584 0
30.03682272017591 0.07730273540980903 0
39.42333772677303 0.03085361253194918 0
39.40955416923116 0.05431239190637172 0
39.38199392235085 0.02345877937442253 0
39.37772641051231 0.05884178733013279 0
39.34660380183435 0.03538300795570848 0
39.39986684815481 0.1124190630746256 0
39.43169460687366 0.1078896676508645 0
29.61586687112753 0.02432609883195624 0
29.59115200623463 0.04059643600544405 0
29.58151837907493 0.01627033717348958 0
29.56397392465109 0.03950121478694513 0
29.54378262332414 0.02323087761345555 0
29.56297278730493 0.07306366435749112 0
29.59015086888848 0.07415888557599182 0
30.33704430678854 0.02542795154572097 0
30.31236284556586 0.04328639253617617 0
30.30005044226258 0.01785844099045519 0
30.28132096817024 0.0434461591636115 0
30.26109626317308 0.0255877181731563 0
30.27615795988526 0.08376232639067993 0
30.30719983728088 0.08360255976324282 0
60.51766381892115 0.03878322561103076 0
60.49410388248488 0.06720515900782686 0
60.47811566678087 0.02842193339679433 0
60.45872193769845 0.06894856629103252 0
60.43737570791488 0.04052663289423819 0
60.45670539905805 0.1360533589435704 0
60.49208734384448 0.134309951660363 0
31.77341850184588 0.02372262398371561 0
31.75048095619409 0.03969366170698052 0
31.73879167686831 0.01597103772326491 0
31.72332230003596 0.03875933135658549 0
31.70135367946791 0.0227882936333188 0
31.72962026894708 0.07164962481791903 0
31.7567789251052 0.07258395516831584 0
50.58054880452885 0.4084469411762175 0
50.67144074518469 0.3264994590093373 0
50.7316901351715 0.3654540060536462 0
50.64079819451567 0.4474014882205246 0
50.79868500076299 0.326614017565614 0
50.72049594697171 0.2952762607196355 0
50.7874908125632 0.2564362722316069 0
50.71289343836595 0.2640729934121993 0
50.66383823657893 0.295296191701901 0
28.18190066798865 0.02546407064830092 0
28.15495429055789 0.04245509027706973 0
28.14672028923591 0.01699101962876881 0
28.12548580882349 0.03998965857759806 0
28.10776551958757 0.02299863894882925 0
28.11332389606573 0.07839220955785109 0
28.14279237780013 0.08085764125732453 0
57.10018099985219 0.02783635263080342 0
57.07428112157057 0.04701865515991521 0
57.06290709222773 0.01918230252911002 0
57.04174820978676 0.04615759766758742 0
57.02274192184854 0.02697529513847741 0
57.03314541198731 0.08961772123011613 0
57.06567832377112 0.09047877872244392 0
34.46908770323377 0.02824477152711324 0
34.44528578131071 0.0466342933038959 0
34.43229727378738 0.01838952177678266 0
34.41515304497148 0.04520894607072279 0
34.3940488006747 0.02681942429394013 0
34.41261597848902 0.08156871308124281 0
34.44274871482824 0.08299406031441769 0
25.41759126475883 0.02630285925497589 0
25.39318239011777 0.04426027278739753 0
25.37992445869227 0.01795741353242164 0
25.36121217063933 0.04242942860657806 0
25.34095437861373 0.02447201507415642 0
25.35575743786914 0.08407165763065017 0
25.38772765734758 0.08590250181147141 0
36.9867873083858 0.03821347933102359 0
36.96338103301618 0.0649032648640997 0
36.94743822865181 0.0266897855330761 0
36.92870422462709 0.06443726776443626 0
36.90720433377687 0.03774748223136015 0
36.92738986605757 0.1253340472790221 0
36.96206667444667 0.1258000443786873 0
32.49001933778543 0.02749613131143924 0
32.46251504677431 0.04650389350245554 0
32.4527235910264 0.0190077621910163 0
32.42869949943938 0.04448837620770263 0
32.41129762423067 0.02548061401668633 0
32.41638734270639 0.08943469308758267 0
32.45020289004132 0.09145021038233736 0
25.86370939892585 0.02425107983260411 0
25.8395322611428 0.04130529973247121 0
25.82682286221695 0.01705421989986711 0
25.80859738031479 0.04172183572283572 0
25.78810785143118 0.02466761582296684 0
25.80561086070746 0.0797806031191417 0
25.83654574153546 0.07936406712877897 0
24.34045398910197 0.02575802101574354 0
24.31453538375885 0.0418826145672746 0
24.30641472799022 0.01612459355153106 0
24.28694715881418 0.03767515719048475 0
24.26819909749064 0.02155056363895369 0
24.2807126599631 0.07088536853455807 0
24.30830088490777 0.07509282591134969 0
28.63532297585865 0.02151952973433957 0
28.61297126379385 0.03742974595277104 0
28.59798162126853 0.0159102162184297 0
28.58300542851018 0.03992381794028077 0
28.56069047390832 0.02401360172185107 0
28.58616590816433 0.0744494404972329 0
28.61613174344799 0.07195536850972317 0
27.19886684415468 0.025603651722232 0
27.17279384851758 0.04136319047056425 0
27.1649270043629 0.01575953874833225 0
27.14531371897185 0.03668392495598738 0
27.12672004794228 0.02092438620765336 0
27.13868672695918 0.06800301059352876 0
27.16616685650491 0.07268227610810563 0
24.96666178397098 0.02364437452616386 0
24.94119665128211 0.03955446227414328 0
24.9322015339778 0.01591008774797942 0
24.91320842980487 0.03865048670175675 0
24.89400689582707 0.02274039895377733 0
24.90854001041792 0.07206168095383703 0
24.93652823189516 0.07296565652622355 0
59.43368536149895 0.02798163804576959 0
59.40684473209045 0.04700910843704165 0
59.3970869845325 0.01902747039127206 0
59.37333771669969 0.04547472867507629 0
59.35527217988835 0.02644725828380423 0
59.36656594551334 0.08799528764674491 0
59.40007296090409 0.08952966740871027 0
45.25267024235195 0.02685279513332262 0
45.23273541118867 0.04536890542138394 0
45.21364425730852 0.0185161102880631 0
45.20082428143657 0.04354786590008075 0
45.17585294638 0.02503175561201942 0
45.20791408874071 0.08650320387137711 0
45.23982521849281 0.0883242433926803 0
15.99892734902336 4.915622775248085 0
16.37696073572376 4.937086710849279 0
16.29629984614931 5.310404109407976 0
15.91826645944891 5.288940173806784 0
16.35033017677711 5.607982769457777 0
16.63335301213617 5.202167665820534 0
16.68738334276397 5.499746325870333 0
16.96408433129173 4.886043189316457 0
16.70769205487932 4.620962234345203 0
46.78104152337823 0.0244943089797971 0
46.76222500324981 0.04175414237516151 0
46.74157221981791 0.01725983339536441 0
46.73075363181568 0.04204917514509532 0
46.70466398572426 0.02478934174973091 0
46.74006776523257 0.08100483581128337 0
46.7715391366667 0.08070980304134956 0
35.46783576301248 0.03421707047671418 0
35.44957725624588 0.05886498898299664 0
35.4257763457803 0.02464791850628245 0
35.41362834331926 0.06023074878899592 0
35.38698068386602 0.0355828302827117 0
35.42298115295672 0.1169935043303916 0
35.45893006588334 0.1156277445243923 0
56.82695238062539 0.02576778659373602 0
56.79918067808552 0.04184681468758455 0
56.79159827065044 0.01607902809385031 0
56.76906732487948 0.03712507851678026 0
56.75193286119951 0.02104605042292818 0
56.75520670250515 0.0709261487166799 0
56.78532005571119 0.07564788488748597 0
38.9559060589775 0.02684239530887211 0
38.9306383112246 0.04333692599242056 0
38.92144806994143 0.01649453068355022 0
38.90134074470246 0.0375162651364036 0
38.88170232623553 0.0210217344528516 0
38.89987793768289 0.07314044977077394 0
38.92917550420503 0.07896111062679267 0
5.191398723918844 12.10432340872271 0
5.009177031126963 11.8954799213898 0
5.255163137258418 11.75358090234873 0
5.437384830050298 11.96242438968165 0
5.42692606505884 11.56324015089041 0
5.01227254400284 11.58706380508437 0
5.184035471803263 11.39672305362605 0
4.580991932273104 11.55987182886947 0
4.577896419397227 11.86828794517489 0
55.40183399179497 0.02636819286385261 0
55.3814294041857 0.04584703966552617 0
55.36196806654618 0.01947884680167355 0
55.34826922542082 0.04880467028358737 0
55.32376764681026 0.02932582348191204 0
55.35318088636487 0.09232531031965152 0
55.38634106512974 0.0893676797015921 0
48.94988287789547 0.7030972932878505 0
48.87522748595651 0.8653808702987789 0
48.77565850032438 0.695422723590255 0
48.85031389226333 0.5331391465793267 0
48.65258254399215 0.5753401674977869 0
48.71987221643542 0.8450398802258867 0
48.59679626010319 0.7249573241334204 0
48.73380937451581 1.040368686458102 0
48.88916464403691 1.06070967653099 0
20.20945350896261 3.056384884261517 0
19.7225522671936 3.409291159740981 0
19.46210369713203 2.987323333356709 0
19.94900493890104 2.634417057877247 0
18.95249116197886 2.833732844381281 0
19.20915461607481 3.497573033076343 0
18.69954208092163 3.343982544100914 0
19.22184573970707 3.967982697763663 0
19.73524339082586 3.879700824428301 0
56.47283590997888 0.6339225158985435 0
56.59791474216806 0.467902867318184 0
56.7132165450477 0.5287542342090354 0
56.58813771285852 0.694773882789395 0
56.83305560060593 0.4709642626134247 0
56.69804419029017 0.4037560556496587 0
56.8178832458484 0.3459660840540444 0
56.66975716557613 0.3085193956860302 0
56.56962771745403 0.3726662073545555 0
51.19282671100673 0.7168977784066293 0
51.2157398385399 0.5237096154761769 0
51.36388906837109 0.5247717038847277 0
51.34097594083793 0.7179598668151819 0
51.4587731570856 0.4107130619865824 0
51.27838699996511 0.412529207628733 0
51.37327108867962 0.2984705657305859 0
51.19704286644905 0.3427200745366115 0
51.13439570502385 0.4539004823840571 0
45.34590368230661 0.2046903027972586 0
45.31787957490756 0.1699655392143047 0
45.35251307462326 0.1420607854038316 0
45.38053718202231 0.1767855489867856 0
45.36796628702449 0.1124088471033478 0
45.31958694770891 0.1244274330610864 0
45.33504016011014 0.09477549476060076 0
45.27020695651711 0.1134373612434239 0
45.26849958371577 0.1589754673966421 0
57.21933424327064 0.1467415981249758 0
57.25417817792538 0.1751308353133432 0
57.23374598561728 0.2270806641572189 0
57.19890205096253 0.1986914269688498 0
57.25909086881991 0.3171662641343929 0
57.28666272653826 0.2103830274254825 0
57.3120076097409 0.3004686274026547 0
57.30767562881469 0.1711440359141694 0
57.27519108020181 0.1358918438020318 0
4.708513869523578 9.902792273954489 0
5.088092338882102 9.869391655175741 0
5.107332122045499 10.22253418445792 0
4.727753652686978 10.25593480323666 0
5.262544221866342 10.44777935820879 0
5.370878475464174 10.04671143816581 0
5.526090575285018 10.27195661191669 0
5.572600405630745 9.760956464101069 0
5.289814269048673 9.583636681110997 0
46.88800283032931 0.1765464320857824 0
46.87044275960292 0.2096747854995051 0
46.83955228890829 0.1590324031172727 0
46.85711235963467 0.1259040497035517 0
46.79845325950119 0.1195093110163565 0
46.82370109172 0.2004234402344895 0
46.7826020623129 0.1609003481335733 0
46.85439903193796 0.2829214576279604 0
46.90114069982089 0.2921728028929742 0
48.1377041105588 1.192456825731938 0
48.40573856381645 1.428193082437234 0
48.26035640432281 1.687546773612835 0
47.99232195106516 1.451810516907539 0
48.32399789618596 2.097525381016688 0
48.61661055615219 1.728277946768628 0
48.68025204801533 2.138256554172479 0
48.81871483570318 1.52831804822338 0
48.60784284336744 1.228233183891987 0
5.950986395795603 17.33300414960034 0
5.645766396426666 17.06883104797341 0
5.881565441308972 16.79005833998626 0
6.186785440677912 17.05423144161319 0
5.929009329674543 16.47588365920649 0
5.550006450570518 16.7113326562981 0
5.597450338936088 16.39715797551833 0
5.233941840195829 16.78423271376271 0
5.329701786051977 17.14173110543801 0
55.52085493090035 0.1558349586916066 0
55.48221177643041 0.1919583046104059 0
55.45424217257369 0.1522997638376573 0
55.49288532704362 0.116176417918858 0
55.41392442187198 0.124594031925465 0
55.42619087523389 0.2022947397079271 0
55.38587312453218 0.1745890077957331 0
55.42731336781923 0.2610017673906597 0
55.48333426901576 0.2506653322931385 0
3.848660593255985 11.36212055221582 0
3.672276015187585 10.8789909659856 0
4.098533584767218 10.78522337829413 0
4.274918162835618 11.26835296452435 0
4.380061898720712 10.47847597445477 0
3.775615466059609 10.48112848554533 0
4.057143780013106 10.17438108170596 0
3.395238206235462 10.34121177719379 0
3.291898755363437 10.73907425763406 0
7.805395786036264 7.318078420322698 0
7.888156426981418 7.071683345611464 0
8.059585554667215 7.194552476159989 0
8.082238256778318 6.970390119026172 0
8.255122571911571 6.962830558745404 0
8.005683863864824 6.766215291239636 0
7.811602034067924 6.867508517824928 0
7.258261905713084 18.60965023747196 0
6.708244152433796 18.55712048231106 0
6.788201434500508 18.07482552735339 0
7.338219187779792 18.12735528251429 0
6.63510901018347 17.62693694288902 0
6.335666345754419 18.22241573822537 0
6.182573921437381 17.774527153761 0
5.95473702091406 18.61100195233087 0
6.32731482759344 18.94570669641656 0
54.667970012898 0.1271688548319183 0
54.68860136902937 0.1821930372597045 0
54.63832273738003 0.2032653532996704 0
54.61769138124865 0.1482411708718843 0
54.59260164888465 0.2532951656988978 0
54.68370462774919 0.2568891940409515 0
54.63798353925381 0.3069190064401823 0
54.75335562851329 0.2501068216107036 0
54.75825236979347 0.1754106648294567 0
6.633840853056128 14.42664825601632 0
6.422255482398512 14.20814910559274 0
6.620359063984303 14.15849179426297 0
6.403216964716279 13.96938016639574 0
6.448961916962816 13.78975042775301 0
6.172747331904439 13.91143909068499 0
6.191785849586672 14.15020802988199 0
4.197412635349547 16.44968539351201 0
4.449629159851504 16.89767604699943 0
4.058336693102792 17.175444937873 0
3.806120168600835 16.72745428438558 0
3.927334627194817 17.69886189796156 0
4.521667895894655 17.33061979637734 0
4.390665829986681 17.8540367564659 0
4.886810263769689 17.2652331086768 0
4.814771527726542 16.8322893592989 0
18.1691886533116 6.974297900426325 0
18.43902032161348 7.037554370673128 0
18.32418788059044 7.31501421606482 0
18.05435621228857 7.251757745818017 0
18.3070147474324 7.578931757967165 0
18.63904743066763 7.299553147068524 0
18.62187429750958 7.563470688970868 0
18.97803752917449 7.068145707790132 0
18.77801042012034 6.806146931394736 0
40.79128501273934 0.3612768566056666 0
40.73351733658795 0.4257711601978968 0
40.67792661581198 0.333357964506213 0
40.73569429196337 0.2688636609139827 0
40.61919284699466 0.2579451160862547 0
40.62989810904867 0.4568719942829809 0
40.57116434023136 0.3814591458630225 0
40.63223398711324 0.6234231707516731 0
40.73585321465251 0.5923223366665908 0
6.422901955376741 7.890741387273533 0
6.375264430084172 7.688086541949632 0
6.608005638891839 7.636082794928573 0
6.655643164184404 7.838737640252473 0
6.78466920069193 7.498809056142027 0
6.453696035689003 7.454533844325365 0
6.630359597489097 7.317260105538819 0
6.231598128448706 7.38500083050071 0
6.153166522843875 7.618553528124977 0
48.30526054554625 0.0326986051438567 0
48.28220501135039 0.05506475499740127 0
48.264142857225 0.02236614985354457 0
48.24522717322134 0.05299524764856045 0
48.22337654119737 0.0306290977950141 0
48.24190858565728 0.1044761436406318 0
48.27888642378633 0.1065456509894744 0
36.8078166461768 0.03551312497049608 0
36.78528076448435 0.06000217752853487 0
36.76868395744962 0.02448905255803879 0
36.75196122743358 0.05867395093330074 0
36.72959094290619 0.03418489837526195 0
36.75155351876474 0.1145802098499278 0
36.78487305581551 0.1159084364451619 0
43.98991272305421 0.02758144581330235 0
43.96639753652876 0.04579377448393629 0
43.95269124779087 0.01821232867063216 0
43.93587174240507 0.0449442387600314 0
43.91448076271068 0.02673191008939746 0
43.93347600751875 0.08126484081534002 0
43.96400180164244 0.08211437653924492 0
22.62639538431229 0.03104664022505688 0
22.58567479439515 0.05040919160060398 0
22.59427941008286 0.01936255137554532 0
22.55605809745918 0.04257852164011311 0
22.55211202070966 0.02321597026456601 0
22.50566887699114 0.08604358891898656 0
22.53528557392711 0.09387425887947742 0
23.1034371004464 0.03728763642124377 0
23.08398199804767 0.06394052787328164 0
23.06221156426793 0.02665289145203786 0
23.04857149732818 0.06478355887119669 0
23.02335993306025 0.03813066741915883 0
23.05512932492022 0.1263004936828693 0
23.09053982563971 0.1254574626849525 0
23.46294134898477 0.02333013845239762 0
23.44605637155232 0.04138562111726785 0
23.42211502256756 0.01805548266487023 0
23.41294491754002 0.04587271877919719 0
23.3851632283058 0.02781723611432696 0
23.42650997276748 0.08644709176704879 0
23.45962142677978 0.08195999410511945 0
34.83992211370993 0.02563414236509765 0
34.82368979458237 0.04330976404358111 0
34.79911620634159 0.01767562167848347 0
34.79341777129732 0.04496464194885696 0
34.76474392420505 0.0272890202703735 0
34.80621716062037 0.08024608479009743 0
34.83648918390541 0.07859120688482157 0
23.62744435925282 0.01776163706228928 0
23.60305176574198 0.02914585695769389 0
23.59327407315583 0.01138421989540461 0
23.57644458175832 0.0282180880266818 0
23.5561705086025 0.01683386813127541 0
23.57367072727772 0.04975640824419791 0
23.60027791126137 0.05068417717521001 0
45.41870061767416 0.02926895596682755 0
45.39108636690182 0.04505622500508366 0
45.38558950257881 0.01578726903825611 0
45.36436177803792 0.03647033091565177 0
45.34706986259042 0.02068306187739566 0
45.35415187610447 0.06349264365393381 0
45.38087646496837 0.0720785377433657 0
22.92143142332753 0.03892418675097353 0
22.89945791611683 0.06570386914811799 0
22.8810264927893 0.02677968239714446 0
22.86384810398369 0.06468892809666116 0
22.84115494452772 0.0379092456995167 0
22.86290718415803 0.1244987952911085 0
22.89851699629117 0.1255137363425654 0
36.17261165446989 0.03023809330411886 0
36.14459944240703 0.0511213614758077 0
36.13452130000147 0.02088326817168706 0
36.10819490030055 0.04964874690973531 0
36.09130094614356 0.02876547873804824 0
36.09682494927252 0.09850695333020454 0
36.13322949137901 0.09997956789627516 0
53.86768821166734 0.01997311025611026 0
53.84405382794858 0.03288417226219842 0
53.83192861896215 0.01291106200608638 0
53.81635538383301 0.031807929188016 0
53.79508360133192 0.01889686718192962 0
53.81374602345479 0.05698728578376944 0
53.84144446757036 0.05806352885795008 0
42.54998722687482 0.0250867251216178 0
42.52572258511206 0.04092817547652672 0
42.51494447351871 0.01584145035490891 0
42.49727140283265 0.03728336762594786 0
42.47662987837557 0.02144191727103717 0
42.49597351318871 0.07042742744355124 0
42.52442469546812 0.07407223529413187 0
23.28483077052185 0.03492390778108501 0
23.26735744647829 0.05965108977902034 0
23.24286000928978 0.02472718199793533 0
23.23219160764443 0.06021789804082189 0
23.20499826502132 0.03549071604288656 0
23.2421375062513 0.1167025090665064 0
23.27730334508515 0.1161357008047048 0
61.15533891801639 0.024255868739953 0
61.13937620193146 0.04129090205223918 0
61.11439921420997 0.01703503331228617 0
61.10884484749725 0.04388478621857672 0
61.07990139736235 0.02684975290629055 0
61.12183870405178 0.07794041305126953 0
61.15237005848599 0.07534652888493198 0
40.56521563379013 0.02839781036368905 0
40.53561634691116 0.04363159172652331 0
40.53373851472957 0.01523378136283426 0
40.51020467769114 0.03452972736246096 0
40.49489779835027 0.0192959459996267 0
40.49642498295427 0.06091420578741591 0
40.52183665217429 0.07001607015147826 0
41.21060025310257 0.01996699713851946 0
41.19054847157103 0.03397419589355088 0
41.17197234715475 0.01400719875503142 0
41.16030879400591 0.03590611779842945 0
41.13545440931762 0.02189891904339802 0
41.16485333219379 0.06316986920709766 0
41.19509300975891 0.06123794730222087 0
49.65415588860306 0.01604161643485469 0
49.63666067458252 0.02689953132892242 0
49.61688816399548 0.01085791489406773 0
49.60800680390755 0.02665383741937788 0
49.58059585170826 0.01579592252531015 0
49.62592155545431 0.04934406258435331 0
49.65457542612927 0.04958975649389963 0
58.81591016415743 0.01767055890315028 0
58.79819240897845 0.02924712180385214 0
58.77752353168427 0.01157656290070008 0
58.77052938982144 0.02910302430398914 0
58.74334097878058 0.01752646140328906 0
58.78078327118891 0.0509599104820424 0
58.80844629034591 0.0511040079819054 0
55.57675473333673 0.02372130264042838 0
55.55337807902801 0.04045093368408459 0
55.53862066472607 0.01672963104365621 0
55.52104845275912 0.04070019220405285 0
55.49951894084801 0.02397056116039664 0
55.51808075313458 0.07855243399153267 0
55.55041037940347 0.07830317547156085 0
35.28220156230013 0.03718352613367237 0
35.25905300048053 0.06363994140427209 0
35.24126162584794 0.02645641527059794 0
35.22173610861834 0.0641338392316122 0
35.1999785042181 0.03767742396101426 0
35.21993209712254 0.1252070637349547 0
35.25724898898473 0.1247131659076146 0
57.45755533170647 0.01933533797689435 0
57.43194229229982 0.03203954106971452 0
57.42244326086141 0.01270420309282017 0
57.40365364992267 0.03151937320010134 0
57.38436052310948 0.01881517010728118 0
57.39773442278439 0.05649715288958923 0
57.42602306516154 0.05701732075920241 0
35.6515591302237 0.02835693788453497 0
35.63584049272811 0.04930441573296562 0
35.60794087993067 0.02094747784843065 0
35.59949759517718 0.05204659807375833 0
35.57031006645293 0.03109912022532768 0
35.61546451587694 0.09951693296827457 0
35.65180741342787 0.09677475062748186 0
39.58225371049163 0.02158051159215901 0
39.55611883659047 0.03608407832658855 0
39.54926727087093 0.01450356673442776 0
39.52672541684431 0.0366976164076398 0
39.50795412452563 0.02219404967321204 0
39.53220509613698 0.06493603356478239 0
39.56159851588313 0.06432249548372937 0
38.78076887463091 0.01652616152290776 0
38.75914818082131 0.02717650101311264 0
38.74547045900538 0.01065033949020489 0
38.73324408623841 0.02657828691568298 0
38.70995861382818 0.0159279474254781 0
38.73643330826482 0.04671545594390025 0
38.76233740284772 0.04731367004133169 0
32.13237049611777 0.02472322810644201 0
32.1085118387203 0.04032651702720003 0
32.09711989488134 0.01560328892075624 0
32.07972112410622 0.03719887940678923 0
32.05867361528386 0.02159559048603299 0
32.07979924847221 0.06899312060648555 0
32.10858996308628 0.07212075822689634 0
47.39322138846246 0.04203441135476638 0
47.36275343252898 0.06481405689538988 0
47.35860711109058 0.02277964554062351 0
47.33119695062903 0.05163905224007337 0
47.31675874034268 0.02885940669944986 0
47.31393650369658 0.09256709776324357 0
47.34549298559653 0.1057421024185601 0
33.48706138882061 0.03432315418914911 0
33.46514441090769 0.05998250474573297 0
33.44624656096106 0.02565935055658386 0
33.42783382734343 0.06330618121145193 0
33.40484463903651 0.03764683065486807 0
33.43122742384455 0.1236649987978957 0
33.46853800740881 0.1203413223321732 0
55.85180041782334 0.02438686749966479 0
55.83384105269443 0.0438107088746662 0
55.81347495122493 0.01942384137500319 0
55.80613374544433 0.05610069805079831 0
55.77918694435341 0.03667685667579512 0
55.81519588479045 0.09040743640699311 0
55.84290319204054 0.07811744723086278 0
32.30812562894437 0.0227470176776432 0
32.28181479061278 0.03741544758718085 0
32.27429237882658 0.01466842990953765 0
32.25347737758972 0.03488755041370339 0
32.23488204970148 0.02021912050416574 0
32.24828203881577 0.06612211583609984 0
32.27661945183883 0.06865001300957729 0
37.89806038526832 0.03334400040518659 0
37.88294323888248 0.05648362674420859 0
37.85385068203236 0.02313962633902023 0
37.846679174122 0.05480637335448435 0
37.816890154288 0.03166674701546413 0
37.86113472057674 0.1084349387512553 0
37.89739878533722 0.1101121921409796 0
60.6924392495566 0.03170914798450397 0
60.66692206665736 0.05280896267293755 0
60.65578308519727 0.02109981468843358 0
60.63562697001692 0.05235675917164606 0
60.61623798669632 0.03125694448321248 0
60.62944206990282 0.09478969733536857 0
60.66073716654326 0.09524190083665829 0
38.61437147022529 0.02206067946619683 0
38.59933954418489 0.03898293593315216 0
38.57243456189522 0.01692225646695533 0
38.56595754341811 0.04302567412936398 0
38.53608330323868 0.02610341766240865 0
38.58444587193603 0.08072214569156699 0
38.61782787270282 0.07667940749535518 0
52.35135237788612 0.02763573766593197 0
52.332420012447 0.04368123819998004 0
52.30982098576725 0.01604550053404807 0
52.29889405196924 0.03845201105330887 0
52.27292025118852 0.02240651051926079 0
52.30468007185303 0.06786628124168104 0
52.3382060323308 0.07309550838835221 0
62.13647161229432 0.0335990741363652 0
62.1149819990422 0.05887086050882573 0
62.09680797387925 0.02527178637246053 0
62.07991120836665 0.06357009244779377 0
62.05649465539892 0.03829830607533324 0
62.08546584231073 0.120488428254415 0
62.12053663298627 0.1157891963154452 0
51.54339659126517 0.01952134224737634 0
51.52732814803883 0.03390495022874873 0
51.50437391602292 0.01438360798137239 0
51.50054838085284 0.03844253550776955 0
51.47171065785934 0.02405892752639716 0
51.51211504393928 0.06493503112195675 0
51.53889481112527 0.06039744584293594 0
40.12790643065292 0.03321273079869691 0
40.10140413894436 0.0562820291096422 0
40.0877738477016 0.02306929831094351 0
40.06203895234961 0.05506641812849722 0
40.04363507783832 0.03199711981755193 0
40.05535104993481 0.1083622563033479 0
40.09471623652956 0.1095778672844929 0
53.73431553790569 0.1684043878000239 0
53.71268742188892 0.2033660795762486 0
53.67907960945963 0.1655788812824497 0
53.70070772547641 0.1306171895062267 0
53.64267514942706 0.1378480785087728 0
53.65854486034937 0.2109159225290327 0
53.6221404003168 0.1831851197553558 0
53.67706033170822 0.2881063893230582 0
53.73120289324778 0.2805565463702742 0
37.26765015404236 0.02813999331144146 0
37.2532305423627 0.04966219851666764 0
37.22586188966081 0.02152220520522619 0
37.22071543672654 0.05444774630379356 0
37.19022888218635 0.03292554109856738 0
37.24035306004257 0.1030957781981261 0
37.27286816567874 0.0983102304109984 0
55.7426178322457 0.03736414512173347 0
55.71203392545863 0.05749256055828411 0
55.7110380771271 0.02012841543654886 0
55.68531027106616 0.04558063005075397 0
55.67098801163338 0.0254522146142051 0
55.66922598082625 0.08130284759060658 0
55.69594963521872 0.09321477809813317 0
34.29653810012617 0.03309738584570709 0
34.2756163526465 0.05760392008992454 0
34.25555278335141 0.02450653424421745 0
34.23855131602633 0.06021130959776322 0
34.21456689728617 0.03570477535354577 0
34.24461173386848 0.1174969107903809 0
34.28167677048864 0.1148895212825423 0
45.08045775997345 0.02301062824146172 0
45.066786589944 0.04125252196829976 0
45.040283253563 0.01824189372683804 0
45.04078637127429 0.05378003123450981 0
45.00955137508389 0.03553813750767176 0
45.05812966284152 0.0842756257493722 0
45.08412988151124 0.07174811648316393 0
44.45721771729706 0.03321649007863314 0
44.44532766903842 0.05828551180050923 0
44.41337804825606 0.02506902172187608 0
44.4113619740218 0.0627734431950131 0
44.37834585606061 0.03770442147313524 0
44.43598255941315 0.121141498246395 0
44.46994825442977 0.1166535668518947 0
43.64301523730494 0.02991989269277617 0
43.6289870289288 0.05261613261058073 0
43.60292889618145 0.02269623991780456 0
43.59960011896847 0.05582893012078571 0
43.56872216112478 0.03313269020298115 0
43.61359008623183 0.09517695335192577 0
43.64297699619216 0.0919641558417208 0
59.98246257235922 0.01920345076288754 0
59.96321933582535 0.03223114832538521 0
59.9435583720452 0.01302769756249589 0
59.9335002749814 0.03305185521383081 0
59.90783734529543 0.02002415765133314 0
59.93991775508543 0.05792103086292499 0
59.96963681592938 0.05710032397448117 0
41.56548393146606 0.02842360643831832 0
41.54012417064626 0.04826263262800801 0
41.5259136976252 0.01983902618968969 0
41.50403489210043 0.04738854137504234 0
41.4844884867004 0.02754951518535265 0
41.49533738673207 0.09279508805392744 0
41.53142666527791 0.09366917930689311 0
50.81235452925665 0.02550695374840473 0
50.78777772101388 0.04125406206221172 0
50.77736689148907 0.01574710831380699 0
50.7605516092863 0.03804541673409823 0
50.74022225130922 0.02229830842028946 0
50.75590574322801 0.06791847609246737 0
50.78313185495561 0.07112712142058086 0
55.02939757472718 0.221978244376837 0
55.00531996121399 0.2868200803740812 0
54.94920232981403 0.2390087489478692 0
54.97327994332721 0.1741669129506249 0
54.87131974857918 0.195498594681645 0
54.93193948054927 0.3296772118189466 0
54.85405689931441 0.2861670575527242 0
55.00543824615349 0.4350843149136185 0
55.07881872681821 0.3922271834687514 0
27.24137200102793 0.1552422257460542 0
27.20332179916451 0.1743458209023778 0
27.19713280918615 0.1348391509943436 0
27.23518301104956 0.11573555583802 0
27.17777402898884 0.1028585798391273 0
27.16068020010709 0.1618853210413569 0
27.14132141990978 0.1299047498861405 0
27.13894960466241 0.2158600969114648 0
27.18159120371984 0.2283205967724857 0
24.39216064617361 0.1657949439081392 0
24.35549349813169 0.1871944482769567 0
24.34286483979028 0.1442009399085755 0
24.37953198783221 0.122801435539758 0
24.32103780582912 0.1081070570742462 0
24.30678803246695 0.1757734871438785 0
24.28496099850579 0.1396796043095492 0
24.28685034665192 0.2426145300359579 0
24.33555581231666 0.2540354911690361 0
28.19728004423001 0.2202416179901228 0
28.15258533067465 0.2410908222705359 0
28.15476538519466 0.1767466771180786 0
28.19946009875002 0.1558974728376654 0
28.14523529919883 0.1267863816557036 0
28.10877790349466 0.2107540341502059 0
28.09924781749882 0.1607937386878326 0
28.06057263394842 0.2903859833460416 0
28.10438006112842 0.3207227714663698 0
31.04072617241451 0.1778534353088936 0
31.01063475345568 0.2031505532948721 0
30.98750629345716 0.1576402603161071 0
31.01759771241598 0.1323431423301287 0
30.95731333671496 0.1180759175912875 0
30.95934118258218 0.197423942318494 0
30.92914822583998 0.1578595995936745 0
30.96201724278312 0.2705007274729496 0
31.01331081365663 0.2762273384493277 0
11.34626728471184 4.67678775934889 0
11.48356319327449 4.522819701891681 0
11.64581707490895 4.682103086511713 0
11.50852116634629 4.836071143968923 0
11.84164447315429 4.77879291392737 0
11.74742098995547 4.455904024532112 0
11.94324838820081 4.552593851947769 0
11.67519193291453 4.170064980205124 0
11.41133413623356 4.236980657564693 0
11.88444091149067 19.00691903377502 0
11.66541335019269 19.11880209153603 0
11.57591961373245 18.85224946528337 0
11.79494717503043 18.74036640752237 0
11.4434375743632 18.65443649940739 0
11.39461928680598 19.02462035817885 0
11.26213724743673 18.82680739230286 0
11.26957947100426 19.4097689710451 0
11.54037353439098 19.50395070440228 0
9.645488140761422 18.46911899154632 0
9.440906093513767 18.45170223001466 0
9.477311941985612 18.21837778328768 0
9.681893989233266 18.23579454481934 0
9.42065034138885 18.02494914419909 0
9.255853539665022 18.29695973287378 0
9.199191939068257 18.10353109378519 0
9.105629604848414 18.4815712400754 0
9.290682158697159 18.63631373721629 0
25.92552093421848 0.16732189366844 0
25.89498336669114 0.188253248346312 0
25.87896363072431 0.1480071945201651 0
25.90950119825164 0.1270758398422913 0
25.85103391947261 0.1162037025515801 0
25.85166246781716 0.1856854977151468 0
25.82373275656547 0.1538820057465617 0
25.84873979489758 0.2368529959438845 0
25.89206069377157 0.2394207465750497 0
28.61455042886847 0.1416410508441395 0
28.59877058380455 0.1828872713869814 0
28.56023576800033 0.1564551163396608 0
28.57601561306425 0.1152088957968207 0
28.52254747904123 0.1432567024994142 0
28.55743758784766 0.2102835761176927 0
28.51974929888857 0.1970851622774443 0
28.58813894743448 0.265482911835095 0
28.62947194339136 0.2380866071043837 0
29.57677332331389 0.1410676576722949 0
29.55204008724075 0.1761859133717465 0
29.52167624742806 0.1439617308278738 0
29.54640948350121 0.108843475128424 0
29.48849882198525 0.1230690000167005 0
29.50602030162647 0.1850868116067197 0
29.47284287618366 0.1641940807955464 0
29.5248591931596 0.2472009428449695 0
29.57087897877387 0.2383000446099945 0
24.91282155465169 0.1400001118696981 0
24.88344892425172 0.1745837292966392 0
24.85862974398971 0.1419982123098595 0
24.88800237438968 0.1074145948829184 0
24.82923060562784 0.1215965950626767 0
24.83805208527874 0.1821676184734251 0
24.80865294691687 0.1617660012262423 0
24.84583496560466 0.2449840713879023 0
24.89123180457764 0.2374001822111182 0
29.072002310822 0.1466699823830684 0
29.04579680364671 0.1645700778542238 0
29.03017292687861 0.1299063875439685 0
29.0563784340539 0.1120062920728131 0
29.01098139113259 0.1053717728657215 0
29.00799255369105 0.1560324030520022 0
28.98880101794503 0.1314977883737569 0
29.00103756747922 0.2077506218375493 0
29.03884181743488 0.216288296639771 0
30.51109628413078 0.1508769574645967 0
30.48537605473934 0.1787571513505952 0
30.46372629074865 0.1468859819971371 0
30.48944652014008 0.1190057881111386 0
30.43923617511559 0.1250723303085604 0
30.44098202304179 0.1879432335101079 0
30.41649190740874 0.1661295818215311 0
30.43810044016858 0.2461631939355442 0
30.48249447186613 0.2369771117760315 0
27.73522879845705 0.1294685300660028 0
27.71169579384529 0.1521334270942738 0
27.695422136888 0.1239590766621461 0
27.71895514149977 0.1012941796338751 0
27.67335823303605 0.1057511071297643 0
27.67395629201173 0.1554288464569993 0
27.65189238815978 0.1372208769246193 0
27.67176830612626 0.2025729519855233 0
27.70950780795982 0.1992775326227978 0
26.42215800703717 0.1544263060488298 0
26.40372556872836 0.1857377384466528 0
26.37675111717594 0.155444966712075 0
26.39518355548473 0.1241335343142502 0
26.34669812806269 0.1342444712297741 0
26.36117333249342 0.1998654739705081 0
26.33112034338018 0.1786649784882073 0
26.38032344819457 0.2634534240445561 0
26.42287568442951 0.2493256885207025 0
23.89604578024059 0.1442800934979971 0
23.87183608572458 0.1716416105492833 0
23.8522449251492 0.1412385371406586 0
23.8764546196652 0.1138770200893724 0
23.82781349706781 0.1195226489845744 0
23.82915956104964 0.1792839584702328 0
23.80472813296825 0.1575680703141504 0
23.83106164286303 0.2403066434661376 0
23.87373816753798 0.2326642955451881 0
5.445725772517292 9.195492545399842 0
5.482865833671909 8.8616336744885 0
5.7991958594389 8.913958206463313 0
5.762055798284287 9.247817077374656 0
6.047572220611276 8.846188527882125 0
5.716721231551347 8.641388774212778 0
5.965097592723723 8.573619095631591 0
5.482948677995196 8.362617533524858 0
5.249093280115755 8.582862433800582 0
8.44454398731736 17.7379486323393 0
8.201596204465361 17.7807079820569 0
8.19254719535396 17.5004208618187 0
8.435494978205956 17.4576615121011 0
8.111714035329424 17.24804833468131 0
7.942233201440025 17.61954838186422 0
7.861400041415486 17.36717585472682 0
7.746758482408893 17.99084429881719 0
8.006121485434235 18.15200389900987 0
29.84454813286125 1.08947235984291 0
29.6113874567077 1.268224784323031 0
29.45407902911697 0.988837874535367 0
29.68723970527052 0.8100854500552472 0
29.24862656758871 0.7652467147544826 0
29.29313990038348 1.197151217591419 0
29.08768743885522 0.9735600578105341 0
29.25410654155535 1.588352761486517 0
29.57235409787957 1.659426328218128 0
11.13841633661737 5.456436182368069 0
11.02577397127521 5.22609183892785 0
11.24066989544051 5.165446596668588 0
11.35331226078267 5.39579094010881 0
11.35681247889544 5.019140379789079 0
11.07098967662036 5.030027360028496 0
11.18713226007529 4.883721143148987 0
10.86354291329572 4.980844673413447 0
10.81832720795057 5.176909152312799 0
27.62968584554569 0.7994266113608521 0
27.52224117582556 0.9906867966116799 0
27.33356763293929 0.8571671243265335 0
27.44101230265941 0.665906939075704 0
27.05570422684395 0.7148870944935837 0
27.26125425678004 1.116643064080028 0
26.98339085068471 0.9743630342470784 0
27.47126373775399 1.470462937858565 0
27.73225065679951 1.344506670390217 0
53.03234709176517 0.2151670516088551 0
52.9809064439853 0.2091996905049385 0
53.0010153480222 0.1544919192976515 0
53.05245599580206 0.1604592804015681 0
53.00118794460272 0.1084529668519139 0
52.95254279307322 0.1609805778169875 0
52.95271538965373 0.1149416253712516 0
52.89497540647673 0.1995329018978254 0
52.92333905738882 0.2477520145857746 0
56.92901508398477 0.1358022199816382 0
56.95557688456621 0.1673603792058849 0
56.91625464024169 0.210243597748466 0
56.88969283966025 0.1786854385242194 0
56.89292460515303 0.2881377464945487 0
56.97643386824965 0.2168052087474841 0
56.95310383316099 0.2946993574935686 0
57.02308254262242 0.1796470303913047 0
57.00222555893897 0.1302022008497037 0
61.0815808188375 1.364518731727546 0
60.96642079597694 1.121986263703516 0
61.21090449553169 1.007933010500478 0
61.32606451839225 1.250465478524511 0
61.35697489378548 0.8017446535244908 0
61.01956685492991 0.8545617338996401 0
61.1656372531837 0.6483733769236508 0
60.73350908840978 0.7567484745630573 0
60.68036302945681 1.024173004366933 0
32.57651896285793 0.1618477117358523 0
32.53851031813996 0.1876570445560297 0
32.51660178813575 0.1519825591837396 0
32.55461043285373 0.1261732263635622 0
32.47174698791837 0.1267271678957584 0
32.48330195727031 0.1989958696015943 0
32.43844715705293 0.1737404783136132 0
32.4805357987964 0.2468945926279424 0
32.53574415966604 0.2355557675823796 0
45.20668704248528 0.1664761482822854 0
45.1603793402512 0.185665353151073 0
45.1401341231694 0.1367480636054559 0
45.18644182540348 0.1175588587366665 0
45.11314663836073 0.1048248987190075 0
45.11115883195346 0.1628246520586245 0
45.08417134714479 0.1309014871721743 0
45.09567553979734 0.2099084832080678 0
45.14489604809508 0.2327491843005198 0
51.62794289843806 0.1421165066937089 0
51.58080457318468 0.1636393437119388 0
51.57248663359051 0.1204628447206595 0
51.6196249588439 0.09894000770242961 0
51.55834318167165 0.08951009814527211 0
51.53806596412009 0.1420997900325638 0
51.52392251220122 0.1111470434571764 0
51.49400433694881 0.2008258007023844 0
51.5367429460134 0.2223653543817594 0
59.66149966215182 0.3716918392376591 0
59.62983255185392 0.4372555258417634 0
59.55345560998579 0.3839330596056101 0
59.58512272028369 0.3183693730015058 0
59.46737512268495 0.3549106460005298 0
59.53812280725597 0.4689143375949278 0
59.45204231995513 0.4398919239898458 0
59.61225041530182 0.562432430054896 0
59.70396015989976 0.5307736183017333 0
47.66541596422264 0.2757212890038812 0
47.58985007488552 0.2789385420704988 0
47.59085970224273 0.2035951893783992 0
47.66642559157985 0.2003779363117815 0
47.57082569539186 0.1406109744829074 0
47.53661397791299 0.2264088423901782 0
47.51657997106211 0.1634246274946882 0
47.47847802976973 0.3010626855390477 0
47.53171412674225 0.3535923852193701 0
53.42802721992787 0.1593023076707674 0
53.37981717819785 0.1865863165103701 0
53.36301660586272 0.1364768236808924 0
53.41122664759274 0.1091928148412897 0
53.33340974871427 0.09752796678407805 0
53.32554804664503 0.1679713693529798 0
53.29594118949659 0.1290225124561655 0
53.30396097569858 0.236511481969357 0
53.3582301072514 0.2551264291267472 0
46.07151149440594 0.2175338121178321 0
46.00559518277211 0.236493662483527 0
45.9986911793739 0.174954410928251 0
46.06460749100772 0.1559945605625579 0
45.970636578582 0.1257054162998354 0
45.95468437931854 0.2091955600024527 0
45.92662977852664 0.1599465653740371 0
45.92166753433466 0.2757039393452452 0
45.97257833778824 0.3030020418263195 0
32.37596406128667 0.1663009569762259 0
32.31773973121103 0.1808374144216565 0
32.31966427676099 0.1337160257379431 0
32.37788860683662 0.1191795682925108 0
32.29638654503551 0.1011284845535485 0
32.27817913700403 0.160059435007982 0
32.25490140527856 0.1274718938235875 0
32.24673921764739 0.1994886894271346 0
32.28629981185438 0.2202666688408108 0
27.67999708913056 0.3129035254198769 0
27.62399980566641 0.3754684907840886 0
27.57701993578758 0.3176625053692455 0
27.63301721925171 0.2550975400050355 0
27.51173278545288 0.270069366259321 0
27.52857370750551 0.3943924173279427 0
27.46328655717081 0.3467992782180183 0
27.53681767121331 0.5170672545238126 0
27.63224376937421 0.4981433279799585 0
56.57876091460328 0.137711399363269 0
56.55937454181615 0.1698685602599301 0
56.52366989028181 0.145137804800811 0
56.54305626306893 0.1129806439041516 0
56.47189720574239 0.120844918494992 0
56.5136669265796 0.2008126076323737 0
56.46189424204018 0.1765197213265548 0
56.55050685924365 0.2552830231437184 0
56.59621447448021 0.2243389757712748 0
57.96029043926981 0.1555730051213082 0
57.97443038065101 0.2263294393073885 0
57.91426489769795 0.2526489796310916 0
57.90012495631674 0.1818925454450095 0
57.85378958231491 0.3211285281987735 0
57.97918018823651 0.3128153039736024 0
57.91870487285347 0.3812948525412843 0
58.04301597999769 0.3108580694831193 0
58.03826617241219 0.2243722048169055 0
30.01785952783175 0.3292377933576063 0
30.05551420171979 0.4038612715397658 0
29.98786101581862 0.4635361938856768 0
29.95020634193058 0.3889127157035173 0
29.92569348452838 0.6275831268432448 0
30.09149118929359 0.5081336879111387 0
30.02932365800335 0.6721806208687084 0
30.17287931550046 0.4477244511048788 0
30.13690232792666 0.3434520347335059 0
31.48551927105155 0.5229949661268662 0
31.43730478315043 0.4315397713256175 0
31.54278165067877 0.4091336780519725 0
31.59099613857989 0.5005888728532213 0
31.59181361340188 0.350714619856527 0
31.45933534504225 0.3513214233334594 0
31.50836730776536 0.292902365138012 0
31.36632712525178 0.3089351909664835 0
31.34429656335996 0.3891535389586416 0
24.7720095571066 0.6954676535896152 0
24.72098369125304 0.5069408562936744 0
24.83852700644037 0.4780737672426838 0
24.88955287229393 0.6666005645386228 0
24.8876786112185 0.3906062670985122 0
24.76614554726254 0.4022965163348609 0
24.81529715204067 0.314829016190691 0
24.68323079784735 0.3326763651798927 0
24.63806894183785 0.4373207051387062 0
29.07025345558471 0.2773208806125531 0
29.11851702625778 0.3535598548494043 0
29.0588823891778 0.41372332309626 0
29.01061881850473 0.3374843488594106 0
29.02395267814988 0.5609763504740393 0
29.15760830569965 0.4448618487382312 0
29.12267859467172 0.5921148761160104 0
29.23340651477346 0.3910712151803288 0
29.1943152353316 0.299769221291502 0
42.46102398809455 0.568786947911569 0
42.50953942665654 0.4302944809996099 0
42.61804117946262 0.4355555243595326 0
42.56952574090062 0.5740479912714918 0
42.70645833880146 0.3633220087676001 0
42.58051338277289 0.3540646059726864 0
42.66893054211174 0.2818310903807557 0
42.53028200392025 0.2998003845299433 0
42.4593080478039 0.3760302595568668 0
52.393043786064 0.2391320364264686 0
52.31348573783733 0.208859489205599 0
52.3631211477908 0.1618316979688146 0
52.44267919601748 0.1921042451896824 0
52.36202379020688 0.121977864329839 0
52.30110370535348 0.1473178066344794 0
52.30000634776956 0.1074639729955038 0
52.23054082012606 0.1480081590359958 0
52.24292285260991 0.2095498416071173 0
34.10274587790585 0.03279950420156652 0
34.07054030726924 0.05485729073582135 0
34.06464429531513 0.02205778653425305 0
34.03532981663735 0.05238144861348815 0
34.02262922105411 0.03032366207923332 0
34.00551837112864 0.1017303119842801 0
34.04072886176053 0.1042061541066133 0
35.98503574542335 0.02375882142652586 0
35.95135844536631 0.03918599979001058 0
35.94923154712794 0.01542717836348473 0
35.91890719219768 0.03581012009404105 0
35.90767832603487 0.02038294173055633 0
35.88646054360272 0.07069000906741607 0
35.91891179677135 0.0740658887633856 0
39.93263572118364 0.02637252155807701 0
39.89523145242202 0.04344828159941727 0
39.89724720576918 0.01707576004134026 0
39.86071692224512 0.04007592180927588 0
39.8532150247869 0.02300016176793562 0
39.82009038088031 0.07727212816473994 0
39.85460491105721 0.0806444879548831 0
41.89027029877217 0.04497324169627603 0
41.84510446364414 0.0663827157923933 0
41.86535695307569 0.02140947409611726 0
41.82104891829985 0.04526449018449696 0
41.82130858720804 0.0238550160883797 0
41.76914551335703 0.0794369286044585 0
41.79320105870132 0.1005551542123548 0
45.53111003511449 0.02145992610831016 0
45.51948183432695 0.04021982046050177 0
45.49138788500331 0.01875989435219161 0
45.49205416302221 0.05338376861944027 0
45.45877619758991 0.03462387426725044 0
45.52033852647963 0.08982324486742499 0
45.54776619778438 0.07665929670848648 0
52.45108600574774 0.01068488928885003 0
52.44462511053085 0.02065188187161127 0
52.41210478842915 0.009966992582761236 0
52.42568822982405 0.03115181111109422 0
52.3872429588211 0.02118481852833121 0
52.45755598801641 0.04451425859122438 0
52.4764928687232 0.0340143293517432 0
22.08820808394556 0.1515379376857116 0
22.04741219308436 0.1999172490766306 0
22.00348411888391 0.196019316601749 0
21.99168646781248 0.2505460550977716 0
21.91205181071683 0.2716973529883919 0
22.02763771888964 0.2734221639793475 0
22.08336344416153 0.2227933579582064 0
22.11058028845322 0.1654266028582612 0
22.15812652187737 0.1642697271220328 0
22.13090967758568 0.2216364822219781 0
22.20034608590043 0.113088987000836 0
22.15484984846536 0.1106077425288507 0
40.81677093245971 0.05844639389508188 0
40.85148401084714 0.03250616425018649 0
40.87140315855924 0.04945955271452185 0
40.83669008017181 0.07539978235941724 0
40.90973791699329 0.03364600388924899 0
40.8842523729332 0.01581354882527286 0
40.84491260306135 0.01669261542491185 0
40.82085894255088 0.03019072930893785 0
40.80872113841711 0.013498113884026 0
40.79262628918272 0.03638189043755347 0
40.77177378347334 0.02288377655352747 0
40.78853827909154 0.06463755502369573 0
54.61989563259925 0.07170762961773391 0
54.62477039960582 0.03661434951288811 0
54.65488846269874 0.04141652882027103 0
54.65001369569217 0.07650980892511683 0
54.67831346126249 0.02544554845586866 0
54.64044899607427 0.01597098036440059 0
54.60328923194972 0.02064336914848575 0
54.59266709796126 0.03916130040150634 0
54.56343952820988 0.01851793125301882 0
54.56778276761982 0.05598509626444859 0
54.53349873538843 0.03746716501142799 0
54.5950113022578 0.08853142548067794 0
54.40660673674653 0.102970379068287 0
54.42880989052334 0.05509187442282482 0
54.45957146988033 0.07120057926680623 0
54.43736831610352 0.1190790839122684 0
54.48980128260764 0.04583618457253635 0
54.45401951703135 0.0253643946942681 0
54.41413353703081 0.02972747972855672 0
54.39478999017596 0.05343066452206813 0
54.37509345046412 0.02370318479351141 0
54.36178728642474 0.06191978280247667 0
54.33622466705977 0.03821659800896526 0
54.37360403299532 0.1114594973486955 0
54.13644832690239 0.1790688372011644 0
54.15994459219056 0.09545412632892436 0
54.19598114664696 0.08834702443076026 0
54.17248488135878 0.1719617353030003 0
54.22531740930449 0.05038876355726707 0
54.18547606978209 0.03795826087349141 0
54.14437468862825 0.05749586545543117 0
54.12477854439888 0.09505671453554143 0
54.10540385577057 0.03756084908011026 0
54.09119697477152 0.08593228188676072 0
54.06588695278106 0.04837143280665046 0
54.10286675727504 0.1699444045523837 0
53.25792030433124 0.01716784477233446 0
53.25000104573962 0.03362485064641341 0
53.21895741701155 0.01645700587407717 0
53.22960293819911 0.05180761681004498 0
53.19261603057087 0.03535061093596781 0
53.26135008892905 0.07862143219209905 0
53.28174819646956 0.06043866602846748 0
53.28033568331536 0.03084345495772389 0
53.30685560413745 0.03611547792053749 0
53.30826811729166 0.06571068899128107 0
53.32934639137317 0.02243986773514806 0
53.29419822080712 0.01367561018538765 0
52.97815297144737 0.05995066263824533 0
52.9950020292965 0.03211612280980702 0
53.02252121310342 0.03647408297565669 0
53.00567215525429 0.06430862280409499 0
53.05177217207181 0.022618340518056 0
53.01800105175541 0.01385574245760068 0
52.97934682204505 0.01826038035220634 0
52.96282367768622 0.03246666328242753 0
52.94091653392529 0.01420628293022119 0
52.93493234159018 0.03839806863054562 0
52.90654931972918 0.02419178570032443 0
52.95026163535134 0.06588206798636342 0
61.58615534267725 0.1107041419382941 0
61.61229619872071 0.05394979465918937 0
61.64542259139995 0.06376506175609364 0
61.61928173535648 0.1205194090352002 0
61.67608892740168 0.03912678316927654 0
61.63856958893123 0.02463827858681711 0
61.59805636850262 0.02931151607237226 0
61.57742015123898 0.05325304727112368 0
61.55878737522966 0.02394153119875142 0
61.5428410460059 0.05981370477664072 0
61.51857109704969 0.0358721735778893 0
61.55157623744417 0.1172647994438112 0
61.3304828821995 0.08680646841060202 0
61.34853034871884 0.04144491066437439 0
61.3812779834946 0.04904793122667783 0
61.36323051697526 0.09440948897290546 0
61.4095304941305 0.03000801772305195 0
61.37154641697803 0.01903991350362588 0
61.3318766931349 0.02240499716074851 0
61.31453127497197 0.04087806680701433 0
61.29264117701133 0.01847306964626583 0
61.28337884587634 0.04610300472018025 0
61.25581809781943 0.02762993507391442 0
61.29933045310387 0.09203140632376794 0
59.59272125925784 0.06747706552727983 0
59.62537102053328 0.0367172979644419 0
59.64934388811248 0.05376902452513477 0
59.61669412683705 0.0845287920879727 0
59.68584143192764 0.03613685131675659 0
59.65686706744488 0.01763217320837818 0
59.6169623981286 0.01908512475606372 0
59.59385441477564 0.03456631370665519 0
59.5804442954674 0.01548118895059147 0
59.5654436045792 0.04157224993914355 0
59.54364542171232 0.02609106098855207 0
59.5643104490614 0.07448300175976641 0
41.74131479277106 0.08279703637144564 0
41.75973905271741 0.04773812816054779 0
41.78756977330337 0.04437802039355887 0
41.78697164185937 0.02052300430517917 0
41.74857170040224 0.02721512385536862 0
41.728640920271 0.04533786873870227 0
41.71096734319312 0.01812274488333188 0
41.69674739049979 0.04434132891853082 0
41.6717720044112 0.02621858403519894 0
41.70942126299986 0.08180049655127419 0
59.17720135739223 0.01976207630936067 0
59.1606106391686 0.03794080253464038 0
59.13789989839833 0.01817872622527972 0
59.12864738718331 0.05422256643911538 0
59.10033193918711 0.03604384021383567 0
59.14808418100694 0.08699243807166468 0
59.18004743299223 0.07071067416719146 0
59.1938533168325 0.03574596207084468 0
59.2220345118176 0.04200192291504123 0
59.20822862797733 0.07696663501138801 0
59.25028871859717 0.02601803715355899 0
59.21604874228207 0.01598388576148224 0
58.96200275471617 0.05840944851798469 0
58.9948875365815 0.03326706547496272 0
59.01576001141418 0.05001356987264494 0
58.98287522954885 0.07515595291566868 0
59.05362499355792 0.03374971512891989 0
59.02681330203855 0.01626385474372327 0
58.9878463525054 0.01700321073123767 0
58.9644317634204 0.03081655875205769 0
58.95145136265761 0.01381334802081824 0
58.93626978487586 0.03765532547574324 0
58.91477820774102 0.02384197745492322 0
58.93384077617162 0.06524821524167024 0
58.20546651673301 0.01868884692888884 0
58.20496411647849 0.03708120428420969 0
58.16605255953097 0.01839235735532263 0
58.19237543246027 0.05984552342717109 0
58.14797166649496 0.04145316607185023 0
58.23701620827498 0.08708194962706628 0
58.24960489229318 0.06431763048410488 0
58.2347632655637 0.03390924939908757 0
58.26383237969236 0.03812542488213921 0
58.27867400642184 0.06853380596715297 0
58.2794417970815 0.02290502241193693 0
58.24075787483604 0.01522040247020051 0
39.79259493599265 0.07363005421464131 0
39.79967704629829 0.03503843884077895 0
39.82717249118595 0.03868051279087936 0
39.81879660849017 0.01568035102294374 0
39.7808134136794 0.01935808781783521 0
39.76692791307779 0.03553133274543185 0
39.74114130904984 0.01617324492759664 0
39.73630035460991 0.04124202108637931 0
39.70527968899167 0.02506877615878267 0
39.76196737752476 0.07934074255559054 0
57.92017328562225 0.02273226674996387 0
57.90426857884515 0.04374737407089668 0
57.88121325568936 0.02101510732093281 0
57.87505412999856 0.06302454267214053 0
57.84605267055582 0.04200943535120771 0
57.89385238826823 0.1027236458204843 0
57.92306683711482 0.08344647721924048 0
57.93726235094948 0.04137816299542152 0
57.96721316603274 0.04956764874260067 0
57.95301765219808 0.0916359629664214 0
57.99503026692535 0.03092175249714302 0
57.95911319401353 0.01864589624545587 0
57.70728092605732 0.07920298949745863 0
57.7398685384879 0.04264702991784119 0
57.7647622522239 0.06188745800840856 0
57.73217463979332 0.09844341758802599 0
57.80092347416205 0.04138860404053091 0
57.77114440808863 0.02049885396787587 0
57.73112359420621 0.02214817594996532 0
57.70773852456796 0.03994158641700984 0
57.69410822794885 0.01779341046704452 0
57.67747044696829 0.04666253943027243 0
57.65594935038671 0.02886912896322968 0
57.67701284845765 0.08592394251072122 0
48.76027803928251 0.0243886366187116 0
48.74435107286928 0.0449277382823503 0
48.72033308720601 0.0205391016636387 0
48.71138897368091 0.05226930243551564 0
48.6824097738743 0.03173020077187871 0
48.73268959847154 0.1029333512199102 0
48.76565169765991 0.09559178706674309 0
48.77891379006976 0.0446279949746895 0
48.81249266433082 0.0504992511754967 0
48.79923057192097 0.1014630432675503 0
48.83876307976341 0.0302598928195188 0
48.79980197062633 0.02023935835597612 0
48.5020387011758 0.1090094685827285 0
48.51355621864002 0.05511206632813526 0
48.54803653281525 0.0570036408703114 0
48.53651901535103 0.1109010431249047 0
48.57266155872399 0.03373668929779861 0
48.53201036283114 0.0232669515725128 0
48.49327507832892 0.03184511475562246 0
48.47852541576405 0.05507907142901125 0
48.45207339373535 0.02323395667338701 0
48.44411802053033 0.0568313906201805 0
48.41396151687536 0.03359743394679171 0
48.46763130594208 0.1107617877738978 0
43.18438047128465 0.0912794888343047 0
43.20378657790615 0.04719498109069775 0
43.23152938412631 0.06087845425518346 0
43.21212327750482 0.1049629619987904 0
43.26146354359233 0.03899151906014353 0
43.22777361533287 0.02188693519503815 0
43.18881457115233 0.02530804589565783 0
43.17100511405206 0.04647017903603157 0
43.15008598525895 0.02116213314037196 0
43.14066942657738 0.05648809852468872 0
43.1135727174578 0.03532596538431676 0
43.15404478380997 0.1012974083229636 0
47.50703381018457 0.02125417178141298 0
47.49577102030149 0.04092807881266047 0
47.46762460958067 0.0196739070312475 0
47.4705244898793 0.05910765451637623 0
47.43688111354254 0.03943374748512873 0
47.49725268251096 0.09540427645674399 0
47.52249921293316 0.07722470075302823 0
47.52815313073133 0.03851629991134509 0
47.55927514053365 0.04540779253315819 0
47.55362122273547 0.08411619337484133 0
47.58306198620673 0.02814566440322608 0
47.54491288623035 0.01726212812993211 0
45.89333532799667 0.02130467609525155 0
45.88498982982639 0.04193423917752526 0
45.85391991737927 0.02062956308227371 0
45.86268493621679 0.06546479798902993 0
45.82612426816723 0.04483523490675623 0
45.89444646374795 0.09909736835493277 0
45.91675135735755 0.07556680954342987 0
45.91655501515892 0.03790255807083298 0
45.94726933391571 0.04231911629745433 0
45.94746567611433 0.07998336777005122 0
45.96895581297329 0.0257212343218729 0
45.93039126893164 0.01659788197558143 0
45.57701266864917 0.07726665029625046 0
45.61316180462759 0.0407829650095195 0
45.63824363702135 0.05216197420571689 0
45.60209450104293 0.08864565949244607 0
45.67525067081272 0.03344628889227153 0
45.64563371687882 0.01871568531344536 0
45.60526267219912 0.02206727969607414 0
45.5811785064805 0.03823017591795264 0
45.56874425251189 0.0161628962218785 0
45.55193203561571 0.03762282233018865 0
44.86912524038969 0.1211658849173212 0
44.9002215328084 0.06254146884095846 0
44.93354600810985 0.07644038834573408 0
44.90244971569115 0.1350648044220968 0
44.96708571682863 0.04815874002949094 0
44.93060238243397 0.02828164831624314 0
44.88885507530735 0.0342598205247171 0
44.86546829985744 0.06007758473703007 0
44.85094298326318 0.02581776421231474 0
44.83113477897257 0.06282080203805585 0
44.80961538820264 0.0370030378257411 0
44.83479171950482 0.1239091022183452 0
44.63334944173039 0.06709886979060009 0
44.64662276183849 0.03635345446153693 0
44.67790646338113 0.04046111034449851 0
44.66463314327304 0.07120652567356345 0
44.70486886961262 0.02497948921260829 0
44.66774268760224 0.01548162113189022 0
44.62867900185013 0.02087183332964671 0
44.61342392156596 0.03614586539851672 0
44.58963768110988 0.01527403206887001 0
44.58459799845356 0.03936528096653724 0
44.55494691251789 0.02409124889766545 0
44.60452351861799 0.07031828535862061 0
52.522740815306 0.01222569995172762 0
52.50108562433163 0.02001311428744046 0
52.48672282511136 0.007787414335712839 0
52.47433698099321 0.01847230362456287 0
52.50324151206162 0.03555514001462257 0
52.53201113006023 0.02192231466044703 0
52.55489800213537 0.02756328565926225 0
52.52612838413677 0.04119611101343779 0
52.59053385360099 0.01786667095054284 0
52.56255449705979 0.009696614708719409 0
42.02174286681419 0.02425265163776658 0
42.00344202772288 0.04731983593640798 0
41.98203428155208 0.02306718429864141 0
41.96830321645099 0.07090824209200974 0
41.94169788932247 0.04784105779336834 0
41.9848784608879 0.1120983664241688 0
42.02001727215979 0.08850996026856706 0
42.03794832720306 0.04340282126677408 0
42.06899307989921 0.04871562075513935 0
42.05106202485594 0.09382275975693233 0
42.09769378573018 0.02956545112613185 0
42.0614467472521 0.01915016962900751 0
51.13081989009221 0.06043852843689379 0
51.17522861910268 0.03614981197068801 0
51.19814008848798 0.05882870056796818 0
51.15373135947751 0.08311741703417397 0
51.23830689366342 0.04087987601665688 0
51.21083855675479 0.01794882455131308 0
51.17048925805828 0.0182009874193767 0
51.14385645701827 0.03229783051912882 0
51.13456022845055 0.0140968430997539 0
51.1153662006994 0.03626903764769907 0
51.09709283551956 0.02217219454794517 0
51.10232963377333 0.06440973556546226 0
51.02189628143317 0.01813541723927514 0
51.02164929189644 0.03592720569497843 0
50.98132137507447 0.01779178845570328 0
51.00403841605132 0.05812272681506769 0
50.9593792393682 0.04033093835936263 0
51.05442837006165 0.0825684793768815 0
51.07203924590678 0.06037295825679223 0
51.05274295077374 0.03294384709677978 0
51.08303333864029 0.0369806244054498 0
51.0573212001716 0.01480842985750463 0
61.86811397106011 0.131513273941021 0
61.88669186527753 0.06770735838873065 0
61.92092608403339 0.06853951197260599 0
61.90234818981597 0.1323454275248963 0
61.94919712871292 0.04033012534212155 0
61.91040187757248 0.02820938663048267 0
61.87005674373722 0.03949797175824799 0
61.85150637799006 0.06777508026150869 0
61.83031022406517 0.02827710850326071 0
61.81612416746337 0.06901791142881919 0
61.78976836699069 0.04074080292555848 0
61.83273176053342 0.1327561051083315 0
50.36082413559241 0.06172195788539625 0
50.38259294141661 0.03412592939194781 0
50.41068150482155 0.03910990812952164 0
50.38891269899734 0.06670593662296831 0
50.44385768589227 0.02357253550038507 0
50.40951818890241 0.01553737262913657 0
50.37086295626749 0.01858855676281124 0
50.35218591497658 0.03336888725886844 0
50.33420499624254 0.0147803304960572 0
50.32734326586252 0.04070454183251471 0
50.30111414093359 0.02592421133645573 0
50.33598148647835 0.06905761245904074 0
50.06479302843884 0.1297755660676501 0
50.1016244194272 0.070721148435684 0
50.14205157631589 0.0620420297073494 0
50.10522018532753 0.1210964473393155 0
50.17743145229815 0.0348359190166363 0
50.13787749667183 0.0272061106907131 0
50.09209812918962 0.0435150377449709 0
50.06744796468809 0.07077403351949485 0
50.05879487571288 0.02725899577452395 0
50.04282536631201 0.06268127612466046 0
50.02256936459371 0.0354222803501365 0
50.04017043006277 0.1216828086728157 0
49.94707725460246 0.03310183058857596 0
49.94529312718373 0.06096639020059058 0
49.90203624791633 0.02786455961201462 0
49.90822063610835 0.07637543317528817 0
49.86509859730725 0.04851087356327355 0
49.97251199521598 0.1347714018859527 0
50.00958448629136 0.1193623589112551 0
49.98009888463876 0.05813896063996182 0
50.01068482841016 0.06045941040152059 0
49.98174817159119 0.02503713005138408 0
49.72878662395175 0.01411427406952193 0
49.69915548365864 0.0246200195335291 0
49.6945645701626 0.0105057454640054 0
49.6694309145298 0.02654736189886187 0
49.68429999525812 0.04766241412856687 0
49.73133932273147 0.0280132994966884 0
49.75710985068083 0.04584477306693024 0
49.71007052320749 0.06549388769880871 0
49.79946331812096 0.03194574763976377 0
49.77165457545526 0.0138990254271647 0
42.70983727844181 0.05351190824418239 0
42.74176847533425 0.02851631797331322 0
42.7640855822746 0.03844760046167295 0
42.73215438538216 0.06344319073254212 0
42.80039730852378 0.02507494972069679 0
42.77233438635131 0.01337265074097616 0
42.7331740353636 0.01514366723233707 0
42.71101220537242 0.02793411547820313 0
42.69667195016964 0.01279044824586606 0
42.68432110422683 0.035423279652262 0
42.66157676799817 0.02263283140639594 0
42.68314617729622 0.06100107241824126 0
22.47748915460912 0.02637281226462562 0
22.45951707208949 0.04538311175315179 0
22.43836125081371 0.01901029948852617 0
22.42572621225595 0.04529258038482453 0
22.3990316281089 0.02628228089629658 0
22.44192181772372 0.08910989955071713 0
22.47571267755727 0.08920043091904439 0
22.49317459967475 0.04479787522010881 0
22.52313079910862 0.04164103322005097 0
22.51668544506563 0.01842506295548318 0
35.85984585146547 0.07181162184104295 0
35.85934471962634 0.03647263449693838 0
35.88595941176359 0.0353510217233115 0
35.87137760047401 0.01496807999275518 0
35.83615746767778 0.0215045545041832 0
35.82616956766208 0.03718267413086096 0
35.79329628228991 0.01567811962667953 0
35.79272565439659 0.0392234001637668 0
35.75780738819245 0.02354528053708904 0
35.82640193819998 0.07385234787394879 0
35.01822469142137 0.09800192011108066 0
35.03450578061937 0.04657504914751698 0
35.06734287471733 0.05479618030186373 0
35.05106178551933 0.1062230512654274 0
35.09513187252267 0.03342894625845894 0
35.05699652498285 0.02136723404340479 0
35.01738861220487 0.02520781510411219 0
35.00036897270039 0.04592053913874494 0
34.97795355084403 0.02071272403463276 0
34.96854258781372 0.0512280122179618 0
34.94065606109837 0.03051528818332727 0
34.98639830653471 0.1033093931902975 0
38.08030869780187 0.02431195594978064 0
38.07112187967341 0.04462914458975042 0
38.03940567516911 0.02031718863996801 0
38.04163308188819 0.05250202348615041 0
38.0059137337968 0.03218483484618062 0
38.07823832610758 0.09881727504236792 0
38.10772712389281 0.09094439614596794 0
38.10457316569337 0.04439042027788176 0
38.13617512531566 0.05121192669861685 0
38.13932908351511 0.09776590256670303 0
38.15681682364401 0.03113346237051573 0
38.11776312740889 0.02007846432810112 0
33.20334930558582 0.1203783905853442 0
33.22941462361361 0.0633206981108323 0
33.2640617442854 0.06318312666611448 0
33.23799642625762 0.1202408191406281 0
33.29524007259351 0.03730758502340592 0
33.25736054568652 0.02587554164270855 0
33.21568678570188 0.03744515646812374 0
33.19445673564736 0.06289375518818119 0
33.17749649150043 0.02544859872005745 0
33.16053466913675 0.06072660372379701 0
33.13685855297144 0.03527800500373957 0
33.16942723907522 0.1182112391209635 0
33.94877697786897 0.02610408594901514 0
33.9389733057845 0.04748629974039176 0
33.90742152898791 0.02138221379137661 0
33.90684431804912 0.05505447278465425 0
33.87174182391374 0.03367225899327764 0
33.94444330642795 0.1050789088983244 0
33.97657229416333 0.09751073585406189 0
33.97234328804421 0.0467093158123042 0
34.00128936500953 0.05092889194252592 0
33.98569767746746 0.02060522986329083 0
14.65072148194229 27.50636643885908 0
15.14005060284346 27.01919841551742 0
15.62604787090116 27.51283197665833 0
15.63042646821083 26.54477347143803 0
14.65951933432377 26.5205481462703 0
15.14989519969114 26.04612320219092 0
14.17342330370393 26.00821847427585 0
14.16295030393464 27.00536877235898 0
13.6768542733148 26.49303910036452 0
13.67238507199235 27.49900233349989 0
20.50118538497167 27.50777606878658 0
20.98453583099978 27.01423380558595 0
21.47944419602811 27.50645773679937 0
21.46770996835949 26.52001281786405 0
20.48584508901543 26.52329853769214 0
20.96901922637514 26.02907754997023 0
19.98691147680866 26.03486203755232 0
20.00581702103671 27.01730077031436 0
19.50688340882993 26.52886427017455 0
19.52416288606503 27.50952470152778 0
34.17907827066217 27.50407282567153 0
34.66811506944373 27.00815310457806 0
35.15700554878156 27.50408027890653 0
35.15841673413718 26.51193264212797 0
34.17772190554613 26.51198711741784 0
34.66802357023958 26.01576665496774 0
33.68625916121238 26.0159634738705 0
33.68899971391534 27.00822060902843 0
33.19753696958159 26.51219696548109 0
33.20132769325318 27.5041477833569 0
58.86468359877606 0.02064800663086253 0
58.84044630985041 0.03831856553401281 0
58.86591107684988 0.06492200063578402 0
58.83391105734539 0.07770744308367483 0
58.90534366580736 0.08568023179167028 0
58.89440818721415 0.04448998408578575 0
37.77011499918882 0.03465098031030678 0
37.75897763744184 0.06897850439556663 0
37.72311196801172 0.03432752408525808 0
37.74283874083855 0.09543782169721204 0
37.79164226860418 0.1074524222348714 0
37.77550337200088 0.1339117395365186 0
37.84492733168263 0.1495696336603558 0
37.80784965749829 0.0663177273257709 0
13.01524898707211 2.560934911906074 0
13.52691855341382 1.940148267164478 0
14.03988811903063 2.357972345574161 0
13.52821855268892 2.978758990315757 0
14.48502492967414 2.719518237653634 0
14.45340410855993 1.889381643200419 0
14.89854091920344 2.250927535279892 0
14.93181704360812 1.429385746604009 0
14.01264217780101 1.459995896596411 0
13.07042470698786 1.480152370568067 0
15.83588072875899 1.434053848692617 0
15.34173587804376 1.863439595296626 0
15.70436541608661 2.258728050549017 0
16.22616916083585 1.891140618147793 0
16.56769334007429 2.42049171787966 0
16.75115710787435 1.457086769455174 0
4.67215726905021 1.45012400040552 0
4.208987522053917 1.910323768144389 0
3.743910769637342 1.460199767738871 0
3.759846182967742 2.383969904305449 0
4.678685911911071 2.348600005871175 0
4.229544572824896 2.822246142032235 0
5.122342967356218 2.772547118272048 0
5.123057624674082 1.895341660237118 0
5.566714680119226 2.319288772637991 0
5.592887653731651 1.445217659831599 0
61.02209968264637 22.16380725341312 0
61.51551006673479 22.65787242506159 0
61.02415153035612 23.13518400640989 0
60.5307411462677 22.64111883476141 0
60.53367313222351 23.61403793863423 0
61.51693299602254 23.62845811452836 0
61.02645459788992 24.1073120467527 0
62.0088439467413 24.1204062134391 0
62.00808904928124 23.15087340062609 0
62.00742101745355 22.18155863498053 0
62.00564675632357 13.47566730902986 0
61.51137780541651 12.9910752904896 0
62.00573104909293 12.50734870208661 0
61.01677409623625 12.50632377601187 0
61.01663137535105 13.4748997848898 0
60.5220276661708 12.99014827041207 0
60.52208983810553 13.95823971660623 0
61.51134765610724 13.95917251214922 0
61.01680611886172 14.44251244386565 0
62.00570089978367 14.44370781273805 0
36.66862697532088 7.229591644019859 0
37.11631629956076 6.734960399587919 0
37.64759007724069 7.270521664889496 0
37.19990075300082 7.765152909321435 0
38.17881900459989 7.805403842822971 0
38.09866877012948 6.774397908223024 0
38.62989769748867 7.309280086156498 0
38.54639737666743 6.276260433689822 0
37.55980366743997 6.240363034654928 0
38.00753227397792 5.742225560121724 0
37.02483971271337 5.706653666224419 0
36.58135234483416 6.201251031157411 0
34.69508670325526 7.129618931997596 0
35.14965589137373 6.636330897244577 0
35.68460034897245 7.18272129655383 0
35.23003116085398 7.676009331306849 0
36.21826661280366 7.72229151297018 0
36.13496071148967 6.690021427603508 0
35.60181279806355 6.151636309910671 0
36.04820443140805 5.662865913464575 0
35.07320980401033 5.605394016312365 0
34.62105289732052 6.090088603646272 0
33.65772223454294 20.02741687633995 0
34.16152896150969 20.52998235723146 0
33.66301205557924 21.03098767260666 0
33.1592053286125 20.52842219171514 0
33.1678674715801 21.53153715606935 0
34.16470790600549 21.53156987122625 0
33.66956332200635 22.03211935468896 0
34.66352906046693 22.03198975402886 0
34.66133874764488 21.03176368358864 0
35.16015990210632 21.53218356639125 0
35.1601230336955 20.53179972899403 0
34.6603132475603 20.03001840263685 0
34.15938783158576 19.5246919326558 0
34.65976985595215 19.02339225727252 0
35.1606952719267 19.52871872725357 0
35.16229803838264 18.52212004436441 0
34.15996998482082 18.51546070873086 0
34.66249816725131 18.01418849582276 0
33.65598145654003 18.00496097420725 0
33.6534969614801 19.01751009210194 0
33.14950843319932 18.50701035757833 0
33.15183136443729 19.52023503578609 0
34.16217927605327 17.50004828113415 0
34.66331363124255 16.99573747168598 0
35.1636325224406 17.5098776863746 0
35.16286629940544 16.49117225202214 0
34.16459432497833 16.47848903187602 0
34.66414699314122 15.97392381221217 0
33.66632236009902 15.95820049506863 0
33.65933797093236 16.98235426140409 0
33.16106600605305 16.4620657245967 0
33.15314015141912 17.48726695447719 0
34.16833251877308 22.53095399557126 0
33.6748720162453 23.03027248507405 0
33.17610281947858 22.53143784419174 0
33.18283658933883 23.52901250669484 0
34.17143223233289 23.52843883497518 0
33.67939680542642 24.02717885659597 0
34.66672078773612 24.02678064659148 0
34.6652813794537 23.02985861444571 0
35.16056993485692 23.52820042606201 0
35.16047792114755 22.5308943729033 0
20.91222009832997 24.06726632837639 0
20.39638841140309 23.56928452156725 0
20.88414680810866 23.09388191915662 0
21.39997849503553 23.59186372596576 0
21.37543726366461 22.65579402510738 0
20.40604392094346 22.60304840681358 0
19.85726641087949 23.06671073329731 0
19.30167296028008 22.45041212843674 0
19.36920895868666 23.56608055389518 0
19.90833095921026 24.06865434216512 0
54.55758446782213 12.90675744566838 0
54.06182613573717 13.36837733133446 0
53.56281301731068 12.86547984877521 0
54.05857134939564 12.40385996310913 0
53.06335529365998 12.36009720625957 0
53.06768548235551 13.32547232773035 0
52.56822775870481 12.82008968521471 0
52.57388420441864 13.78671843714393 0
53.56710827984795 13.83064348825618 0
53.07330700191108 14.29188959766975 0
54.06594341740917 14.33382048581972 0
54.56066127329839 13.871554328898 0
56.54878419752568 12.96120934355544 0
56.05182584422644 13.43182431559577 0
55.55333403367385 12.93705754932405 0
56.05029238697308 12.46644257728371 0
55.05433121335466 12.43961598837371 0
55.05658728814131 13.40419900661871 0
55.55552292221292 13.90225019070292 0
55.05959690737001 14.36960551298221 0
56.05398599793821 14.39783125491853 0
56.55028891995173 13.92740537981139 0
57.04681208113888 13.45103521500613 0
57.54487352411622 13.94115964102379 0
57.04835036292907 14.41752980582905 0
58.04233225996572 14.42970074766963 0
58.04127016759814 13.46284674281567 0
58.53872890344764 13.95138784946151 0
58.53815509294687 12.98377196804332 0
57.54388557590566 12.97421455556606 0
58.0407705012544 12.4951397807937 0
57.04585769229246 12.48438868411536 0
61.51844095926063 24.59954410638803 0
61.02877182606112 25.08024703527529 0
60.53678546469041 24.58801497563996 0
60.53988327071279 25.56262037016887 0
61.5199459061168 25.57097098030552 0
61.03105735076846 26.0533443151991 0
62.01034889359747 26.06009497634841 0
62.00959701251933 25.09022128147758 0
61.52276413354686 27.51417367396767 0
62.01104538354686 27.03004272947177 0
61.52139427714433 26.5425305393079 0
61.03315100999936 27.02665980038718 0
60.5428140836235 26.53747357627839 0
60.5455431264525 27.51248612641951 0
59.56831784472573 27.5108991822191 0
60.05526722117823 27.02338530863861 0
59.56421063440035 26.53270406972263 0
60.05175749684561 26.0467923373624 0
59.07257537457078 26.04055933850648 0
59.07746534981649 27.02026527305522 0
58.58583008998693 26.52812054183908 0
58.59117875509076 27.50936609083612 0
48.61011456750047 12.65277553141509 0
48.12901425710984 13.1308876485609 0
47.62973528260238 12.62566102733971 0
48.11083559299302 12.14754891019389 0
47.1290746542472 12.12017780488433 0
47.15195493786973 13.10732678930109 0
46.65129430951455 12.60184356684571 0
46.67789180454324 13.5908056170888 0
47.65127813266258 13.61096695091282 0
47.17721499933609 14.09444577870053 0
48.14923941640947 14.11416697619389 0
48.62697554085673 13.63408767384197 0
44.65145791065288 10.57319555244239 0
44.17675647214334 11.05894482483732 0
43.6747828473373 10.54601570809764 0
44.14948428584684 10.06026643570272 0
43.16998305946772 10.03009689440515 0
43.2040428256446 11.03435278535712 0
42.69924303777502 10.51843397166463 0
42.73821126518229 11.52493168100298 0
43.7072223403278 11.54721965979731 0
43.24139077986549 12.03779855544317 0
44.20768021283136 12.05732744129404 0
44.6772143446469 11.56905260633405 0
36.65460038185618 18.0220794804257 0
36.15653864866341 17.51324867331412 0
36.6505899406197 17.00938274828686 0
37.14865167381247 17.51821355539844 0
37.14108255194294 16.50429390223247 0
36.15211302143132 16.49689068983806 0
36.64260563275457 15.99180184378367 0
35.6555589993079 15.98408944030769 0
35.65942032152886 17.00397350155251 0
35.66075084957516 18.01915285813622 0
36.15745096775548 18.52375514970013 0
35.65899815656297 19.02672233592833 0
36.15646959407934 19.52936251248569 0
35.65816670944307 20.03135890381093 0
36.65307531703699 20.0318096847666 0
36.65394100998286 19.0282059811076 0
37.15054673294051 19.53065315338851 0
37.15109042408356 18.52653031183317 0
36.64874601503965 22.03129285403984 0
36.15349649266854 21.5317130022769 0
36.65084106357996 21.032105237174 0
37.14609058595106 21.53168508893694 0
37.1488010358777 20.53216827289284 0
36.15511534473925 20.53174664904776 0
35.65707166899168 21.03218747423087 0
35.65658472578318 22.03170909443729 0
36.64227069825819 24.025709126661 0
36.14952698558083 23.52747627072635 0
36.64569706204691 23.02894351517331 0
37.13844077472427 23.52717637110796 0
37.14269748698337 22.53000072222159 0
36.15174559010319 22.53023564699157 0
35.65563878546756 23.02942092545758 0
35.6544581349702 24.02625577133078 0
38.44462811083558 5.238127576612605 0
38.88894775404098 4.726646038544265 0
39.44428895938924 5.261263461337332 0
38.99996931618383 5.772744999405674 0
40.00581074893947 5.800139666424265 0
39.90359466092487 4.742488772011411 0
40.4651164504751 5.281364977098342 0
40.34873180973635 4.218877289274863 0
39.32293996933772 4.211827692675419 0
39.76807711814921 3.68821620993887 0
38.754375865521 3.680878595864279 0
38.32038365022426 4.195696941733125 0
36.48124519892369 5.173815402966365 0
36.91269357651118 4.675105350418304 0
37.45628809030087 5.207943613676358 0
37.89338392715852 4.703845630167237 0
37.33170277341623 4.172672968760857 0
37.75870249648196 3.664524280326741 0
36.78079665436455 3.645086992310182 0
36.3617874574595 4.147519373967629 0
48.34154557971972 22.03603731369037 0
47.85470454624878 21.53764414190471 0
48.32946453080149 21.04201096866264 0
48.81630556427243 21.5404041404483 0
48.80101411201591 20.54734303227612 0
47.84124752434954 20.54315238407075 0
48.31279710556396 20.04848444768423 0
47.35532670782326 20.04389189026104 0
47.37009099037489 21.0388573331744 0
46.88417017384861 20.53959683936469 0
46.89539394882407 21.53524851362415 0
47.38000750469796 22.03403532235446 0
47.8626806656398 22.53263427833735 0
47.38322947529336 23.02978513769377 0
46.90055631435153 22.53118618171089 0
46.90082487396113 23.52715885260545 0
47.86598635255454 23.52791787278825 0
47.38358175122232 24.02529158769993 0
48.35067043340626 24.02593001092373 0
48.34754323369638 23.03101637111418 0
48.8322273145481 23.52902850924966 0
48.82640814777631 22.53441940646719 0
22.88966117036535 24.07308258658749 0
22.38174908763562 23.59929556301987 0
22.85554525917756 23.11720509013901 0
23.3634573419073 23.59099211370663 0
23.32399905511542 22.63840244221271 0
22.34229082677119 22.65549406207726 0
22.81074462270904 22.17669141415096 0
21.84167432592049 22.19330963876143 0
21.8760537645153 23.11797844842321 0
21.90567381815584 24.07318084056242 0
18.80872383701306 23.105974795906 0
18.1668988738596 22.66703797956518 0
18.65984799712663 22.01147531209593 0
17.56720213347202 22.30090923542331 0
17.79533510714251 23.2250999864345 0
17.19563836675492 22.85897124229264 0
17.37533217849754 23.74843055589277 0
18.3453533040934 23.63997888921921 0
17.92535037544843 24.16330945867748 0
18.905838425767 24.10008464720839 0
47.86594967171335 24.52287272689904 0
47.38028115449211 25.02015777854461 0
46.89791323400108 24.52257663934549 0
46.89264984456281 25.51721778503664 0
47.86333069938779 25.51725883500032 0
47.37569938945849 26.01431884149235 0
48.34787552803699 26.01443679529743 0
48.35001093899785 25.02047766076626 0
48.83455576764705 25.51765562106337 0
48.83473170069075 24.52353494479095 0
25.82714390785609 24.04973205955742 0
26.32596146377173 24.53908804087901 0
25.84860394887303 25.03288700572065 0
25.3497863929574 24.54353102439905 0
25.36888115682587 25.52732713626889 0
26.34415955043189 25.52518215283288 0
25.86443675838472 26.01962228338112 0
26.84029752313472 26.01815558551901 0
26.82517697094877 25.02949123779829 0
27.3213149436516 25.52246467048442 0
27.30436300892828 24.53381777816035 0
26.80514750175124 24.04341458124107 0
51.25415597267173 24.03090594637575 0
51.74220286379467 24.52823940788865 0
51.26078250916498 25.02340637748078 0
50.77273561804204 24.52607291596788 0
50.77736981714681 25.51904583016802 0
51.74889204909277 25.52021740030635 0
51.2654793570746 26.01585685299359 0
52.23850955840764 26.01673054646754 0
52.23188341078811 25.02509997647885 0
52.72150092010298 25.52161312264003 0
52.71306590830002 24.5306015503849 0
52.22338536130658 24.0337409817947 0
6.3491340976563 24.03712071651211 0
6.838201369021814 24.52696948599804 0
6.350539989059882 25.03600491957568 0
5.861472717694369 24.54615615008975 0
5.863854975127232 25.53851068647968 0
6.838001437915452 25.52448030438764 0
6.351316423982801 26.02698607129164 0
7.324271600699863 26.01699116814592 0
7.322503775485337 25.02145274835991 0
7.808773938269752 25.51396361211819 0
7.807433364021605 24.51637015417944 0
7.323130957558078 24.02188689181757 0
32.64287366316675 16.95963964464189 0
32.1414740422274 16.4292593908716 0
32.6596663851137 15.93168547082641 0
31.64412257531909 15.8893975627431 0
31.60798499408865 16.92363008650644 0
31.11063352718033 16.38376825837794 0
31.07293915920605 17.42765179293315 0
32.12426484076814 17.46095640635628 0
31.58921900588555 17.96497811278299 0
32.63453132902051 17.98858371619158 0
34.54944363219034 5.061865268022762 0
34.98844103339339 4.582668638054649 0
35.51220720521338 5.126197386344252 0
35.94524797272902 4.637146875846044 0
35.40832917422605 4.109692760591617 0
35.82486865895653 3.620065258713202 0
34.89214066177507 3.579461218101876 0
34.4722525209424 4.052437095564908 0
32.68466340230097 23.03086176470112 0
32.1830421717241 22.53195779094993 0
32.67448158890171 22.03253387044055 0
31.6790412056422 22.03446683444701 0
31.69540885277353 23.03211451823667 0
31.19140788669162 22.53462356173375 0
31.20868331579576 23.53069747940242 0
32.19484030574032 23.52934173848497 0
31.70811476876255 24.02792469965072 0
32.69301349277819 24.02749248047869 0
32.63466319608749 19.00852582907029 0
32.1196860919087 18.49009918768354 0
31.59656785223362 18.99849565840172 0
31.06610076621048 18.47337458350117 0
31.09267916130794 19.50888003263663 0
32.12956571924919 19.51202799100035 0
31.6256770283235 20.02241236523525 0
32.64673388759898 20.02373719771615 0
32.66045824109373 21.03044628681648 0
32.14798680008021 20.52576129281749 0
31.65426607715658 21.03234962128224 0
31.13195630539987 20.52900069370001 0
31.16623492438344 21.53537345454158 0
32.16707235841534 21.53144300118768 0
48.82971767200397 27.50373036737871 0
49.31855294858658 27.00752450847844 0
49.80524152658261 27.50379414109974 0
50.29318670239271 27.00774081181601 0
50.7809139258101 27.50394667071627 0
50.779881975129 26.51169306501006 0
49.80602630556101 26.51122447227889 0
50.2927215782973 26.01517672547295 0
49.3201633133868 26.01471903815815 0
48.83268995641237 26.5110190743577 0
44.92775462342643 27.5036733719075 0
45.42084491324928 27.00730570163711 0
45.90324653982285 27.50363232972961 0
46.39529086791623 27.00732479379401 0
46.87876307809339 27.5036924640644 0
46.88612172392328 26.51086321723832 0
45.91272815389014 26.51068201544864 0
46.40355900989719 26.01422043889295 0
45.43126980052648 26.01415594277598 0
44.93938655988562 26.51077962896445 0
41.0230754542689 27.50371125957452 0
41.51884035083712 27.00737117265687 0
41.99967114656822 27.50365991308235 0
42.49530838456931 27.00738139755737 0
42.97610598800109 27.50372148447502 0
42.99066719694896 26.51088634639025 0
42.01458893846346 26.51075622078773 0
42.5099477508431 26.01426116962062 0
41.53363583347959 26.01426925378582 0
41.03788724585324 26.51088420565495 0
37.1130605803944 27.50387013066202 0
37.60632635686169 27.00764193093524 0
38.0909220264673 27.50377180027322 0
38.58539702824469 27.00756724209536 0
39.06869375177739 27.50379544182213 0
39.08095119846312 26.51110537272546 0
38.10083681433034 26.51108597260154 0
38.59639098454878 26.01462410323165 0
37.61487336727154 26.01479429215973 0
37.12036290980289 26.51135025049343 0
31.24674279475748 27.50407307634658 0
31.73233843417737 27.00813973457982 0
32.22387688941989 27.50406665823323 0
32.71036083267307 27.00821444159013 0
32.21822381084679 26.51198361547721 0
32.70539994775532 26.01596613936817 0
31.72568487540279 26.01584916525625 0
31.23979949873337 26.51200528435886 0
27.34035311139115 27.50435580486758 0
27.82495845464886 27.00855869540935 0
28.31663659325771 27.50420289054177 0
28.80134862510406 27.00831920479065 0
29.29330578184636 27.50411631424888 0
29.28541410924151 26.51221147018257 0
28.3084926800413 26.5125786306363 0
28.79255816417875 26.01647089602822 0
27.81629835090418 26.01706851179647 0
27.33276412551173 26.51304857656952 0
23.43414623321529 27.50572011632017 0
23.91914825874211 27.01116875644119 0
24.41078327552682 27.50544864012103 0
24.89619222252988 27.01035765803401 0
25.38775269700306 27.50490901791299 0
25.38086544637365 26.51506848747704 0
24.40307440293521 26.51694869638249 0
24.88774762677899 26.02165952582551 0
23.91012303536738 26.02374472869525 0
23.42619689117427 26.51796478875395 0
52.73231826160134 27.50435255737598 0
53.21787207697671 27.00908107799094 0
53.70821006537538 27.50472852061496 0
54.19341787993134 27.00994237645586 0
54.68442656455596 27.5052138558409 0
54.67770437991656 26.515635029246 0
53.70224477334364 26.51414207896863 0
54.18653127332885 26.01983473175877 0
53.2121267086202 26.01803364612142 0
52.72775401225327 26.51297264514373 0
56.63732031364462 27.50688225782114 0
57.12254107263762 27.01495169158309 0
57.61412700899299 27.50806943376195 0
58.09983701408375 27.01743552459807 0
57.60771987553493 26.52420611498694 0
58.0937129514381 26.03489113222794 0
57.11547896986567 26.02991388105959 0
56.63030016696836 26.52065945765575 0
17.57307533519915 27.51531199476666 0
18.05414670815791 27.0281463916723 0
18.54747762295876 27.51283439690565 0
19.02867175902379 27.02235909843343 0
18.5295992413815 26.53992032237693 0
19.00781089118765 26.04642549411804 0
18.03538151296216 26.06165135481128 0
17.55992897973857 26.54987742410666 0
11.71361247316704 27.49404622706229 0
12.19952020741429 26.98858950190202 0
12.69293898424725 27.49454327483972 0
13.1817303062396 26.99354560833962 0
12.68853951827364 26.47880517266982 0
13.18366348534884 25.97829866469473 0
12.19032924239167 25.96942778477788 0
11.70130993153232 26.47921211401007 0
7.811810214757941 27.50330021922092 0
8.297353675495017 27.00417147767156 0
8.786324710737077 27.50087125845064 0
9.269987832511447 26.99937444031895 0
9.761006871774367 27.49850318186831 0
9.750384336695607 26.4949986478561 0
8.780362709040617 26.50233731931964 0
9.26075921322478 25.99796152685679 0
8.293623745800819 26.00770244031907 0
7.810614712255216 26.50953659867099 0
3.907043426335989 27.51344609032933 0
4.396327855934253 27.02442229394748 0
4.883815679598264 27.51097620361815 0
5.373310726396642 27.01927033307921 0
5.860588796798378 27.50829412946106 0
5.863000617578592 26.52452541205684 0
4.885406291004706 26.53306367973164 0
5.37509618218666 26.03831875870928 0
4.39715058973897 26.04979275746922 0
3.908072154668517 26.54115137168506 0
44.49128167215842 22.03115241864003 0
44.00733426288825 21.53219986683419 0
44.4893168672794 21.03386874874957 0
44.97326427654956 21.5328213005554 0
44.96772316760237 20.5357287202468 0
44.00462937455472 20.53462749503234 0
44.4830356748777 20.03648746652957 0
43.52114353812445 20.03523203972066 0
43.52415844226563 21.033146203308 0
43.04067260583535 20.53375074799632 0
43.04079364535034 21.53176338529614 0
43.52396946597296 22.03081704882233 0
44.00487970407374 22.52942848067267 0
43.51707254340352 23.02792178202253 0
43.03616230530275 22.52931035017219 0
43.02771052908924 23.52623247931107 0
43.99819725049342 23.52615571270733 0
43.50883523617914 24.02446640999586 0
44.479595209153 24.02446748686887 0
44.48625388532169 23.02804598432228 0
44.96765184398127 23.52635775848383 0
44.97265585340637 22.52976992228963 0
40.54638595348477 16.02185271384166 0
40.04453217894195 15.51233523549345 0
40.50815362527462 15.01223297751965 0
41.01000739981744 15.52175045586786 0
40.96703879138852 14.5131354942147 0
40.00567562599854 14.49964082966977 0
40.46456079211244 14.00054334636482 0
39.50477819035738 13.98495335311251 0
39.54449331096688 15.00115608471148 0
39.04359587532572 14.48646860815422 0
39.07852733829618 15.50363129059484 0
39.57856620627125 16.01481044137681 0
40.07402682638024 16.52170247574697 0
39.59875758188582 17.02336126108738 0
39.10329696177683 16.51646922671722 0
39.11871816115548 17.52495651578596 0
40.09440676925949 17.52775403030741 0
39.61436734852914 18.02934928500598 0
40.59148865046092 18.03149095069789 0
40.57128072055993 17.02754122779116 0
41.06836260176138 17.53127814818165 0
41.04363984766447 16.52769146588585 0
40.6044540002618 20.03293229133626 0
40.11174571613991 19.53234848825843 0
40.59957062525012 19.0327249224503 0
41.09227890937201 19.53330872552812 0
41.08439635943239 18.53305910607381 0
40.10666291627866 18.53115676707439 0
39.61929343868773 19.03168419916621 0
39.12699787093821 18.52987671709781 0
39.12955562659844 19.53191269963349 0
39.62200790405062 20.0325769887257 0
0.9766742504419952 27.51742376994049 0
1.465263765172573 27.03405061074304 0
1.953433264730581 27.51662684080255 0
1.953689493558812 26.55080115120527 0
0.9767715301585973 26.55274679921384 0
1.465197258544837 26.06949733967606 0
0.4883785297166057 26.07103731498763 0
0.4883930004419952 27.03528091279763 0
37.63468452128764 23.02852986592481 0
38.12565477846864 23.52665387762542 0
37.62941103190528 24.02530038280856 0
38.61532986555597 24.02498622218501 0
38.62225001105521 23.02819038031054 0
39.11192509814254 23.52652272487013 0
39.11938182029914 22.52934977386133 0
38.13153744202046 22.52946220321165 0
38.62866925126438 22.03062159676244 0
37.63955040771619 22.03093305950843 0
38.62067729126172 17.01874337786136 0
38.12212026028651 16.50938875850368 0
38.60473993080162 16.00711460735954 0
37.62558437446125 15.99941949535051 0
37.63761843776821 17.01426316538564 0
38.13373689417141 17.52067396786363 0
37.64477013021566 18.02462435787643 0
38.63177776406516 18.02688710578823 0
37.6457156511679 19.02945610178783 0
38.14065648331386 19.53086189862191 0
37.64548756508646 20.03205895022258 0
38.63559664573923 20.03223483911473 0
38.63461546417307 19.03053975914067 0
38.13939535730001 18.52755014783109 0
46.41079829218384 21.03653261549553 0
45.92503393718334 20.53748072103848 0
46.39840581884811 20.04054494490764 0
45.44159083982623 20.03822806517179 0
45.45116626495948 21.03498137611349 0
45.93350360145033 21.53389787625066 0
45.45560161304041 22.03173780069256 0
46.41809925809056 22.03261377437927 0
45.45317094187619 23.02836644565168 0
45.933990318982 23.52658544048857 0
45.44847122108708 24.02457675332072 0
46.41624143517193 24.0248375617078 0
46.4185737577712 23.02890673138623 0
45.93611670151024 22.53033432405461 0
37.64263270818402 21.0319873267051 0
38.13609252994914 21.53123529727659 0
38.63223333849688 21.03182163861536 0
39.12481005981213 21.53120793810121 0
39.12851074684334 20.53217847369524 0
38.13931923739278 20.53187800403485 0
1.950567372195117 24.62965182004679 0
1.463899329558362 25.10802818582067 0
0.9758708059765375 24.62849688315511 0
1.462538848613292 24.15012051738123 0
0.48784309294237 24.14568537159969 0
0.4880277130341639 25.10781151155542 0
0.9764062427507696 25.58956311225733 0
1.95269034535243 25.5879624132394 0
40.59796850385786 22.03033843413984 0
40.10877990872279 21.5310431517183 0
40.6019909738044 21.03192452634113 0
41.09117956893947 21.53121980876266 0
41.09420305752123 20.53264106739976 0
40.11224191654496 20.53221575027763 0
39.61874475933769 21.03181723524716 0
39.61484520919723 22.03043385457235 0
42.55477286638526 21.03256937891832 0
42.06815622579656 20.53303595297131 0
42.55405596524666 20.03421732204931 0
41.58175047870125 20.03349665820607 0
41.58060880461655 21.032180362165 0
42.06666868272028 21.53135253748646 0
41.57723944704321 22.03039198408413 0
42.55268946168537 22.03054654386428 0
42.54462652580121 23.02781660915819 0
42.06115368218384 22.52905280285028 0
41.56864080526498 23.02776014640877 0
41.08472657012435 22.52909932764262 0
41.07557572431259 23.52617896635303 0
42.05233142583945 23.5260386695461 0
41.55926634488706 24.02445748949036 0
42.53541542912748 24.02445453969898 0
49.29040508364349 21.04665185082305 0
49.77807347259078 21.54527245553272 0
49.30397395321972 22.03902474515797 0
50.26757174930743 22.04317768368768 0
50.25307499420236 21.05285519885539 0
50.74257327091901 21.55076042701035 0
50.72633402836978 20.56205547593544 0
49.7620136264601 20.55425153048672 0
50.23527266062752 20.06345180756678 0
49.27262265483252 20.05494271193979 0
47.61384470813275 11.64270541296428 0
48.10126391789044 11.16924785740781 0
48.59825480275072 11.67409135463742 0
48.591775285605 10.69802268321649 0
47.60401099995797 10.66201319543007 0
48.09452236767254 10.19078802123875 0
47.10502368498089 10.1538468634065 0
47.11545481962902 11.13723421629254 0
46.61646750465194 10.62906788426897 0
46.63068476574348 11.61470660821258 0
52.56519861675974 11.85386846605707 0
53.06254836360404 11.39338095342246 0
53.56070504050429 11.89960969362496 0
54.05827708558861 11.43606539865623 0
54.55614339447996 11.9403156681404 0
54.55682130799801 10.97309892224071 0
53.56107388611294 10.93360026862605 0
54.05961810852233 10.47063379221053 0
53.0634130868703 10.42892253321156 0
52.56488756436141 10.88870321800797 0
56.54934263396452 11.02213805970051 0
56.05054713206959 11.49566713959523 0
55.5535506971558 11.0008139998506 0
56.05234619905072 10.52728491995588 0
55.05602789006289 10.50353138208589 0
55.05434411509091 11.47038154000542 0
55.55253193396561 11.96968186023873 0
56.54830758507707 11.99242785664021 0
41.46779641839061 15.02265248958813 0
41.96697325989825 15.52949276225011 0
41.50918424132507 16.02859072852983 0
42.46738269387583 16.03491111056493 0
42.42373881057674 15.03220381204624 0
42.92414824455433 15.53762216036107 0
42.87832417283522 14.53614098964407 0
41.92224254997872 14.52464445072983 0
42.3768279122372 14.02858162832765 0
41.42148492297662 14.01512745535639 0
41.53835366312825 17.03178150830743 0
42.03260921018602 17.5342652890585 0
41.56261814881914 18.03376192893272 0
42.52810692694975 18.03612802841977 0
42.50000518464039 17.03589685998171 0
42.99550290140411 17.53775959934297 0
42.96348982172736 16.53812719959522 0
42.00389805678886 16.53268077095142 0
58.53894385512822 11.04258268688926 0
58.04104526085159 11.52365337395848 0
57.54485643920716 11.03413380024502 0
58.04275503348379 10.5530631131758 0
57.04801507080148 10.5432688922241 0
57.0461840023702 11.51300296772143 0
57.5437341095856 12.00496379519658 0
58.53808165252039 12.0138293595556 0
2.811464813705101 1.469454794967934 0
2.349655172775783 1.945161683346097 0
1.875457312756041 1.475706888378163 0
1.888331533040265 2.429304636724453 0
2.828345983331339 2.411521842117903 0
2.367022343595821 2.895664795496259 0
3.304990318116136 2.865837183716547 0
3.283201848182944 1.929654562706803 0
0.4744114794199561 2.924382388563956 0
0.9537345480414459 3.402783794939188 0
0.4793230686214898 3.889115692089518 0
0.964480175166532 4.371135728618416 0
0.4851571065450386 4.857020036528899 0
1.45538304571275 4.85227512651141 0
1.437142888568282 3.878106055400362 0
1.928045759114504 4.359245453293356 0
1.905600821705157 3.389016683085707 0
1.422192481178321 2.91369442262453 0
0.9450308556286586 2.439603245306579 0
1.411169907490603 1.955213459406499 0
0.9380727669457727 1.479506571028336 0
0.4706193762087025 1.961649428171194 0
38.10153296298512 15.49294619445952 0
38.57532037047967 14.98946287769482 0
38.07142858528255 14.47163324421906 0
38.53970409012859 13.96863897467846 0
37.5695582795064 13.95231538152772 0
37.6005279206787 14.97755799157915 0
37.09865761490255 14.45824012888781 0
37.12457933215483 15.48403129247014 0
54.60782878641992 7.061310940600761 0
54.09596311922888 7.541631795801887 0
53.61065222990979 7.027381112823831 0
54.12251789710083 6.547060257622705 0
53.12262634970318 6.514251289482115 0
53.09783000381626 7.506551320662982 0
52.60980412360965 6.993421497321267 0
52.58899305755421 7.979924684535262 0
53.58795580109682 8.017379112605999 0
53.07911885483476 8.49075247647828 0
54.07618068050778 8.528491390497207 0
54.58418799863983 8.052744073693095 0
52.09912196799611 7.465293945613164 0
51.6103370818963 6.949089174764371 0
52.12101923750984 6.477216726472473 0
51.11946350329902 6.436632605842242 0
51.10078576297389 7.418563775528682 0
50.6099121843766 6.906107206606553 0
50.59402975751114 7.88239482540909 0
51.59225394033159 7.930901387149966 0
51.08549793486884 8.394732437030374 0
52.08212502988968 8.445532126072063 0
56.59716719977545 7.110226369958728 0
56.08788687831053 7.593574213125416 0
55.60472912664496 7.085268024676227 0
56.11400944810988 6.601920181509538 0
55.11981067895935 6.575967615796642 0
55.09274723410553 7.570611349480346 0
55.58136038023596 8.075763958178319 0
55.07280114477026 8.557896682391068 0
56.06862136455344 8.579418736372979 0
56.575147862628 8.097228991320076 0
57.0809873803928 7.612661361524943 0
57.56896959047181 8.11077523476615 0
57.063130072707 8.595342864561282 0
58.05616073935504 8.606470914335878 0
58.07198343010072 7.627819784046912 0
58.55917457898395 8.12351546361664 0
58.57692505403698 7.146225504197741 0
57.58925490240253 7.128271848003939 0
58.09419652633879 6.646677568154768 0
57.10543472178517 6.625836856437722 0
59.06042382189956 7.640324554918497 0
59.54836201696651 8.131953673543443 0
59.04711277405089 8.615144582241584 0
60.03602311985242 8.621681706687822 0
60.04629303463401 7.649818726505009 0
60.53395413751992 8.139546759649388 0
60.54473802317449 7.169342310043506 0
59.56321758040603 7.15877664849266 0
60.06166256894651 6.678300232031157 0
59.07971881254345 6.664677597771903 0
55.55881574119287 14.86439862823674 0
55.06444732420771 15.32877251289655 0
54.56522849038485 14.83397939764201 0
54.57117075319098 15.79429705800159 0
55.56306332239173 15.82345049259962 0
55.06978675137501 16.28897503770467 0
56.06106060831608 16.31515626812434 0
56.05733508584809 15.35610038358791 0
56.55533237177244 15.84780615911263 0
56.55250534259344 14.8895330102697 0
62.005968106668 10.5698234376591 0
61.51254329844957 10.08371430443771 0
62.00657519178157 9.601045920430042 0
61.51436518117835 9.114478587970723 0
62.00778998939678 8.632325832200294 0
61.02264872410592 8.627347977744927 0
61.01920715871699 9.597014649816508 0
60.52749070164457 9.109884039590712 0
60.52408422863938 10.08014297893663 0
61.01742036837196 10.56684263355783 0
62.00641464246903 20.24483845140732 0
61.51251694256567 19.75267643765472 0
62.00610230009664 19.27761192981698 0
61.51203005333811 18.78678806906029 0
62.00592775324147 18.31068819382107 0
61.01757592439178 18.29743957751773 0
61.0181324461963 19.26153872160172 0
60.52367831724996 18.77219023005917 0
60.52467959776553 19.7355705259972 0
61.01906409413489 20.2267082420502 0
62.00570365688495 16.37777658428633 0
61.51134401818793 15.89197919232689 0
62.00564036130298 15.41092899564288 0
61.51134126108665 14.92617230977043 0
61.01667466850063 15.40770920836508 0
60.52213952627571 14.92404934246029 0
60.52220607552356 15.88748516328063 0
61.01687542521086 16.37175514724244 0
57.54629639937282 14.90409160564956 0
57.0504513790372 15.37609481009022 0
57.54807089401655 15.86301573535962 0
57.05295188675179 16.33472708438203 0
58.04502508127855 16.34843732221709 0
58.04345799001113 15.38946165518621 0
58.54041217727314 15.87488324204368 0
58.53949385060403 14.91507079720628 0
62.01358550586878 6.695169968145768 0
61.5327163532399 6.208293596617327 0
62.01913084737112 5.727231126155729 0
61.54649057156623 5.242447063730122 0
62.02735972419512 4.761061546266745 0
61.07771293581558 4.756022521581572 0
61.05503091771179 5.719844814119696 0
60.58625328196113 5.233420271971147 0
60.56154269070439 6.199800770578701 0
61.0392281262325 6.688249553076334 0
55.56624367986944 9.056315002090338 0
55.06265805110922 9.530589168471451 0
54.56921551601004 9.03217084877218 0
54.56091878508006 10.0039857207065 0
55.55776715609205 10.03013482985084 0
56.05871074323165 9.553273175061957 0
56.55328978619032 10.050423265167 0
56.56108842791564 9.076376909344598 0
53.56491142662865 9.966153806004677 0
54.06621210318638 9.49950573450065 0
53.57317726768412 8.995826276225676 0
53.06963411791286 9.45999396082615 0
52.57557570506351 8.954920161078753 0
52.56813577815451 9.922762688033032 0
57.55588541598561 9.088197579398061 0
57.05384377119425 9.569231624181377 0
57.54856905580541 10.06207725123848 0
58.04780376046288 9.579747868336908 0
58.54198973814127 10.07073373027423 0
58.54807908383231 9.098021203274724 0
52.20036090272332 22.05571707665021 0
51.70904770448201 21.55910624987554 0
52.18649060445496 21.07084603480584 0
52.67780380269627 21.56745686158051 0
52.66368940567618 20.58540267113128 0
51.69365176364768 20.57353227370223 0
52.1708505648689 20.08808891002768 0
51.20145046854142 20.07457243223759 0
51.21853532347603 21.06101531740008 0
51.23308565192499 22.04885135948582 0
53.2027363180744 4.458196888743576 0
53.68652351918603 4.987910677249637 0
53.15872327928199 5.494521250673269 0
52.67493607817036 4.964807462167208 0
52.63842737764407 5.98966329257444 0
53.6429222513411 6.019109247580944 0
54.16240226079857 5.524632079897152 0
54.64199790655831 6.052583089938915 0
54.688549305171 5.021661883436268 0
54.21267056355845 4.484940480788751 0
51.16254957747664 4.423044684600701 0
51.65949256316784 4.938453605281358 0
51.14231136932351 5.436236953275685 0
50.64536838363231 4.920828032595026 0
50.62846070667575 5.920015055223033 0
51.63331416594678 5.952854503894892 0
52.15072230608101 5.465301069996858 0
52.1837063352572 4.437959997451706 0
55.21174884610383 4.520173172930591 0
55.68375253234814 5.054944660002942 0
55.16055299141531 5.556433370508618 0
55.63836576381635 6.079817896366345 0
56.15320437780919 5.58982378499085 0
56.62884806210272 6.111926070134043 0
56.67101531898759 5.098934075526492 0
56.20156347352653 4.564054950538583 0
44.37434121159631 16.04774087911306 0
43.87663630147708 15.54515956323001 0
44.33254049802299 15.05044915622722 0
44.83024540814223 15.55303047211027 0
44.78867037063374 14.55689541035929 0
43.83285033842169 14.54648323218868 0
44.28898021103243 14.05292948632076 0
43.33257818701153 14.04114343937676 0
43.37859632424539 15.04148078245599 0
43.42218822178603 16.04130094113508 0
3.34167821156926 17.25448812388275 0
2.868519945108403 16.82272432477151 0
3.332961902139978 16.29569048527434 0
2.368281108053459 16.374928881753 0
2.42294888857819 17.32284235845802 0
1.922710051523246 16.87504691543952 0
1.959458771913884 17.83734788165383 0
2.940448827936237 17.78756437034998 0
2.476958711271926 18.30206989354578 0
3.526105243561798 18.23193814442879 0
56.57807227019168 20.64093517924104 0
56.09056099494202 21.11908229692437 0
55.59509818480657 20.62807866625756 0
56.08260946005623 20.14993154857423 0
55.09972320168707 20.13507122170781 0
55.10953008383942 21.106552665514 0
54.61415510071991 20.61354522096426 0
54.6246930946808 21.58819916718141 0
55.60393370005563 21.60014325167326 0
55.11909671089703 22.08178975334067 0
56.09849502160506 22.09206018225184 0
56.58512231649144 21.61099922750295 0
0.4910859282148792 22.22165973939065 0
0.9796406932571529 22.70907798121772 0
0.4885547650422701 23.18384681325564 0
0.9763978579846437 23.66881789914104 0
1.463579715222483 23.19412494472688 0
1.949720705851135 23.67542756296707 0
1.955319011035968 22.72270566577312 0
1.471379989070634 22.23765870226396 0
0.4664547900100544 10.67053069672239 0
0.9626399754096369 11.16372734807577 0
0.4961851853995825 11.61819665135338 0
1.017848355667102 12.11632489931679 0
0.5216631702675159 12.58741396224912 0
1.653219984947079 12.621497133274 0
1.471899549759545 11.59956744153268 0
2.107271179039522 12.1047396754899 0
1.868488486789516 11.1458057438516 0
1.359228912439608 10.70996565039469 0
0.4932745971310197 18.35110834667813 0
0.9911358887118737 18.83176911890922 0
0.497861291580854 19.31994648651681 0
0.9961948307836153 19.80612698410253 0
0.4983335392027612 20.28975192615716 0
1.499351573955281 20.29876586148411 0
1.498053317561265 19.31534400953104 0
2.00121006073293 19.80798288691261 0
1.989082069770621 18.81830044690182 0
1.482164640921233 18.33472555628 0
0.4834121233177058 14.51575356820561 0
0.9587177424995872 15.00254610148656 0
0.475305619181885 15.46893539042381 0
0.9539935556913193 15.94677960865991 0
0.4786879365094308 16.42427278966467 0
1.430829259909011 16.40987474733794 0
1.413978409205686 15.47511216601511 0
1.890814113423382 15.93820730469315 0
1.884683742178819 15.02640184219914 0
1.42942307547272 14.55383577767059 0
0.4995446673213699 6.804212189204176 0
1.007882913222716 7.325144884869591 0
0.5083382459013457 7.788789838522558 0
1.010082484604595 8.32967659429745 0
0.501744238703246 8.77302961291775 0
1.569084078760334 8.934990435992855 0
1.524426447705906 7.847095844528642 0
2.083428041861644 8.452409686224048 0
2.013395161931314 7.355031201837278 0
1.496851627448123 6.833080242178228 0
29.10253795628631 20.58385681245744 0
28.65023156434385 21.0957626177826 0
28.11621113933788 20.64342722597741 0
28.56851753128033 20.13152142065225 0
27.60168842286308 20.20256480494196 0
27.67060466574258 21.13009163210351 0
27.15608194926778 20.68922921106806 0
27.20851923345631 21.61784951673183 0
28.18406709063178 21.59511013814119 0
27.72198165834551 22.08286802276952 0
28.70474697304761 22.06588048742082 0
29.17091144675968 21.56653296706224 0
29.61774634410913 15.71615466641543 0
30.05867268290356 16.30194503096246 0
29.46634119527726 16.74328415184016 0
29.02541485648283 16.15749378729313 0
28.75192122510596 17.27010459092753 0
29.97165921388724 17.36978866814847 0
29.25723924371594 17.89660910723583 0
30.49948565884115 17.93350798249833 0
30.54511271425214 16.86393247858329 0
30.62419349583174 15.82178081075712 0
27.0911649199294 19.82362530766038 0
27.48579681123577 19.34742860244453 0
27.99632031416944 19.72636809972611 0
28.40976815619917 19.18469467092791 0
28.98196537331006 19.58984799185405 0
28.73910452493252 18.48354111329484 0
27.73777865915158 18.89470437233588 0
28.06711502788493 18.1935508147028 0
27.28001262194334 18.67453457619478 0
27.02803077402754 19.12725880630343 0
30.68366551574552 22.04028897299477 0
30.16337073744194 21.54700890259604 0
30.64594014607986 21.04209338414285 0
30.1087573534087 20.5459932675217 0
30.59477351272872 20.03290057707887 0
29.56880955088358 20.06680313124012 0
29.64248575881142 21.06304694873902 0
29.69179642539019 22.05049492091926 0
57.6184945399042 6.13848254835418 0
58.12746015408386 5.657231906592072 0
58.60316214051844 6.165426926392659 0
58.63890414428323 5.182467067400735 0
57.65747901522445 5.140334598703394 0
58.16892300542384 4.665569759512056 0
57.18658645399029 4.614696912179385 0
57.14190788022175 5.6245717620505 0
38.1100313731872 25.51744573862516 0
38.60600022200356 25.02023928962842 0
39.09235983336514 25.51741765423491 0
39.10286597964296 24.52256712807655 0
38.11846410791657 24.52265838373688 0
37.62224888383866 25.02048315563385 0
37.13319580782736 24.52312515470554 0
37.127090877923 25.51783170916843 0
53.69468906160261 25.52386393342756 0
54.1774681846306 25.03044955910324 0
54.66931039635685 25.52642035743446 0
54.65904590040905 24.53796308447376 0
53.68514851695403 24.53417788538428 0
54.16672623273249 24.0416914107548 0
53.19415115216866 24.03733602582301 0
53.20406327308539 25.02744340994617 0
28.29710936031911 25.5213409578594 0
28.77941157168078 25.0249486594615 0
29.27486037554041 25.52007859763033 0
29.26065628625326 24.5280918810294 0
28.28128868029457 24.53111170737098 0
28.76253339486705 24.03425492893888 0
27.78352573615632 24.03819236898399 0
27.80212595306653 25.02673711654735 0
8.772343734386325 25.50277224505312 0
9.246985019239784 24.99493866660586 0
9.735400498078242 25.49012794840954 0
9.714603310935907 24.48560642708483 0
8.762734016028293 24.50355734937439 0
9.230352307724417 23.99422510985336 0
8.28267345319464 24.01089408670158 0
8.287493926855255 25.00903341685224 0
21.42522507196345 24.55859894262163 0
20.9422007014582 25.04839104510539 0
20.42919572782472 24.55705843086014 0
19.95259860992695 25.0560976132756 0
19.4317338413125 24.56769352458058 0
19.47751717781142 25.55038687998508 0
20.46199290892419 25.54057277084285 0
21.44922701890915 25.53689582423277 0
13.6990872838566 25.4724008485959 0
14.21362278431275 25.00797958893517 0
14.68795880416009 25.54379721461512 0
15.17893065578752 25.09927581192446 0
15.64086705131858 25.60160179950026 0
15.65249028298464 24.71575538627024 0
14.77043654709052 24.62269465370722 0
13.78007264423059 24.35961311515184 0
33.1933504334182 25.5191325845268 0
33.6831861384852 25.02198408763845 0
34.17609486627938 25.51881497698215 0
34.66761681790015 25.02170399775325 0
35.15954552186036 25.51865567573884 0
35.1602915325296 24.52412352255572 0
34.17404607310667 24.52436112178902 0
33.18853687080495 24.5248018224454 0
35.65025281208734 26.01537987797391 0
36.13932681894501 26.51143089349938 0
35.64749074099486 27.00798365765344 0
36.1350164422133 27.50390337874691 0
36.6269832726077 27.00777350940893 0
36.63270645614021 26.01500763458388 0
2.44197379725685 26.06606993784998 0
2.930414155253786 26.54732968767443 0
2.442129851555748 27.03206090102972 0
2.930102836825167 27.51543406022717 0
3.419177513161156 27.0288801505565 0
3.419308796761143 26.05960090880299 0
26.35630507985156 26.51410211113406 0
25.87273376784049 27.00954831522998 0
26.36388732083743 27.504639297317 0
26.84877168222858 27.00899510218457 0
6.837718889618756 26.51641127378547 0
6.34940308321455 27.01395061455068 0
6.836470536416172 27.50565648508962 0
7.324062001174113 27.00895670431054 0
10.22944763083007 25.98683083732343 0
10.72251900868218 26.48607421177128 0
10.24345571454772 26.99424202230395 0
10.73635509277335 27.49573884043564 0
11.21949881594039 26.98978506749793 0
11.20433012427411 25.97550125828343 0
29.76948482785227 26.01602494600519 0
30.26204469347257 26.51197675738815 0
29.77797397486181 27.00816328156553 0
30.26982444301545 27.50404696731665 0
30.75484848777293 27.00812004366323 0
30.74699570443301 26.01586199808377 0
16.1124613831535 26.07088689885847 0
16.59426725020322 26.55535662923621 0
16.11223233526056 27.02924320181577 0
16.59946571435939 27.51641122515744 0
17.08269729955855 27.0317232199241 0
17.07149893038324 26.07351083341877 0
21.95078828309894 26.02688966168405 0
22.44640338110059 26.51958389596804 0
21.96332506636115 27.01270705214803 0
22.45653712033304 27.50624931534866 0
22.94146460354833 27.01196943166883 0
22.93113566872654 26.02557925305316 0
55.16185931226438 26.02242075550605 0
55.65349604610728 26.51799331024004 0
55.16934111375946 27.01120758397999 0
55.6606957992035 27.50599372813909 0
56.14567236284812 27.01287598596023 0
56.13812385022752 26.02577678193555 0
39.57671780626563 26.01444187397564 0
40.05963008058381 26.51082182282486 0
39.56386347278129 27.00748532157468 0
40.0459509710039 27.50368987975255 0
40.5416826752728 27.00740113932707 0
40.55583465116425 26.01430488915274 0
43.4848342635571 26.01421948605105 0
43.96521490010035 26.5106951102049 0
43.47104783349221 27.0073619705441 0
43.95197309549111 27.50364048606909 0
44.44613396891754 27.00731385797659 0
44.45846749106842 26.01416088119276 0
51.75348690977117 26.51221475256152 0
51.26788952782557 27.008050964578 0
51.75650685201547 27.50410429386173 0
52.24273136361681 27.0084568512377 0
47.85925065261887 26.51081603057717 0
47.36967298708366 27.00736040632314 0
47.85419115899028 27.50366794225874 0
48.34406508099425 27.00739830963744 0
58.54524767164713 18.74539104881924 0
58.05210457246066 19.21770414518526 0
57.5560329842969 18.73196584519848 0
58.04917608348336 18.25965274883246 0
57.05952820788897 18.24527045841569 0
57.06378001591442 19.20319072606501 0
56.56727523950649 18.71649533928223 0
56.57217483922559 19.67620617092824 0
57.55968976869976 19.69130529297158 0
57.06808459201093 20.16432073783481 0
58.05526451890145 20.1785187240087 0
58.54767932266235 19.70491757622237 0
22.4309070831661 25.53699706623834 0
22.91230310122753 25.0456582337161 0
23.41253168678797 25.53424042053092 0
23.39216970642417 24.55715569357574 0
22.40979456516871 24.56158512672785 0
21.92934581897632 25.04700322878706 0
36.14326039420328 25.51800408978404 0
36.63764481598608 25.02082816436858 0
36.1467197064169 24.52341213632404 0
35.6525531039763 25.02127988754897 0
3.906094731367368 25.57120905102495 0
4.393154415533211 25.0763323861725 0
4.884210273904813 25.55491609261678 0
5.372969066845386 25.05510802038717 0
4.877559941297527 24.57574561536365 0
5.366063592146507 24.06679374506622 0
4.383349529699181 24.10554129547665 0
3.898944003934865 24.60612806628549 0
49.31991627276633 25.02111224419885 0
49.80552381850609 25.51817566129363 0
50.2901720573556 25.0220447659887 0
49.80313874311027 24.52460470019567 0
50.28570230379671 24.02863285017485 0
49.31795417103468 24.02702740078777 0
23.89237096235207 25.04225492081783 0
24.38996231093147 25.53175922898216 0
24.87109584097836 25.03742683942554 0
24.36975355587371 24.55190974414007 0
24.84844410785275 24.05801392911359 0
23.86955229994582 24.06681051689798 0
40.5804085086795 24.02451862420089 0
40.09433269896924 23.52613377172263 0
40.58949991460234 23.02779411387477 0
40.10274184833585 22.52903322037199 0
39.60727845943775 23.02794913966097 0
39.59897933767402 24.02470735693179 0
60.08540654130611 5.706426401312498 0
59.61693601238848 5.213019326541161 0
60.1177827530435 4.74001319719981 0
59.14687040914848 4.709811202556185 0
59.10896974752323 5.685675191385711 0
59.58552641954823 6.184925862764954 0
54.13183079637406 21.09418208761437 0
53.63777146623202 20.60010921546088 0
54.12009577057788 20.11947234881076 0
53.14382864359814 20.10339405607449 0
53.15763222831007 21.08211783051767 0
53.65014931361524 21.57833901914528 0
53.17032088800144 22.06367805020811 0
54.14301161192198 22.07235609871232 0
25.80285457552912 18.42672862326709 0
26.27589138527582 19.00831287784109 0
25.6914855053414 19.37556669218586 0
25.21844869559471 18.79398243761185 0
25.20502114584188 19.80813837984793 0
26.17963773197138 19.83080572475363 0
25.69317337247185 20.26337741241571 0
26.65273226854095 20.24714221343523 0
26.61807038335983 19.40728881897878 0
26.68585177594353 18.72828286516575 0
59.03433562053466 12.50131598717525 0
59.53067953322203 12.98722798091719 0
59.03449900563424 13.46968396178527 0
59.53091012729571 13.9549082154685 0
59.03514002510911 14.43661210314474 0
60.02667459307766 14.44014229906535 0
60.02632537232358 13.47300563300938 0
60.02638182706924 12.50437061831989 0
8.288019793647308 22.04831578679307 0
8.742909244694516 22.52690887793779 0
8.279499845909214 23.01893294957567 0
7.82461039486201 22.54033985843095 0
7.809808412403569 23.52066270856074 0
8.752364886700285 23.50916432771652 0
9.209716527762637 23.00000913291946 0
9.687703948786769 23.4850699150563 0
9.655853040127013 22.4923683920696 0
9.189045757058892 22.01926813708793 0
60.52295204427495 17.81039598937009 0
61.01705622945688 17.33466377848995 0
61.5116801095737 17.82170736663759 0
62.00575235633224 17.34426933840247 0
61.51145601321718 16.85705764609467 0
60.52247564145055 16.84936127963773 0
60.52201716119443 12.020621201243 0
61.01666965819535 11.53654619159469 0
61.51142659323718 12.02224876636356 0
62.00569554414425 11.538578895912 0
61.51166365081225 11.05298539092785 0
60.52242637575507 11.05040343422467 0
61.02914261677898 7.657512640825976 0
61.51783720336498 8.145313858921517 0
62.01004721396821 7.663619302389021 0
61.52363271983699 7.176419883858804 0
60.52819116979507 21.6701582119307 0
61.02035504822798 21.19461712040751 0
61.51426356107928 21.68826616188993 0
62.00684254362573 21.21300524846261 0
61.51325718609476 20.71980786730854 0
60.52616195626811 20.70151749514918 0
2.51286877684193 19.30318463624059 0
3.027786414594289 19.80631731908501 0
2.516127698485285 20.31111556975703 0
3.620480411631483 20.33885476642716 0
3.517140668431736 19.27735824881175 0
3.000745418343236 18.78695408288456 0
60.02638742339471 11.53388469559006 0
59.53154717742093 11.04689298467509 0
60.02758612978129 10.56341172330971 0
59.0359929112939 10.55932818651705 0
59.03449812125524 11.5301474850473 0
59.53075208926952 12.01763411266694 0
49.79810931580835 23.53100049775049 0
50.27788754457546 23.03583420877619 0
50.76548053256381 23.53346656120055 0
50.7555110291177 22.54140494756071 0
49.78994826476519 22.53760694490315 0
49.31238245932177 23.03300160621238 0
59.5340621362139 10.07577194423224 0
60.03056023507199 9.59250319985917 0
59.53909265327984 9.104300866956279 0
59.04005896306126 9.58717748798942 0
42.234988689125 11.00812020127072 0
41.729884636188 10.48815717361628 0
42.19413898483802 9.998470944010192 0
41.22185633641793 9.965527207380728 0
41.26955158746108 10.9802363967647 0
40.76152328769101 10.45760643052915 0
40.8128699163882 11.47417808545289 0
41.77532673711736 11.49987060204823 0
41.31864506604448 11.99381229073642 0
42.27854931317465 12.01668208178049 0
42.02848823764715 25.51692814049314 0
42.52271902955849 25.01971641898181 0
43.00417854275445 25.51704944810928 0
43.01683418201602 24.52215230841673 0
42.04130027666996 24.52201865026406 0
41.54649469694446 25.01974011469382 0
41.06446076516157 24.52217895392011 0
41.0516422927769 25.51708122798649 0
45.92136307426305 25.51691413807823 0
46.41045390892867 25.01991148422192 0
45.92878211009953 24.52217240658423 0
45.44021279166371 25.01972567669711 0
44.95990190265126 24.52213002343361 0
44.95011951792715 25.51696748139486 0
7.453814858779083 1.475290439576156 0
6.958242308581383 1.933518923725998 0
6.516228310858363 1.458228484149842 0
6.032221885008092 1.903446143981441 0
6.435871478937052 2.347654415097793 0
7.389103764142895 2.481856042676018 0
11.21637830854974 1.431028239825054 0
10.75986866267938 1.877821023048028 0
10.29491834108228 1.446792783222975 0
9.832947722387701 1.917197502932019 0
9.354550586783908 1.470404719709045 0
9.368405462563118 2.469470482888227 0
10.34997902692794 2.316589332392628 0
9.885436767103361 2.868862312348833 0
10.80926701521958 2.69306514122394 0
11.21915665097102 2.254296831879341 0
46.63835185707207 6.703254560837194 0
46.12880156958382 7.161438340255384 0
45.64489248923778 6.638175381568814 0
46.15444277672603 6.179991602150624 0
45.15495790375191 6.102134747938546 0
45.12993210542832 7.101628754629106 0
44.63999751994245 6.565588120998838 0
44.62429281035671 7.574067454315998 0
45.62444963590009 7.628018529841277 0
45.11881034082849 8.100457229528169 0
46.11384848800861 8.146873376959624 0
46.61820042169234 7.68029318737373 0
50.1463083724022 16.12841630673903 0
49.64823435640596 15.62592637353477 0
50.12667876328311 15.14942947287158 0
50.62475277927936 15.65191940607585 0
50.60773712992371 14.67501319251993 0
49.62723502228825 14.64461065128024 0
50.10829338892884 14.17019437092859 0
49.12646491882551 14.13930854337821 0
49.14941115260748 15.12303613536271 0
48.64864104914475 14.61773402746068 0
48.67416306026283 15.60320690308076 0
49.17298626406131 16.10609714125282 0
1.992447311106638 20.79265521272885 0
1.486637907915878 21.27262794793693 0
0.9935421707645204 20.77873859669219 0
0.4952086315617592 21.25684381339217 0
0.9862945597766419 21.74636069563996 0
1.971723337209873 21.76392595456092 0
1.373448859369802 9.86316150354166 0
0.9762910958826438 9.308288016784822 0
0.4745468571793943 9.731686975295643 0
0.9410016471894451 10.24150338630375 0
1.954496756120747 5.343016769264306 0
1.476301107396374 5.836561191043643 0
0.9771873969883771 5.345819548290745 0
0.4920302904433385 5.828085226047559 0
0.9915749577647084 6.328725986680309 0
1.981577777079792 6.340915446541561 0
2.124265819425915 13.16201628041274 0
1.499471074830964 13.63299377155982 0
1.028425240352128 13.09247462442108 0
0.506762070084612 13.55863209074339 0
0.9901741934023178 14.05652851609186 0
1.938719956901373 14.13030103313855 0
1.456317940224075 17.36389527706315 0
0.9644371486098393 16.89872310896157 0
0.4857492121004086 17.38516460501119 0
0.9790238092314283 17.86127295168932 0
30.03039610648323 19.52194484186749 0
30.52830175506245 18.99792429742525 0
29.96168664769312 18.4580576964224 0
29.44355192890971 19.04498970248141 0
58.56056460308227 22.61088009626244 0
58.07213425511047 23.09326671049371 0
57.57663777621788 22.59873312621139 0
58.06506812418968 22.11634651198012 0
57.08069400962237 22.10349242649854 0
57.08953926655516 23.08191105881867 0
56.59359549995965 22.58667035910582 0
56.60322832856576 23.56694989382448 0
57.58456077597311 23.5772237447922 0
57.09824983798372 24.06226257979801 0
58.07928397450674 24.0718213928235 0
58.5668574536441 23.587864358525 0
52.60506037679023 16.68954598037246 0
52.12214422050783 17.16029166997017 0
51.62346076011875 16.65873771335238 0
52.10637691640113 16.18799202375466 0
51.12417402355487 16.15581707346809 0
51.14363686336932 17.13322836990602 0
50.64435012680544 16.63030773002172 0
50.66533405750762 17.61004815260342 0
51.64075871652624 17.63375317458238 0
51.16245591066453 18.11057295727979 0
52.13755480193108 18.13293147802498 0
52.61894030591269 17.65946997341277 0
60.04001884955516 23.12022294541677 0
59.54572015252829 22.6260268159582 0
60.03644244924083 22.14692270530285 0
59.05049153081023 22.13083990036087 0
59.05579322480032 23.10606701185978 0
59.55025659702125 23.60090560254559 0
59.06132082586502 24.08270294921082 0
60.04391087968959 24.09472059576306 0
36.13986760320955 15.47390389056654 0
36.62184130260982 14.96613333925301 0
36.11824447107976 14.44483818443766 0
36.5950607833725 13.93694497407246 0
35.61711681176769 13.9226868812341 0
35.63947325155499 14.9549621124614 0
35.13834559224291 14.43281080925784 0
35.15516464765334 15.46514766220255 0
2.465267073130178 5.831076693672633 0
2.976327638943921 6.336004485119838 0
2.492638342893535 6.845843237988766 0
3.544717276290161 6.878395523155076 0
3.456352932662121 5.790192562531885 0
4.02474257000836 6.332583600567123 0
3.913366328758954 5.256551319509505 0
2.936550943957663 5.320550312654449 0
3.393564340054489 4.786909069632067 0
2.425780626948232 4.832490388246121 0
50.57580422748392 10.78841567268578 0
50.08091060868694 11.25019872977284 0
49.58377482156623 10.74171581978371 0
50.07866844036322 10.27993276269664 0
49.08575800720791 10.23284180159826 0
49.08979209996332 11.20689670140193 0
49.58806979301738 11.71379621424445 0
49.09653249580478 12.18099086747993 0
50.08531715147262 12.22032922854339 0
50.57815796714218 11.75673174407178 0
24.34158365846784 23.58160048171052 0
24.81574843679776 23.09167339774804 0
25.32260888618267 23.56808684515111 0
25.28908314665133 22.60369976802251 0
24.30597582159633 22.62312953806585 0
24.77931053144991 22.13515590834032 0
23.79448617628243 22.1557499017594 0
23.83548870042932 23.10578207851917 0
42.06360541568322 19.53418437739521 0
42.54286337664723 19.0354034655161 0
43.03331392621067 19.5354364101702 0
43.01861466785623 18.5368322263597 0
42.05235563574074 18.53469926757618 0
41.57413384635399 19.03399644471727 0
17.4790224800937 24.6634426206803 0
17.04273023770461 25.14032047050937 0
16.54726858312749 24.71176141351454 0
16.98356082551658 24.23488356368546 0
16.08998851854491 24.2811076205238 0
16.10977034756722 25.14640917926097 0
16.58136467940214 25.61569427861919 0
17.53286448868571 25.59813702530895 0
55.14170402956903 24.04732939906686 0
55.63517040086415 24.54387649286738 0
55.15251227170417 25.03451017827428 0
55.6450611876117 25.53051057634587 0
56.12914456824152 25.0396946750245 0
56.62220723085733 25.53496088061419 0
56.61290133833463 24.54998927653182 0
56.11892717095726 24.05417109437469 0
29.74291602984077 24.03105596210882 0
30.24002106205985 24.52646934489473 0
29.75776131847234 25.02350526381531 0
30.2523857707842 25.51945161219017 0
30.73698953183234 25.02273088219965 0
31.23159946548116 25.51914126809325 0
31.2216022512048 24.5253596992958 0
30.7246337814323 24.02909816199088 0
10.17689633299607 23.96914416356339 0
10.67046713051093 24.46047780935032 0
10.20817410845076 24.97694007287176 0
10.70222124120259 25.47364296178566 0
11.17982301958694 24.95511901347314 0
11.68193190265846 25.45697730997091 0
11.64375750334694 24.42973931399671 0
11.13440161427093 23.93509810987389 0
26.76196636905498 11.83481671216583 0
26.19477701906305 11.43719500659206 0
26.55021733396167 10.92995929693908 0
27.1174066839536 11.32758100251285 0
26.89163863314521 10.39136855293374 0
25.94308803608898 10.54321400985665 0
26.28450933527252 10.00462326585132 0
25.33881010912941 10.18480009770318 0
25.63428214359728 11.0844497164207 0
25.03000421663771 10.72603580426722 0
25.32604719850851 11.58340351649251 0
25.88654207397428 11.93614880666387 0
16.0009974384105 23.49318659456918 0
16.46433605437095 23.85308450801588 0
16.85610740735191 23.36663150022318 0
16.30589821956145 23.03408853791545 0
16.64542917896446 22.52642827998491 0
15.8035854047173 22.7375146376144 0
58.57993115208991 25.54730814109202 0
59.06713387975748 25.06156275742721 0
59.55977810223835 25.55481395484167 0
60.04790387610552 25.07064198764814 0
59.5550292911047 24.57734760777123 0
58.5734254145178 24.56691809886679 0
58.5509753980164 20.66901748546433 0
58.05993515999788 21.14594035911594 0
57.56422428088293 20.65544159766031 0
57.07421195906367 21.13205603906654 0
57.5697836521946 21.62454923806214 0
58.55521963199295 21.63773763303393 0
6.839910564886488 23.51923788003146 0
7.326588019731979 23.01801369677463 0
6.872096348756337 22.51329642044168 0
7.370118723886364 22.035622582098 0
6.341637212452582 21.92729141238551 0
6.339282920104573 23.01868631523372 0
5.808823783800818 22.43268130717754 0
5.848506452874382 23.53656915171437 0
43.98889545424019 24.52200764917081 0
43.49689440007707 25.01969354759167 0
43.97755012087973 25.51686358553344 0
44.46920214773846 25.01967018573554 0
40.08416544073833 24.52216150895507 0
39.58805208270727 25.02002128009982 0
40.07241005560777 25.51704549984055 0
40.56821769722041 25.01982183867429 0
2.928575975434491 25.58238777758239 0
3.415361910040712 25.09399591980435 0
2.923764385207853 24.62346761985808 0
3.407346479102006 24.13559976633923 0
2.435039233872899 24.14883918693306 0
2.439292523530071 25.10428025297181 0
34.16184563057617 15.45049769870468 0
34.65286328508829 14.94172154869505 0
34.15005377022725 14.4168075587692 0
34.63553607738188 13.90789681933199 0
33.65035498746403 13.89006575431805 0
33.6614359453448 14.92372191333605 0
33.16173716258157 14.39698010888491 0
33.16591267486766 15.43142470970001 0
45.15313396493721 11.0835836827023 0
45.65396930847051 11.59144178000273 0
45.1780496881802 12.07691070363448 0
46.15184763754915 12.09714426689316 0
46.13280643666484 11.10900412132215 0
45.63414310560488 10.60060882600394 0
46.11780417359198 10.12067258895076 0
45.13246705132055 10.09022069574403 0
56.56280130735627 17.75934357053923 0
57.0561814754731 17.28912367432995 0
57.55290837600579 17.77505056220642 0
58.04697589990433 17.30354181437752 0
58.54324360738189 17.78814400100356 0
58.54168072339007 16.83226418656282 0
57.55032025779281 16.81971495003179 0
56.55881310443208 16.80413580868019 0
50.58436276381619 12.72735535890291 0
50.09585858292107 13.19533197514145 0
49.5968129705775 12.68830584478193 0
49.11039504227319 13.16009050871708 0
49.60988442024198 13.66531137825332 0
50.59426755160792 13.70021496781672 0
50.16945822970069 17.11034928681628 0
49.67141647529746 16.60845786353359 0
49.19988566128105 17.09184934827415 0
48.7014554500449 16.58948862599337 0
48.72956707358833 17.57689876514316 0
49.69585870878024 17.59234535394747 0
49.22554012108752 18.07739477081649 0
50.19173453658718 18.09204421973461 0
57.10733309493524 25.0459072074867 0
57.60060483394358 25.54086020793211 0
58.08682303459539 25.05327721679619 0
57.59268159458433 24.55818051075289 0
59.04655658714337 21.16093887262635 0
59.54182848596066 21.65404113995329 0
60.03357720651489 21.17727664658114 0
59.53874045972267 20.68553313741562 0
60.0313252094759 20.20977398598365 0
59.0431592705957 20.1936117502536 0
12.05975234899595 2.314949159754772 0
12.58319641916783 1.934360292841436 0
12.13401326208088 1.454207922273369 0
11.66405680220384 1.885236162098423 0
8.3820057655402 2.402532387249734 0
8.876429335203049 1.949312616011291 0
8.403493172423488 1.478907896302246 0
7.910600388672364 1.954198335878402 0
45.28824390567263 15.06019477310343 0
45.78532274572888 15.56218086006556 0
45.32732424819847 16.0550165590724 0
46.28201127764649 16.06357639213666 0
46.24641455229348 15.0711821501114 0
46.7431030842111 15.57257768218251 0
46.70901706389951 14.58116162303971 0
45.74781354659145 14.56853079629139 0
46.21041605819748 14.0785102692197 0
45.24824001155255 14.06523143354725 0
32.15866960603509 15.39636860394463 0
32.66491589578905 14.89610784281823 0
32.16488407450918 14.36371793509291 0
32.6617053413017 13.86459020115959 0
31.67278802060749 13.82901673972829 0
31.66605645354941 14.85488524941826 0
31.17396039964772 14.32018405405364 0
31.1515094228334 15.34791420821672 0
12.17794305828487 24.93395475394505 0
12.68634039801807 25.44640522875201 0
13.20176419652583 24.94050741265318 0
12.66057988424898 24.39221330962403 0
13.23888833195374 23.81131901212269 0
12.12639432931105 23.8879978696757 0
31.71773755282331 25.02227284282267 0
32.21182296274494 25.51898073998567 0
32.69977344840783 25.0221471851443 0
32.20425007038106 24.52483784317759 0
17.9949772785866 25.10947343581731 0
18.49749430286305 25.57298776531965 0
18.96720058948683 25.07694915118668 0
18.44130517394133 24.6093402738145 0
43.99425211214345 19.53698879032725 0
44.46539021963468 19.03932580475037 0
44.95417378236893 19.53882448095269 0
44.93277962647952 18.54211785899985 0
43.97557957015076 18.5392852765287 0
44.44296897699561 18.04207733077818 0
43.48777173777732 18.03892434211161 0
43.50642250022966 19.03719316077678 0
45.90909744192345 19.54151876593388 0
46.37658412091818 19.0456744681296 0
46.86589249784284 19.54470064710337 0
46.84094611160478 18.55057962216836 0
45.88565801056167 18.54601762473052 0
46.35002000124827 18.05092277876928 0
45.39675725257504 18.04602030201559 0
45.42168038446615 19.04211518171478 0
45.68349131044447 5.651467406318059 0
46.19900583802987 5.204104807726907 0
46.66995730431142 5.732629003559472 0
46.71283357014879 4.77603807651626 0
45.7454141003099 4.676902333310464 0
46.25924183242882 4.248835602099817 0
45.29340102131027 4.120615530025781 0
45.20769668039811 5.10158980175331 0
44.75568360139848 4.545302998468626 0
44.67916327370556 5.552257143373797 0
46.17975008704197 13.08768410979958 0
45.68030341507657 12.58298480984702 0
45.21220911023609 13.07103023575241 0
44.70995538333972 12.56495612953987 0
44.74817478109243 13.56087290736919 0
45.71227434069621 13.57538876193047 0
41.13300611520225 7.920277341335758 0
41.6489554283632 8.451653383879215 0
41.17788519801633 8.94546366521713 0
40.66193588485537 8.414087622673673 0
40.71168308768236 9.438188482229823 0
41.6880584467519 9.472802390368035 0
42.16000788844832 8.982990311272941 0
42.66608842653445 9.508658864915098 0
42.63831086650933 8.493293569778224 0
42.12725840642421 7.961956642384498 0
60.02973030646643 19.24639479535531 0
59.53466656270984 18.75906774182387 0
60.02861457349337 18.28486317652773 0
59.03901826411351 18.27255470933257 0
59.04089597024346 19.23190408131053 0
59.53637591817681 19.72059825534176 0
43.64949507026047 9.542155698576837 0
44.13343689494253 9.058178437479818 0
44.63342611052889 9.576289174605698 0
44.62375522109679 8.577284804769929 0
43.63208977546046 8.533871390265382 0
44.12240810161472 8.052977757555494 0
43.12480020464259 8.006447290956825 0
43.1456004373272 9.02071766908678 0
2.918553077771382 23.67201007999729 0
3.394670979231357 23.18677442234965 0
3.883464380561982 23.6503641086916 0
3.864750477141115 22.72215625288531 0
2.922229265883708 22.72991571974705 0
3.392308763793466 22.2652975502827 0
2.444313727170055 22.25402292948888 0
2.433234549749617 23.19859845603129 0
30.70712436851704 23.03534442031162 0
30.19938199757094 22.54100983157264 0
29.72086367693161 23.04071030932789 0
29.21327810475087 22.5501953986745 0
29.2407048726188 23.53802116853663 0
30.22307483415359 23.53374510290008 0
52.69090915812057 22.55292898612858 0
52.21279194817721 23.04428760280052 0
51.72224369277995 22.54707569332215 0
51.24466906997267 23.03962928139704 0
51.73334451008058 23.53706866657224 0
52.7028327994032 23.54095991802298 0
27.2491485829816 22.57630366707341 0
26.7758402977595 23.0680227279136 0
26.26866370730639 22.59199669775562 0
26.74197199252848 22.10027763691542 0
25.76162708296129 22.11698371266171 0
25.79611977099643 23.07871275311641 0
26.30065479266985 23.56035796752272 0
27.28033300684088 23.55107934163196 0
35.10835632123733 13.39639020607805 0
35.57592594302527 12.88522747883991 0
36.08468643355562 13.41152415399597 0
36.55133808684867 12.90301971173797 0
37.06171243666555 13.42844053181446 0
37.01384213591977 12.39542949272976 0
36.03901569844419 12.37465536324894 0
36.50151974751529 11.86706514424073 0
35.52736865622079 11.84575466912864 0
35.06427890080187 12.35632678471962 0
3.450229363182533 21.35328823035725 0
3.004894485970929 20.81394302332275 0
2.481214098592282 21.29548266629456 0
2.953804488552468 21.78557964122252 0
22.94579051948701 1.877338285655618 0
23.21174771438418 2.470827633658253 0
22.69274239884446 2.772310166794657 0
22.4267852039473 2.178820818792026 0
22.11763428352675 3.076380509202689 0
22.94622641944441 3.376262354704295 0
22.3711183041267 3.680332697112327 0
23.24890131990068 3.987478355077009 0
23.5248621910756 3.031747181605937 0
23.82753709153187 3.642963181978651 0
24.0844927484268 2.637644105041479 0
23.77137827173538 2.076724557093794 0
22.2766505000626 14.64504879537747 0
22.68989527263827 15.10651713308699 0
22.20993946929008 15.4850571450761 0
21.7966946967144 15.02358880736659 0
21.66076641028651 15.93212934152392 0
22.6575980486533 15.94429887270255 0
23.13001470768123 15.54935467679505 0
23.15211552872255 14.72021842997249 0
54.64790516424874 23.55167010248269 0
55.13083474284166 23.06361948835949 0
55.62463360816195 23.55927878494366 0
56.10893476577046 23.07205758439344 0
55.61383428741587 22.57744740753946 0
54.63609716632281 22.56796183416071 0
60.02718545591414 16.36526340456154 0
59.53170687204798 15.88132779356747 0
60.0267274916574 15.40354955228655 0
59.53126255845935 14.91964250889161 0
59.03561638395428 15.39810120295315 0
59.03650266536685 16.35810983265801 0
45.6178381456362 8.619167354348509 0
45.1227830259045 9.095994929590269 0
45.62182396669615 9.609926450728604 0
46.11307776526724 9.133782485493349 0
46.60905797216307 9.6445286237155 0
46.60908810763966 8.661488508104462 0
47.67736219681424 14.59803247993756 0
47.20916426137767 15.08474832427674 0
47.70720623636186 15.58679463747203 0
47.24114505919529 16.07462399537779 0
48.20460546707518 16.08840200934844 0
48.17676382954952 15.10159953120435 0
47.5999865302182 9.682927025919632 0
48.09579896148188 9.216054289553977 0
48.59033479893621 9.723915284873087 0
48.59427440245038 8.751481380658927 0
47.60271692885948 8.705912224088285 0
48.10119236982798 8.241339315193237 0
47.10778421909875 8.193791945964113 0
47.10402081740038 9.173608786228634 0
52.63376499568052 18.63188004110243 0
52.1549430865014 19.10997694331143 0
51.65873289275196 18.61102838023397 0
51.18297054023623 19.09235787603929 0
50.6866935581488 18.59190245308512 0
50.70762694930956 19.57597562315749 0
51.67679405946809 19.5909546851194 0
52.6489995919022 19.60711116821971 0
45.83366599533133 3.726583556578483 0
46.33700151417918 3.326260208228312 0
46.76257735127668 3.848512253749647 0
46.81320620977613 2.98082755717904 0
45.9612746666374 2.832856147050265 0
46.43747936223435 2.487423496000993 0
45.58444322110795 2.219877710296608 0
45.41864072520278 3.165303285338371 0
45.04180927967332 2.552324848584716 0
44.87837575118172 3.559335258785671 0
24.49592247479553 11.81496040696638 0
24.74545639079357 11.28594009368655 0
24.13288331377957 10.94733443059444 0
24.41743113962372 10.38743014117511 0
23.50992673337385 10.5916203554888 0
23.84165878933155 11.51920509532869 0
23.21870220892583 11.16349102022305 0
23.60025354338329 12.20189586230845 0
3.794963913857757 3.318687948934674 0
3.344387696650053 3.815267686405573 0
2.854414100908429 3.362416921187446 0
2.392992579017765 3.855768808776892 0
2.890727446851493 4.329013743729657 0
3.847224589853049 4.273163012307982 0
44.12447039794976 7.0381667033733 0
43.62476378686743 6.486581809858997 0
44.14029090886013 6.014003227484533 0
43.10849580661495 5.930333138801462 0
43.11298508903505 6.977191121882273 0
42.59671710878256 6.420942450824738 0
42.61519960446987 7.466561406226301 0
43.62258568920777 7.517077006612796 0
2.682647311271069 12.93640260375597 0
2.960011889846982 13.5527856971187 0
2.401630398001831 13.77839937377547 0
2.776905282524687 14.25262280596119 0
2.313994841424226 14.60452446532427 0
3.11157787667694 14.6471726689083 0
3.157971112520961 13.93884298675233 0
3.492643706673213 14.33339284969945 0
3.515495491121957 13.77087818798627 0
3.317536268447981 13.38482089835263 0
54.15547625733495 23.05620500514079 0
53.66239070293412 22.5605992696924 0
53.18297897305325 23.04985020561288 0
53.6742973258187 23.5462263134129 0
47.82193473828251 19.54980506113115 0
48.28995779201149 19.05719772365958 0
48.78082015929294 19.55587711021266 0
48.75634235842752 18.56566358684913 0
47.79704168881756 18.55758826704383 0
48.2634262552336 18.06605413023339 0
47.30548727212025 18.05755407123872 0
47.33250052830209 19.05061381797347 0
60.02769492942222 17.32507301055163 0
59.53240474388581 16.84097513547545 0
59.03758280190903 17.31512948938026 0
59.53335745864065 17.79954019770927 0
28.77394140954952 13.67490818285814 0
28.27971547165806 13.17601651197269 0
28.73317610010775 12.71114469943102 0
29.22740203799922 13.21003637031647 0
29.17425239690919 12.21654319377638 0
28.20681907737107 12.22076493893115 0
28.6478953741725 11.72616343327651 0
27.68708023775584 11.76556626628499 0
27.79650447157537 12.70682058647794 0
27.27676563196015 12.25162191383179 0
27.36841491818175 13.15868451589948 0
27.85162591826444 13.62788044139423 0
34.15293861542182 6.571353372787883 0
33.62450905931216 6.008043784752219 0
34.09262334121085 5.526779015610607 0
33.09469590554959 5.418919388547451 0
33.132157257361 6.493596493018934 0
32.60234410359843 5.904472096814168 0
32.6515389952402 7.005030656636677 0
33.68696404509851 7.068771115666634 0
33.20634578297771 7.580205279284376 0
34.22911213293195 7.627036674876347 0
27.75582717437605 23.05767074767523 0
28.25901990369148 23.54478377502726 0
28.73719138144323 23.04855001462501 0
28.22866024973996 22.56423510337134 0
23.59064386066584 4.624244025411013 0
22.98541016150028 4.973854006926938 0
22.64366762073511 4.337088336592936 0
22.01541899102524 4.631860025943482 0
21.74286967441683 3.975104386462872 0
21.28187460169764 4.989204880211782 0
22.33176225834384 5.303855106959528 0
23.3740887914228 5.721101931859653 0
26.69852057767239 21.15936670719459 0
26.19517089694557 20.71727970956177 0
25.72386710252487 21.18196550480642 0
25.22186957805115 20.72806320766036 0
25.25352084874159 21.65715439008995 0
26.23197333674457 21.64179482737818 0
50.21478935046364 19.0776692135999 0
49.71983032890201 18.5778109802494 0
49.25063256624202 19.06607979628205 0
49.74243506178159 19.56514539800919 0
32.59594594533095 4.831472634227961 0
33.08078751503411 4.378342420012764 0
33.57953747525274 4.965789174332254 0
34.03635776623223 4.500875426744408 0
33.5416076844399 3.95626369616047 0
33.97750243915008 3.50782536498097 0
33.07361396222248 3.389145356953597 0
32.61279379281669 3.811224080805893 0
48.619408283341 6.810825551848516 0
48.11548667682025 7.269817876599335 0
47.62976112779114 6.75961498896937 0
48.13368273431188 6.30062266421855 0
47.14518719035777 6.245462900412136 0
47.12292579450544 7.217406649394427 0
47.61250959191185 7.730905407984811 0
48.60416945473639 7.78025178380776 0
59.65766706710107 4.248821278925082 0
60.15863035155678 3.782292327356453 0
60.61874603749921 4.273484245631181 0
60.65159415560846 3.286105971546931 0
59.70493738397723 3.350121452985942 0
59.19719163560484 3.739170800186274 0
58.75971740618688 3.187224100785993 0
58.68639497765226 4.200160723817378 0
28.97789214570411 10.05673551266974 0
28.51508869639445 10.70689768760583 0
27.8781742900871 10.24319747443845 0
28.34097773939677 9.593035299502359 0
27.26066332914248 9.833131298769107 0
27.50914959408982 10.80143472860308 0
28.07882314789206 11.23941999237523 0
29.08416092267489 11.19364112850712 0
36.8234557172696 9.292565274198365 0
37.27385648878482 8.795383615769914 0
37.79641386645378 9.329491110294594 0
37.34601309493857 9.826672768723043 0
38.31589865077856 9.861947689824984 0
38.2486466186369 8.833799936227786 0
38.76813140296169 9.366256515758174 0
38.70219262755153 8.338967792718975 0
37.72527299568526 8.30023598633178 0
36.74848424610038 8.260300538759569 0
13.93163947018914 4.859101320520235 0
13.61368227095798 5.125736690979345 0
13.3797901939436 4.831788409456955 0
13.13954352653357 5.079472938009079 0
12.89781289621065 4.834030103958643 0
12.88169591458453 5.291353604150459 0
13.3761295615991 5.324053512600887 0
13.8045049528413 5.396568654977958 0
34.85733739401669 9.22371143887484 0
35.30919126226342 8.719059477919858 0
35.84265246178586 9.257229048623442 0
35.39079859353913 9.761881009578424 0
36.37125518177849 9.792841880150156 0
36.29485299727698 8.756952442671649 0
35.76463536398026 8.21894341688226 0
34.77458705913713 8.176125392344446 0
4.288682192452434 3.748633235388406 0
4.801492942916358 4.181777604197812 0
4.360035340316969 4.706307381117389 0
5.394209485986707 4.584607301531266 0
5.196284728012593 3.635850718701754 0
4.723262851419573 3.252191428485965 0
42.58233648356499 5.337462174776714 0
43.12154458539142 4.839832307956163 0
43.64770390844137 5.432703271980913 0
44.18657627328679 4.970957187870175 0
43.7260954566193 4.368905836004085 0
44.29520278473099 3.943251646602537 0
43.17842605587607 3.659334675082647 0
42.57387518464819 4.130261147034725 0
48.23488051287023 17.07727916897959 0
47.7380305299005 16.57619255233465 0
47.2745058461883 17.06625552928775 0
46.7776203754831 16.56468697233089 0
46.81125342379305 17.55737506645666 0
47.7687396945155 17.56643453406981 0
37.52304886229285 12.92262507810695 0
38.0308947051337 13.44649992782021 0
38.49024802546197 12.94361683937768 0
38.99905741045686 13.46575588623593 0
38.94691989536983 12.44245635185704 0
37.98086912926198 12.41841291198394 0
38.43754099916984 11.9172524244633 0
37.4716624028889 11.89121732660674 0
16.41728143344412 6.573986522908511 0
16.76869131180597 6.554482065958696 0
16.75892155844935 6.857354595928888 0
17.1360390755793 6.522343834716412 0
16.77084088764079 6.208344070484975 0
17.13818865141412 6.176205839242689 0
16.74525632187305 5.875672062323348 0
16.41951994231044 6.278797437953771 0
16.3939353765427 5.946125429792144 0
16.09961632538279 6.34686275309169 0
42.02649094944466 4.763326767789048 0
41.40597738888244 4.195160876464936 0
41.95336162408597 3.562095255710613 0
40.80797389755736 3.667240766966303 0
40.94673530106143 4.746797398773495 0
41.51033478744 5.292978398685108 0
41.02871593685367 5.827545977009954 0
42.06618032156034 5.867113805672773 0
54.59522983323514 18.67800705105681 0
54.10986313320397 19.15014792143101 0
53.61344546033378 18.65556105974525 0
54.09881216036495 18.18342018937104 0
53.11651903758494 18.15778980974689 0
53.13069141842935 19.12965129110079 0
53.62552047012528 19.62593417895557 0
54.60443843365657 19.64368609128621 0
40.54694449120527 6.33786775899922 0
40.08067140161808 6.844258348225823 0
39.53953765935228 6.306530255650868 0
39.08596571983588 6.810045689935016 0
39.61511069360147 7.344223815658122 0
39.15904267125426 7.843458211879604 0
40.14307837236066 7.88134070944716 0
40.60863908037727 7.381375242014862 0
19.23879160334739 9.627825520926722 0
18.86412296312846 9.44749605267253 0
19.04325323590526 9.142177343975989 0
19.41792187612419 9.322506812230179 0
19.17810974119054 8.809029950462049 0
18.6688496075926 9.0104137715331 0
18.80370611287787 8.67726637801916 0
18.34238871108044 8.908704627721644 0
18.53460193561496 9.314599729668041 0
18.68198055122797 9.69624409065319 0
47.23842173787339 2.579205760283557 0
47.66596396504711 3.015970044103327 0
47.24074843694986 3.417591840998812 0
47.69110816714333 3.902678666289756 0
47.21293708147014 4.333599079040589 0
48.172778800611 4.380165366892433 0
48.16528104469573 3.44020597559102 0
48.6469516781634 3.917692676193697 0
48.59693666298881 2.936433529684976 0
48.09761958334019 2.512197598197284 0
49.05852050393041 2.46759387577394 0
49.59247038652439 2.959731127967405 0
49.13088654558279 3.428570781878442 0
49.63396499407152 3.912753831419863 0
49.15003012665214 4.401875725735119 0
50.14817976671893 4.413102580068166 0
50.13743297166626 3.405700395442883 0
50.65164774431366 3.906049144091188 0
50.63378059213806 2.830234077467669 0
50.08881800699619 2.384264809992189 0
51.16635001128051 2.329710116098735 0
51.70577739434113 2.887660233120442 0
51.17320797519867 3.388184194489376 0
51.68410980836165 3.905179734998889 0
52.21905241654217 3.385609195953458 0
52.71864894343771 3.918389458406278 0
52.7759754021513 2.813521978421457 0
52.26270037995026 2.315573015588441 0
53.32754813894508 2.320950882988102 0
53.80896895804282 2.903546092394659 0
53.25739622124904 3.396117187828015 0
53.74148359588572 3.935924618165313 0
54.27752682601387 3.417962974992509 0
54.7487137936866 3.966978837615947 0
54.830656387693 2.84525589937985 0
54.36209851972195 2.330839016782001 0
55.74100000483831 4.008818288883797 0
56.26259485647745 3.512714322508746 0
56.72315832516568 4.067950984163533 0
56.78307179158654 2.976775960197445 0
55.80969662982784 2.974526451703582 0
56.33017356493692 2.438588089392281 0
55.36238806509976 2.364158397514281 0
55.27796495242108 3.455623953569152 0
12.91309893284542 18.66842481323422 0
13.14470274733235 18.40681304575456 0
13.41304509509989 18.63369743104271 0
13.18144128061296 18.89530919852237 0
13.69680076127668 18.83113785291838 0
13.60754710578827 18.34961099192887 0
13.89130277196507 18.54705141380455 0
13.79646017240017 18.09115542453077 0
13.37803917687032 18.16357009079864 0
12.88494552011178 18.20730877621368 0
35.90794160739949 0.2570501333993995 0
35.94270201339176 0.3636878020407082 0
35.85119287828381 0.4059273092399334 0
36.01926191676593 0.4646960382313345 0
36.03076896583782 0.2767986487268956 0
35.9813628789239 0.2113334348671181 0
36.0507329973487 0.1432954659966583 0
35.93417887934792 0.1238610587413618 0
57.70682493767108 4.132177463114814 0
58.22429690989951 3.666768427420138 0
57.75928546086463 3.143524108417587 0
58.294705957152 2.663979781783443 0
57.2989604436047 2.53486853351607 0
57.24339680884647 3.585431535098962 0
55.5682414983248 16.78141696234574 0
55.07678696963312 17.24687845159256 0
54.57833222268332 16.75443652695149 0
54.58639902347711 17.7149969837804 0
55.57418625906979 17.73892279512079 0
55.08379831291379 18.20704132730862 0
56.07099357198526 18.22786986275843 0
56.0659939944408 17.27039650290159 0
52.07341170267981 9.413819109488047 0
51.57996102750597 8.904431074481359 0
51.07760099222305 9.36307030559799 0
50.58313789958591 8.853371668147007 0
50.57728792335356 9.820805672652984 0
51.5732561760724 9.872210021187415 0
51.0729431072029 10.32994538824241 0
52.0679802515471 10.3811535997324 0
2.74822624128501 15.04680079284707 0
2.3189151420396 15.46867816972194 0
2.796382136669678 15.9053997467818 0
3.156897444603562 15.41654438874331 0
54.07267466331226 15.29522627300829 0
53.57338959033657 14.795067361186 0
53.08225443612736 15.25698372624524 0
52.58217184770186 14.75380596272899 0
52.59264427489741 15.72106059540299 0
53.58157307985083 15.75847577298547 0
53.09196291862088 16.22255264214322 0
54.08006916972955 16.25754655797877 0
48.65125764794367 4.877026559420111 0
48.15627450975231 5.33504317713999 0
47.67779566241964 4.838181984612312 0
47.17769215109828 5.280620982087983 0
47.65292203714463 5.793454878940647 0
48.63703520691956 5.842210962417894 0
52.09408137111635 15.21840846286199 0
51.59460424601161 14.71348271071755 0
52.08269472259713 14.24888021058456 0
51.09394860759075 14.20705367941605 0
51.10839276834457 15.18144222382143 0
51.60781401262007 15.68533989121366 0
21.55452388186801 18.95769140810257 0
20.99323426895638 19.11272052007568 0
20.8165494814033 18.58615022319397 0
21.37783909431493 18.43112111122086 0
20.70518844199584 18.03470235468591 0
20.23069319879818 18.67999577309693 0
20.11933215939073 18.12854790458887 0
19.59898899869071 18.74238967694051 0
20.31562093604427 19.27145016239299 0
19.6839167359368 19.33384406623657 0
20.51730354220119 19.96388271558778 0
21.19491687511329 19.80515307327046 0
41.08541270657189 6.88075220845508 0
41.60977974139687 7.419654307775977 0
42.09772093944253 6.924259071617779 0
41.56718415222031 6.370430426465814 0
50.13801786305147 5.407257605107777 0
49.64082924613809 4.899532152580917 0
49.14205676742962 5.37468298626591 0
49.62978456824951 5.881219080057852 0
49.12476300773945 6.348747056209836 0
50.1202274118738 6.393976530173109 0
44.86903819690875 16.54932473856995 0
44.41059472101559 17.0450789384418 0
43.91589773570315 16.54349507898491 0
43.45719933564449 17.04032133744505 0
43.9494681720177 17.54148608021369 0
44.9040955259935 17.54567018900629 0
4.788734254027119 22.63973156837601 0
4.355602469915638 23.13852772650882 0
4.855487619052838 23.59370491329387 0
5.337930479780717 23.06348031994202 0
52.06764712663675 11.34628015508721 0
51.57073981382244 10.83873053681164 0
51.07360093410346 11.29720082125501 0
51.57189319386356 11.80524842613719 0
51.07645022690228 12.26477934895395 0
52.06944468398656 12.31283673710705 0
50.08265620284648 9.311937356204881 0
49.58934911041234 8.801443247308629 0
50.08983080715178 8.342877559250756 0
49.0950100012783 8.29078669844419 0
49.08861351158443 9.262137929523368 0
49.58403671985613 9.771064446248543 0
21.95280883302567 2.499479576976006 0
21.73759198819488 2.035716914839663 0
22.21156835911651 1.715058156655683 0
21.67295357717705 1.670266767421454 0
21.38502584587888 2.165869897577604 0
21.32038743486105 1.800419750159396 0
20.79482545243466 2.278306252819657 0
21.40172459431193 2.736579045781845 0
20.8115242008677 2.849015401023896 0
21.56655004481301 3.31347997800853 0
26.28528975142635 5.041667342133675 0
25.82566896798595 5.416870791925732 0
25.43684959242624 4.955169908082688 0
25.39768995259494 5.799883074546305 0
26.2215990172251 5.84657095904759 0
26.68148017881577 5.531326868740933 0
27.00884612927166 5.992827051000269 0
27.219600114182 5.106067210709273 0
26.3592238036944 8.415324175047376 0
25.99053496023989 9.053993021219402 0
25.31822602968158 8.659817230032676 0
25.68691487313609 8.021148383860652 0
24.65700897878219 8.302538994088117 0
25.01787137663067 9.251023395298779 0
24.35665432573128 8.893745159354221 0
24.70597058803286 9.821098162206454 0
25.65071089772722 9.614725330795507 0
26.62433339778518 9.443890956275215 0
18.47190349432468 14.19646058156862 0
18.56236803231503 14.48522607054042 0
18.29860557709316 14.57587490311519 0
18.66385556538626 14.7719663229526 0
18.85073265450705 14.38650792773915 0
18.95222018757828 14.67324818015133 0
19.1270987535053 14.27480819662129 0
18.72568704682303 14.10794360511724 0
19.00205314582129 13.99624387399939 0
18.60624307621282 13.84813525589993 0
28.04222297793212 6.73008756996658 0
27.77360010528153 6.234968512550877 0
28.25885872842208 5.990733092770135 0
28.52748160107266 6.485852150185839 0
28.67792531256798 5.834725861439757 0
28.05778911350661 5.529931088235466 0
28.47685569765251 5.37392385690509 0
27.78056682666417 4.897764395819109 0
27.49682240102444 5.73823390312563 0
27.28562383352876 6.489561660425514 0
35.01418990480366 0.4686661039547069 0
35.10279944856632 0.3542965090606351 0
35.22712350820515 0.4863405752910648 0
35.23824261592407 0.3588402710643184 0
35.16267999261095 0.2838174252976948 0
35.19063667154843 0.1867885291170168 0
35.08170682542081 0.1720529943500466 0
35.02182628137617 0.2425320781129852 0
15.74837453584995 17.34370006810301 0
15.63792521778613 17.63983270775765 0
15.37708925509111 17.5322204167131 0
15.51999494092681 17.93933343735207 0
15.93016318373648 17.7630774571326 0
15.81223290687715 18.06257818672702 0
16.24665497499646 17.86793258409777 0
16.01930616957684 17.44206841889671 0
16.33579796083682 17.54692354586188 0
16.08007582324564 17.14765243292247 0
31.28304731161012 8.735526096849501 0
31.84672882155408 9.202333908209592 0
31.45165570030908 9.739310300633559 0
32.42151776972328 9.723163337241216 0
32.28201415286029 8.66323983034323 0
32.85680310102949 9.184069259374853 0
32.74304582729741 8.104612530424511 0
31.68649847988042 8.113841739705535 0
32.14753015431754 7.555214439786815 0
30.97366711016806 7.600723653607954 0
52.07513734880254 13.28052405497872 0
51.57635427408428 12.77327110687105 0
51.08426681099819 13.23584711682001 0
51.58394786698102 13.74268582841934 0
27.59233651916355 8.042238219232537 0
27.35195105447694 7.668011906006456 0
27.77672126539759 7.437025952777514 0
28.01710673008419 7.811252266003594 0
28.28285636698441 7.212834406623843 0
27.53608787634529 6.954279116120251 0
27.04596780328727 7.18167653687006 0
26.76162688562598 7.946132294073439 0
41.55907623638373 0.1403214505702799 0
41.60139953814786 0.2169780937854675 0
41.52007616126026 0.2661272144767608 0
41.55732634347313 0.3857159126184193 0
41.41051924964265 0.4284820860951015 0
41.69420088887723 0.4882732762337838 0
41.67200312593747 0.2741049356937424 0
41.80887767134157 0.3766622993091069 0
41.74629251517 0.1877846321260588 0
41.67568892738039 0.1306577902177821 0
15.38448678268857 5.93648830940549 0
15.66690346038444 5.808365256755048 0
15.76995525085098 6.135789170291194 0
16.06042738671489 6.031936005511568 0
16.0168221869493 5.693793345177202 0
15.56834773288405 5.40351208538463 0
31.01458888812448 10.24523949706578 0
30.55535130281262 10.71837578372771 0
30.05537687396799 10.19832723875284 0
29.54435346745588 10.68417501900431 0
30.09154300497551 11.21316038531124 0
29.63135046019452 11.72262649481405 0
30.62104310005061 11.7461184220565 0
31.08485139788772 11.25133382047298 0
54.08942293882156 17.21949862936794 0
53.5911598858678 16.72260866039522 0
53.10425734403714 17.18960199862445 0
53.6018360757094 17.68792183495858 0
7.975165621820175 16.35243574338733 0
7.689353192267287 16.35366908415392 0
7.69101248416905 16.06028578989524 0
7.377291678101379 16.36768253104095 0
7.711472640134062 16.69390063001283 0
7.399411125968157 16.70791407689986 0
7.762875347233049 17.01043269057857 0
7.998707348829157 16.6402133610375 0
8.050110055928148 16.95674542160323 0
8.256011596809344 16.60078470177084 0
35.00679569428956 11.31452997434715 0
35.46175227562219 10.80510058673772 0
35.98232523755343 11.33632528151922 0
36.43776925734681 10.83057231935406 0
36.95696376730868 11.36131218207558 0
36.89301810280399 10.32662036264414 0
35.9160063363213 10.29679383686009 0
34.93654453284002 10.27018775945606 0
32.09627526878295 0.1937144917812663 0
32.13428862119456 0.1668255196291657 0
32.16784654627681 0.2020740178588909 0
32.1298331938652 0.2289629900109915 0
32.20322910924835 0.23724251489298 0
32.21135665467585 0.1643201923930473 0
32.17547738946428 0.1335913121954988 0
32.21902214006699 0.09674301362603899 0
32.13693545170136 0.09823754841455923 0
32.09574668343164 0.1314717558482243 0
33.30471700180333 8.659862522958459 0
33.85943232677992 9.197636324319332 0
33.41151842600609 9.721843060735726 0
34.40327783710781 9.736803773907747 0
34.3134918836888 8.684543989286425 0
33.76801695748362 8.135455271818326 0
55.58734797001175 19.66099499296805 0
56.07691334918111 19.18726961532206 0
55.58063168165989 18.69864413879826 0
55.09206320198125 19.16960986254644 0
17.1173401350061 16.97197443759673 0
17.10825179354028 16.62611518215135 0
17.48054340879649 16.61991812172921 0
17.48963175026231 16.9657773771746 0
17.84147573601734 16.58241289964366 0
17.43498410616204 16.28585120347775 0
17.79591643338289 16.2483459813922 0
17.40783353181291 15.97476623715234 0
17.11834372212256 16.29690133572496 0
16.7543350860307 16.64104011107447 0
54.88452656755109 0.08485749965940315 0
54.92345276680774 0.1403773693083146 0
54.94138651201452 0.08251767609092653 0
54.91270810285127 0.04418484509345433 0
22.24440387937577 13.79376345942864 0
22.69582999701704 14.22619729124737 0
23.17962887122768 13.82504131195953 0
23.6359144029332 14.31906245068465 0
23.74682263864853 13.32087218789202 0
22.63475094450263 13.28053007541724 0
23.20194471192348 12.77636095134973 0
22.01149339554955 12.8178559456168 0
19.7046562520403 20.63231967044598 0
19.69836858643584 19.95367278940065 0
19.02712004350745 19.94206007514848 0
19.01266819300841 19.3222313519844 0
18.34334665368169 19.84162585322325 0
18.95097212802378 20.56943934978007 0
18.26719873819803 20.46900512785484 0
18.90861184554488 21.3483741440306 0
31.16857717556194 13.29691265925359 0
31.6477206204817 12.80033510882521 0
32.15193146552726 13.33243918929991 0
32.63229547132564 12.8288784071078 0
33.14206934710009 13.36102941896747 0
33.10360418158147 12.32338721776314 0
32.11758501478194 12.30124735876261 0
32.58889372503779 11.79575616941795 0
31.60685242783656 11.77410437301422 0
31.13698803353631 12.27319212307682 0
45.36367114445443 17.05068065672584 0
45.85633287103597 17.55103076973514 0
46.31756629358075 17.05748305742252 0
45.82195719574415 16.55637247722829 0
40.86519963119238 12.48882066599485 0
40.41244937260609 12.98527674387052 0
39.90657693629177 12.46578872976109 0
40.35932719487806 11.96933265188543 0
39.40007514260324 11.94351835906324 0
39.45342168905836 12.96472672255489 0
39.95914246895889 13.48392418943147 0
40.91786769575965 13.50189590080386 0
44.24777565938511 13.05519239414932 0
43.74550048887674 12.5475637059035 0
43.28656857094613 13.03951006463066 0
42.78245886193488 12.52974491417033 0
42.83056566863256 13.53340453090652 0
43.78858108932511 13.54724897310089 0
57.31885722051382 0.9919706772141925 0
57.49892653535401 0.7854816776898979 0
57.71197307040364 1.017486156878366 0
57.53190375556345 1.223975156402659 0
58.01288092376788 1.179056331106967 0
57.81734430308294 0.7448957868653316 0
58.11825215644718 0.9064659610939323 0
57.89902736599527 0.5498410667933165 0
57.63740120439252 0.629141360899176 0
57.71908426730485 0.4340866408271609 0
57.45795966526742 0.4282853245801697 0
57.31948499622891 0.5846256413708932 0
11.28639020134128 18.42873257987046 0
11.48377218085167 18.2785786731996 0
11.64081955387358 18.50428259273653 0
11.85625556918417 18.34567750052355 0
12.01038319034102 18.58176131530939 0
12.05521979117245 18.18034752637782 0
11.69675783132572 18.13366538042981 0
11.32001267700718 18.06661496988316 0
11.71262124263532 5.36109803301273 0
11.88080700485742 5.152303635721793 0
12.06390781553635 5.322870196424958 0
12.03780761462439 4.935575135234359 0
11.68464386338732 4.995521414414803 0
11.53293517593647 5.178590650234959 0
23.5895426105947 18.653411424199 0
24.10472277369418 18.98443909150149 0
23.69672049792575 19.4523195488573 0
23.18154033482627 19.12129188155481 0
23.21954535239735 19.91325848752618 0
24.2001406240253 19.85811177626178 0
23.7229654784969 20.31905071493065 0
24.71408561056771 20.2845943381872 0
24.69107615929947 19.3816558179225 0
24.63209530998942 18.39676571119084 0
29.16770923485237 15.16326863516091 0
29.69429287910314 14.71702387717399 0
30.1443299883599 15.26990990842851 0
30.67164591536156 14.79604330588811 0
30.18717159862842 14.25873329161549 0
30.68948608291458 13.78287403978102 0
29.72135394212289 13.72915475290188 0
29.22847522259761 14.18744533846038 0
48.31407691100209 0.1652333859735986 0
48.36559514656958 0.2590672923186368 0
48.28939249886283 0.3076563722454608 0
48.35067411583751 0.4419299571183952 0
48.21153762562452 0.4755738905474267 0
48.45018796840296 0.5656159187447702 0
48.44412316517734 0.3471991903037797 0
48.5436370177428 0.4708851519301547 0
48.51755500665632 0.2566825919402262 0
48.43902698804856 0.1685506939550869 0
26.89188464019873 12.71744213367226 0
26.37708537729355 12.30063693200631 0
26.03961571361211 12.73518823090186 0
26.47532357656339 13.14632399775548 0
26.07795604214608 13.53113869403215 0
26.95185385454642 13.58756637998269 0
49.88302746517137 0.5286268951171742 0
50.1124425147004 0.6426787566831802 0
49.98926169178799 0.8749472253655064 0
50.36689808358415 0.6415892985846554 0
50.11854991792296 0.427407096068432 0
50.3730054868067 0.426317637969909 0
50.13811630578229 0.265932648435184 0
49.94734716263211 0.3910811398624894 0
49.96691355049145 0.2296066922292397 0
49.77407035901962 0.2999283625023015 0
33.04391738542379 11.28500531023621 0
33.49739451642349 10.7704568193008 0
34.02295311557064 11.29774320056188 0
33.56947598457094 11.81229169149729 0
34.54904481957195 11.82770153635714 0
34.48070399028826 10.7845716385519 0
33.94743729455605 10.25118765300358 0
32.96147564787353 10.24111222703294 0
21.8174569568201 17.41602051279134 0
21.20870038517387 17.41555480588099 0
21.23050387516039 16.80217843679122 0
20.62552808224217 17.49565514134191 0
21.28836074492755 17.954602019225 0
21.80562984064911 17.86683650228398 0
20.34894659196581 3.747303569698175 0
20.42936138238319 4.374959354169508 0
19.81565818124325 4.507356608899634 0
20.58389907060611 5.162605739466393 0
21.12733691347472 4.201558494914899 0
20.9510172838709 3.539934086460555 0
8.55205753601075 16.83370994960291 0
8.312912971536623 16.88950749396366 0
8.374516950937899 17.18081040704174 0
8.643043041406099 17.12237153119258 0
8.704021068674155 17.39922263625194 0
8.908910772292941 17.08364782342258 0
8.549852950537588 6.098919801496038 0
8.559077907029081 6.411550178142125 0
8.233300052591993 6.435785056980022 0
8.224075096100499 6.123154680333935 0
7.965096318430412 6.491894181354987 0
8.273887598026402 6.710106166864671 0
8.513921187398431 6.702288450709069 0
8.863081986528435 6.414275485600008 0
39.2230831871198 8.87116208667843 0
39.73906075399773 9.401781960411697 0
39.28410896983962 9.896876389491441 0
40.25195309836287 9.93157102357595 0
40.19879074331723 8.908399419065569 0
39.67993323082252 8.375652505839057 0
20.55556948344976 7.826474155301632 0
21.09163390993644 8.032916482190306 0
20.9148456201865 8.522348903217276 0
20.37878119369982 8.315906576328603 0
20.70234879373727 8.992141286145088 0
21.44058234982258 8.779246913924938 0
21.22808552337335 9.24903929685275 0
22.00710501232006 9.048517835443084 0
21.66000864833164 8.2593037493523 0
22.22653131082913 8.528574670870446 0
21.84878388117522 7.733245960850038 0
21.28040914278002 7.506858693688043 0
24.08288529684018 9.47223035343154 0
23.44716700755948 9.133904828783733 0
23.72093603645058 8.555419634706414 0
22.8381776598285 8.810866758985062 0
23.18643126077281 9.688450881677859 0
22.57744191304183 9.365412811879187 0
22.90201214571562 10.24150890476646 0
23.79434584843104 10.0385623324002 0
38.89038447198735 11.41785316128708 0
39.34222952318623 10.92045733212395 0
39.85192019380213 11.44612252990011 0
40.30546291531228 10.95096796346757 0
39.79589272598414 10.42493255651437 0
38.83044576704171 10.39240116510102 0
17.7464035145175 7.223435214423624 0
17.4157076936819 7.197137904502038 0
17.47127933717572 6.872061056856831 0
17.80197515801133 6.898358366778416 0
17.49909739659098 6.526720410387511 0
17.10822101616405 6.867684481185732 0
17.11372647232784 7.198503620608893 0
17.39317436912758 7.512817914493696 0
59.62022074996433 0.2456005144134696 0
59.64479708184385 0.1683736938813798 0
59.71662795375071 0.1933097198138896 0
59.69205162187119 0.2705365403459794 0
59.7884945999836 0.1986020080376285 0
59.72046986533275 0.1173420580066793 0
59.67247986820874 0.108603887263822 0
59.58901134047215 0.1442985987055323 0
53.21675435319354 0.1095358984953734 0
53.1700917616313 0.1274321508892342 0
53.14595343900864 0.05324686332982687 0
53.10621530717061 0.1469434591655201 0
53.18578681716423 0.1998492222829711 0
53.12191036270355 0.219360530559257 0
53.23840233910173 0.2764237254928865 0
53.25134545376108 0.1599369787594398 0
58.20550231273607 0.1344356137031859 0
58.16179221241062 0.1631046198223931 0
58.10426156616951 0.07012217219105565 0
58.09531851836478 0.1996355823559313 0
58.21350959858536 0.2618212716255908 0
58.14703590453951 0.2983522341591289 0
58.31805548465532 0.3542686777814339 0
58.27025210531185 0.1910743083480284 0
58.37479799138181 0.2835217145038698 0
58.30176600085075 0.143720644271907 0
45.84556684236826 0.1401714679239614 0
45.79380165382624 0.1689968180820607 0
45.77435907962521 0.07366058506485373 0
45.72155163407792 0.2116331753324996 0
45.81548500788612 0.2610762185355409 0
45.7432349881378 0.3037125757859798 0
45.85940238507384 0.3357594929377221 0
45.87775015714695 0.2010206649430657 0
38.37725358167957 10.88972258857825 0
37.86270646541642 10.35926911330221 0
37.40971147328185 10.8592167072233 0
37.92441010886207 11.38912185175447 0
50.10371439894537 7.370199763358631 0
49.61402962644257 6.858069086925187 0
49.10867490204411 7.320147582563866 0
49.59951544858601 7.830682497200296 0
42.32754415092244 13.02276884906534 0
41.8236346021622 12.5097060166755 0
41.37018916731009 13.00471439193393 0
41.87380639452707 13.51794594648647 0
40.79579182883546 0.2256377743026867 0
40.84310915010978 0.1551851523819536 0
40.90394141900296 0.1943334790895896 0
40.85662409772865 0.2647861010103227 0
40.97587773661628 0.2080970486365086 0
40.92683944483201 0.1172193600017692 0
40.88211712070231 0.1041218055944224 0
40.79768210957927 0.1264631291469485 0
48.60972948420051 0.3544452066712225 0
48.71867501044986 0.4589002222388547 0
48.75848224627443 0.3275033000495036 0
48.67118285171139 0.267858117890281 0
48.71033690835724 0.164134299780212 0
48.5790083741672 0.1700955031592866 0
25.51287029307278 14.8215965201543 0
26.02479637970714 14.36383218848312 0
26.48323968143201 14.82162824406205 0
26.93200146930843 14.44694893611615 0
27.35030378596975 14.89437586559207 0
27.39091993737335 14.04414763537441 0
26.4929353864815 13.99036768072443 0
25.60981703537172 13.90460320179084 0
4.868222076216753 9.402801800867419 0
5.024133579685373 9.014657665156264 0
4.636870380540053 8.791944433297552 0
4.422681924912908 9.224656192734162 0
3.992242235429355 8.978388217022676 0
4.262973718219737 9.724646665821233 0
5.640304741198968 11.34975466819598 0
5.855946672888926 11.54683799274432 0
5.642567996748799 11.76032347543875 0
5.862663744142736 11.97450062466412 0
5.657480577444232 12.17660153890702 0
6.070564925757502 12.21148441358882 0
6.05145671113852 11.7546755985429 0
6.063847854503699 11.30050300673359 0
3.420770713693081 7.851404208614595 0
2.997846557967357 7.344268036109376 0
2.518603377005132 7.853455999957889 0
3.064610328475879 8.296868750626514 0
2.629434993332389 8.895822436892672 0
3.504278646288419 8.686324367044609 0
33.12377750293984 0.5177143137557998 0
33.25007117854988 0.3971320585227129 0
33.35420510993838 0.5437152800574445 0
33.22791143432835 0.6642975352905331 0
33.50991728101987 0.6362226479779913 0
33.42599107780666 0.3783880024609445 0
33.58170324888815 0.4708953703814895 0
33.48103764556378 0.2625807290135995 0
33.33924522674211 0.307609349325018 0
33.39429179449922 0.1918020758776748 0
33.26575919713544 0.1887171418518712 0
33.17658514894322 0.2782398510495661 0
37.67820692777369 0.03751018348302004 0
37.66463868798667 0.07907021642520462 0
37.63086875753199 0.0415600329421828 0
37.65321326960363 0.130029090041953 0
37.70575795635951 0.1128040679134266 0
37.69433253797647 0.1637629415301767 0
37.73662096495151 0.1364041820423605 0
37.71197573224656 0.07183770756827812 0
24.6160078031822 0.0692951645926243 0
24.63782246332811 0.052226748532334 0
24.64992512596686 0.08048735984632316 0
24.62811046582095 0.09755577590661346 0
24.66485217315033 0.116286916681112 0
24.67997181390175 0.0574225925761418 0
24.69489886108522 0.09322214941093065 0
24.70699976651308 0.03033585670386074 0
24.66263871405534 0.02708673587228105 0
24.62018374927277 0.02514001266005117 0
26.32007455200606 0.1041889100021152 0
26.34279571214291 0.06629598928799574 0
26.36941928819954 0.09635155051565647 0
26.38976586691856 0.06154841898402275 0
26.41553013420376 0.08933040278261828 0
26.41098023035478 0.02948667748904299 0
26.36578563656377 0.03206174149497798 0
26.31934340891246 0.03423424779301598 0
26.84761844221028 0.06546050396977421 0
26.87198487123614 0.05178421518865761 0
26.88381257499921 0.08201034553376552 0
26.85944614597335 0.09568663431488211 0
26.90763961877308 0.1281517036558419 0
26.91855114486291 0.05910652931925853 0
26.94237818863678 0.105247887441335 0
26.94439029801495 0.03118223687681621 0
26.89716084684797 0.02792429244244232 0
26.85315735772151 0.02385992274621529 0
23.80585584239066 0.09128047433044983 0
23.83324002907766 0.05885173669940968 0
23.85519768375481 0.08709391135353606 0
23.88036795298555 0.05625948497230659 0
23.90162488889594 0.08304259370814293 0
23.90570545013023 0.02734583151613101 0
23.86032916952198 0.02891365345617558 0
23.81391085955568 0.0299380832432341 0
28.24275266944613 0.1249233983457589 0
28.28600822276741 0.08603165494540832 0
28.3015357206191 0.1444004532957237 0
28.25828016729782 0.1832921966960761 0
28.32800506437264 0.2006124393908841 0
28.34100501350504 0.09181337639440557 0
28.36747435725857 0.1480253624895642 0
28.3719662841544 0.04620045800377071 0
28.32137206268397 0.04561291839063308 0
28.27230282675012 0.04041873655477524 0
27.65184746293426 0.08110276290235241 0
27.67704782132163 0.0526569923190543 0
27.69855859142342 0.07730533654646621 0
27.72266314044533 0.05031759930425572 0
27.74305969052168 0.07430644239166462 0
27.74721308778667 0.02452698655888952 0
27.70245005265867 0.0257906127453662 0
27.6569311019963 0.02686637957368809 0
25.51599908337445 0.1013880161567755 0
25.53757387689564 0.06164255190754808 0
25.56704122255811 0.08738258436240187 0
25.54546642903693 0.1271280486116275 0
25.58765157196667 0.1057434024422754 0
25.58281009894428 0.05629521151384154 0
25.60342044835284 0.07465602959371687 0
25.60457158215712 0.02704359831879088 0
25.56123851678716 0.02925161319505065 0
25.51466869344181 0.03239093871249921 0
27.47371655747581 0.06115693597195815 0
27.49552064980409 0.04580162068298677 0
27.50644059558016 0.06974608747080069 0
27.48463650325187 0.08510140275977029 0
27.5195453817419 0.09986471733657254 0
27.53693886694778 0.04964153348324452 0
27.55004365310952 0.07976016334901637 0
27.5646473251176 0.02609682608933994 0
27.52062487516351 0.02354470739390457 0
27.47856244130725 0.02225691328908397 0
25.94275573807086 0.09828846364448651 0
25.97453823148927 0.06571427619518033 0
25.99600919833048 0.1034946691814316 0
25.96422670491208 0.1360688566307378 0
26.02093491827013 0.137818112759545 0
26.02384078283529 0.06551269802282711 0
26.04876650277494 0.09983614160094056 0
26.05008800136158 0.03210176088524719 0
26.00341944814038 0.0334109371375817 0
25.95611878334889 0.03230333905760041 0
23.98395050777322 0.07195176189053853 0
24.00982643914337 0.05698650381862791 0
24.01908246903812 0.09078722372614223 0
23.99320653766797 0.1057524817980564 0
24.04118328730848 0.1425798545727268 0
24.05661729385368 0.06491712961871698 0
24.07871811212404 0.1167097604653016 0
24.0842468473428 0.0341405925409255 0
24.03670377984422 0.03077653707779149 0
23.99278932596582 0.02620996674083642 0
26.49618514628808 0.07354179400483929 0
26.51954117713268 0.05708534043610847 0
26.5345201791319 0.09022147344668952 0
26.5111641482873 0.1066779270154186 0
26.56360424850961 0.1378961824990554 0
26.56669398671833 0.06312040867768864 0
26.59577805609604 0.1107951177300563 0
26.5898364140347 0.0327734918849778 0
26.5425242393503 0.03034691679271262 0
26.49801693778238 0.02673842364339762 0
24.41701420941332 0.09501895498505064 0
24.45261944855098 0.0626778159689394 0
24.47389533080004 0.09844842351863647 0
24.43829009166237 0.1307895625347495 0
24.50016654054025 0.1294196254592546 0
24.50397261172005 0.06164253384942953 0
24.53024382146026 0.09261373579004584 0
24.53135962810685 0.02995448950442281 0
24.48361298361321 0.03168804434500494 0
24.43533979827111 0.03098977162393446 0
26.68488380226625 0.06668549042579563 0
26.70268098712491 0.04779972581735237 0
26.72160532890344 0.07037363637441807 0
26.70380814404477 0.08925940098286134 0
26.74330298677937 0.09612672930498434 0
26.74464737730919 0.0471694213460232 0
26.76634503518511 0.07292251427658769 0
26.76641215441947 0.02372485617745923 0
26.72256855622305 0.02344456516856397 0
26.67977909756853 0.02435516064878662 0
28.71463796611352 0.06882677672709647 0
28.74343450191391 0.05405775348510922 0
28.75645672478224 0.08631531806196335 0
28.72766018898185 0.1010843413039506 0
28.78467087500723 0.1337484304304297 0
28.79357090485505 0.06103165412614686 0
28.82178505508004 0.1084647664946132 0
28.82054279823987 0.03195790725301073 0
28.77202810661517 0.02907374687313435 0
28.72573972863207 0.02498400661197309 0
26.1318740049181 0.07628051833245841 0
26.1546509547545 0.05764527930725727 0
26.16597306577435 0.08943388180070322 0
26.14319611593794 0.1080691208259044 0
26.18059228076919 0.1297525438034555 0
26.197253804436 0.06372516489988556 0
26.21187301943084 0.1040438269026378 0
26.22513126005071 0.03369590922108223 0
26.18045587771862 0.03002925567880155 0
26.13786174370255 0.02761602362845395 0
25.03509681965499 0.07391791436314499 0
25.06709343256871 0.0593204620351635 0
25.06987322316385 0.0951828163708015 0
25.03787661025013 0.1097802686987848 0
25.08369740050933 0.1520981624640498 0
25.11542455310742 0.06898854951014144 0
25.1292487304529 0.1259038956033898 0
25.15009397675281 0.03657220203146494 0
25.10166390968796 0.0324163474786765 0
25.05709618954743 0.026904114556487 0
23.63684110980297 0.04079745276572133 0
23.64272711957022 0.07025546581455799 0
23.60616392102862 0.08014219022404845 0
23.65422015926422 0.1051795971070604 0
23.68307351996005 0.0506559623261591 0
23.69456655965405 0.0855800936186597 0
23.71834343607657 0.02762014662272705 0
23.67173008388348 0.02303581570343205 0
27.27365520329216 0.08914758465549077 0
27.31059387838266 0.05829086752778423 0
27.33069242119442 0.08955540918146632 0
27.29375374610391 0.1204121263091729 0
27.35661550963425 0.1161217892832411 0
27.36241786368226 0.05624421495150145 0
27.38834095212209 0.08281059505327804 0
27.39010352751414 0.02714533169444344 0
27.34198100283479 0.02909888325705978 0
27.29361287554787 0.02919198427072445 0
27.8226797922358 0.06542614545376857 0
27.84775631965482 0.05250091158869807 0
27.85376207346466 0.08328976623889695 0
27.82868554604563 0.09621500010396744 0
27.86694157930362 0.1333443097244764 0
27.89208575127825 0.06117646610540461 0
27.90526525711721 0.1112310095909841 0
27.92212203583189 0.03259628017630156 0
27.87563038211302 0.02858018592910305 0
27.8331259375418 0.02392072565959324 0
23.2785190619201 21.70206330229432 0
23.75252269142546 21.22821498905522 0
24.26848980578779 21.6819015885203 0
24.74270012307948 21.20390007026992 0
24.23491615559604 20.76043120079677 0
23.24057201432632 20.7868345031891 0
42.48129948789236 0.2452783921991575 0
42.5481592649631 0.1878739080333247 0
42.597141780991 0.2423959003641105 0
42.65536094192002 0.1680096062531238 0
42.72714970304076 0.207444796269769 0
42.70181752195903 0.113470900708025 0
42.60244058485924 0.145212175043314 0
42.64889716489824 0.0906734694982152 0
42.55685905797367 0.1012907386588839 0
42.50257773807753 0.1439524716488947 0
49.4288599327848 0.08980976696655318 0
49.42911743513625 0.0543717128489547 0
49.45882742562903 0.07517806635728874 0
49.45856992327759 0.1106161204748854 0
49.47665493477346 0.0919833386250879 0
49.4641326261689 0.04632977436319585 0
49.48196013531333 0.06313504663099678 0
49.47862758357309 0.02110352994818143 0
49.44026375573247 0.02522624441501442 0
49.3987062263206 0.02914546843394206 0
31.05045527900763 0.101566643990072 0
31.08126811647813 0.06622258490013877 0
31.1077584675582 0.1028531508755783 0
31.07694563008769 0.138197209965508 0
31.13715194798705 0.1336255128974173 0
31.13188862592713 0.06402217692994228 0
31.16128210635598 0.09479453895178125 0
31.15599730529967 0.03083559162817018 0
31.10893421606982 0.03318658530177387 0
31.06047062963083 0.03303599959836667 0
57.19141098879109 0.1116960486825178 0
57.2189447564285 0.07063795592177335 0
57.24686801090804 0.1056835053642313 0
57.26985847557387 0.06567698021128088 0
57.29818154486764 0.09588531864908134 0
57.29273678680168 0.03106103316151732 0
57.24555332416089 0.03461594704976179 0
57.19691690143647 0.03602200887200979 0
34.72273062387482 0.03960726288909022 0
34.71574565729291 0.08876844179136256 0
34.67364506022773 0.04916117890227056 0
34.71179218350971 0.1554812416140443 0
34.77001209942112 0.1218878471593356 0
34.76605862563792 0.1886006469820174 0
34.8142909049911 0.1352376487899711 0
34.76193835505039 0.06689628315946372 0
28.91393693652577 0.06675714245408493 0
28.93251919407784 0.04840177275716684 0
28.94957758159019 0.07138130277318666 0
28.93099532403812 0.08973667247010475 0
28.96779328735206 0.09871060195684933 0
28.97385709544964 0.04949539251127888 0
28.99207280121151 0.07682469169493977 0
28.99751098291179 0.02549576397635178 0
28.95401277920451 0.0239996285349271 0
28.91150641487333 0.02440214422223974 0
21.76298463247736 21.30099205577113 0
22.28471143034785 21.72675961629011 0
22.7524858695589 21.25213150443347 0
22.23276206503837 20.80380347378043 0
22.72084820980579 20.33850647253605 0
21.6041362926999 20.323417917377 0
29.69335942387128 0.07102533136359135 0
29.72413316968881 0.05630131251022341 0
29.73273275613236 0.09018396765224601 0
29.70195901031484 0.1049079865056139 0
29.75571029782466 0.1416694434364771 0
29.77437608478679 0.06432690467562807 0
29.79735362647908 0.1158123804598592 0
29.80466640835035 0.03384579877043237 0
29.75556758528362 0.0304811059051957 0
29.70951732703253 0.02582020660502771 0
57.60317044713297 0.03330289770168093 0
57.57003374796864 0.06613737968151767 0
57.54963809976326 0.03283448197983496 0
57.52422704342771 0.1038268546855541 0
57.59864637720906 0.1074482948285578 0
57.55283967266814 0.145137769832596 0
57.64422039329447 0.1312002106743684 0
57.63143883237225 0.06217202666491062 0
12.43676387598236 5.294915788859811 0
12.67757967783601 5.080716303128712 0
12.44196043626291 4.868757999001858 0
12.66219365463756 4.622071799831788 0
12.22183926506803 4.694318281812297 0
12.25792878581927 5.110014852423921 0
30.41852497263809 0.0956602360436829 0
30.44784626850345 0.0614956023890727 0
30.46855747098094 0.09090769665395015 0
30.49590219533149 0.05901365850293061 0
30.51679124449062 0.08711174996011906 0
30.52315038384287 0.02876280700683509 0
30.47710837985322 0.03025085149609552 0
30.43018829079499 0.03124475089297718 0
17.68774329183119 1.469373188138832 0
17.14312494243391 1.926459957594005 0
17.53400649314536 2.38794365040493 0
18.0913940082211 1.93085652118091 0
18.50570367326612 2.452630210655768 0
18.63433295513568 1.461483333042079 0
31.86014250747819 0.06197122497595586 0
31.88580798693435 0.04646828722760432 0
31.89915684270804 0.0719713793459924 0
31.87349136325188 0.08747431709434217 0
31.91867076831053 0.102001658523438 0
31.93317881597177 0.05002774558408163 0
31.95269274157426 0.08005802476152724 0
31.9608919772939 0.02606613802251267 0
31.91364072607732 0.02396160756156895 0
31.86861498203664 0.02250667966603537 0
9.972923748648352 4.494159827095663 0
9.51542847374516 4.446832382952675 0
9.599528803501862 3.991458087227148 0
10.05702407840506 4.038785531370136 0
9.634381221739844 3.382447274856542 0
9.05829577011357 3.976168754435404 0
9.057676245114884 4.464916890616315 0
8.570396873944727 4.481908666796137 0
9.041838427990378 4.982727727045908 0
9.499590656620654 4.964643219382268 0
28.67763688897734 1.024298957559132 0
28.44859085999377 1.167329672092997 0
28.31538951325645 0.87050849375205 0
28.01522339710515 1.393545015919578 0
28.65292775485977 1.550850251743748 0
28.90052644466672 1.246179271165961 0
46.87783120684198 0.09179401577951296 0
46.8957044698726 0.05572496289588535 0
46.91894330965733 0.07901432194679714 0
46.90107004662671 0.1150833748304247 0
46.93540294696075 0.09658748651662918 0
46.93616416985006 0.05138091899009112 0
46.95262380715348 0.06895408355992494 0
46.95894652583718 0.02483973912497284 0
46.91723104883857 0.02654117986512006 0
46.87358065963987 0.02918378303076707 0
5.843273457289989 14.13546104783025 0
5.496272729993024 14.02073243841368 0
5.554973466804348 13.6673216007254 0
5.901974194101314 13.78205021014197 0
5.689507989403538 13.33181925615309 0
5.225417966709962 13.4685903069201 0
5.359952489309151 13.1330879623478 0
4.84032085890194 13.22302257102101 0
5.053758267328362 13.85657782660116 0
4.66866115952034 13.61101009070206 0
4.935940453087223 14.41029699275841 0
5.378454915751881 14.57445160457093 0
31.44168811911599 0.08857239691668894 0
31.45639430319189 0.05456777450388373 0
31.48839227692302 0.07546072715175001 0
31.47368609284713 0.1094653495645552 0
31.51084746774321 0.0912737299322508 0
31.49968857404053 0.04922411681531358 0
31.52214376486072 0.0650371195958126 0
31.51737727787991 0.02366797104421536 0
31.47460352136168 0.02555614577109822 0
31.42917684081144 0.02901162873278551 0
49.35252911343821 0.03158957086287373 0
49.33590825494218 0.06231762425508691 0
49.30341935598113 0.03072805339221318 0
49.31404318863558 0.09592996316868962 0
49.37591911644096 0.09897003976379182 0
49.35405405013436 0.1325823786773945 0
49.41849009016395 0.1280447674335292 0
49.38628895906182 0.06073503929681578 0
39.0357306517475 0.05755220234588521 0
39.06202979158282 0.04833238835415976 0
39.06650930358791 0.07386065984682944 0
39.10564238069892 0.06343715096498137 0
39.10910790185778 0.116304790445227 0
39.13896918768896 0.03648973901120378 0
39.09301367558366 0.02694741195377759 0
39.05045043235301 0.02138497640038217 0
29.2665688221312 0.06706015154569833 0
29.28755873827011 0.05069782619858287 0
29.30134410984816 0.0777278059515929 0
29.28035419370925 0.09409013129870658 0
29.31886890934727 0.1125171577555673 0
29.33036739126736 0.05601095383027754 0
29.34789219076647 0.0908003056342519 0
29.3560688157164 0.0297044651368239 0
29.31109482219975 0.02630648869345364 0
29.26835399649931 0.02439133750512923 0
29.0831030823596 0.08660021166278398 0
29.11058561728984 0.05794626221573829 0
29.13512519251837 0.0900143665126194 0
29.10764265758814 0.1186683159596669 0
29.16327239559402 0.119065737579426 0
29.1588851043258 0.05758578826403493 0
29.18703230740146 0.08663715933083971 0
29.18125604061422 0.02827629078540284 0
29.13480064548103 0.0293094974786321 0
29.08805038735841 0.02863676473710441 0
31.24220873033839 0.06964382425425519 0
31.26382906530025 0.05228061440663367 0
31.27922672028632 0.08005745149909416 0
31.25760638532446 0.09742066134671568 0
31.29951460537973 0.1149785530665941 0
31.30809664879009 0.05693690112344285 0
31.32838453388351 0.09185800269094457 0
31.33322276358449 0.02995855129292124 0
31.28754144552731 0.02697834983052338 0
31.24404901387481 0.02530226457610851 0
25.05000385777316 4.439385974090026 0
24.73515675465126 3.882356591842992 0
25.27162478037672 3.565725896071616 0
24.97807217798884 2.962614472520782 0
25.61268047827856 2.638523762990976 0
24.65886347939477 2.311809052120562 0
24.40370144702087 3.288449525441699 0
24.15899239916226 4.236870248379944 0
34.08185085962482 12.33977243580028 0
33.61597905663536 12.85086796206612 0
34.12426469699929 13.3799042974167 0
34.59708494085474 12.86839768416276 0
37.15265044279616 0.1948470402934568 0
37.21641329093161 0.2545338770581811 0
37.17923452585149 0.3268324057175889 0
37.28596366130986 0.4106115307239691 0
37.20274519116275 0.5284467687444021 0
37.38943916630925 0.4409179209438641 0
37.29064462060047 0.2920105827259452 0
37.39412012559987 0.3223169729458419 0
37.30763285227436 0.2016559137988807 0
37.23340152260549 0.1641792081311166 0
36.58800479755301 0.03460565512164671 0
36.56595291425342 0.06782281132896451 0
36.54463712474328 0.0332171562073178 0
36.54556151810048 0.09208608764922488 0
36.58309837037584 0.102310044843092 0
36.56270697422291 0.1265733211633524 0
36.60197286459318 0.148609696934102 0
36.60978891997843 0.07268638352849166 0
36.62866341419577 0.1189860356194998 0
36.63337929668813 0.03808072840684318 0
34.02015181902527 0.4231963191937318 0
34.09087642895748 0.3532544056707181 0
34.16817560977248 0.4594085650059174 0
34.09745099984026 0.5293504785289294 0
34.30099145139322 0.5763530836181463 0
34.24213916167619 0.3449118534687177 0
34.37495500329693 0.4618563720809465 0
34.29269830428387 0.2489380025247385 0
34.15882311454927 0.2733403676173367 0
34.20938225715695 0.1773665166733558 0
34.07241423820949 0.1669810311415674 0
34.0044675526177 0.2468950691949523 0
5.374965547392591 20.07397852882539 0
5.349976597412834 20.72450270399033 0
5.971354182462022 20.65231251701742 0
6.034063504957512 21.37104478235676 0
6.428819898137007 20.63958952078065 0
5.973026127616151 20.14517818508293 0
6.430491843291136 20.13245518884616 0
6.073329774921248 19.47492263275264 0
30.60545796491814 0.07809795801313513 0
30.63319298279821 0.06274087990383848 0
30.64701629741561 0.1004383402251889 0
30.61928127953553 0.1157954183344856 0
30.68064011881516 0.1599615842687818 0
30.68437283950889 0.07289865786619742 0
30.71799666090844 0.1324219019097921 0
30.709019721657 0.03866935577739383 0
30.65933435109585 0.03422930208880359 0
30.61293369872649 0.02851157781503488 0
61.15636816939254 2.834796042916572 0
61.61278246048804 3.3467950484364 0
61.10800844670396 3.798104977066759 0
61.56697534502032 4.28064325301715 0
62.0396156208252 3.797165426450945 0
62.07316683966284 2.859275137888792 0
6.932319739928015 6.633165582914174 0
6.642799187788377 6.876479674194426 0
6.40362815825701 6.587481760800629 0
6.693148710396649 6.344167669520376 0
6.086082998978881 6.319533759040628 0
6.129553305245587 6.918946189222713 0
5.812008145967461 6.650998187462712 0
5.948164387047562 7.211463006890122 0
6.41298704664673 7.0924840128333 0
6.860171738630747 7.101255766899945 0
51.76098329672821 0.02914352273392495 0
51.7267788371573 0.05429978715333661 0
51.74733154034199 0.09157853261367066 0
51.69828909855491 0.112741023032461 0
51.78010180656987 0.1249610690102596 0
51.78374420964366 0.05917198346885044 0
51.81651447587154 0.09255451986543939 0
51.81264026948374 0.03002846073492549 0
17.60139211130625 20.27924856116399 0
17.00733431438286 20.10827391739107 0
17.15043892681202 19.56878393584083 0
17.74449672373541 19.73975857961375 0
17.29607206249582 19.08912650011173 0
16.62848150444622 19.40417045594114 0
16.77411464013001 18.92451302021204 0
16.05869443848978 19.15994788194673 0
16.42501102482179 19.89409227100466 0
15.85522395886536 19.64986969701025 0
16.2338510687969 20.42299125537571 0
16.81617435835797 20.63717290176212 0
28.74417679649134 14.62166417208125 0
28.28964298344325 14.10912701647901 0
27.82893700255216 14.5253942104592 0
28.22474242414962 15.02275781520133 0
27.74610920756722 15.3917394703342 0
28.64827486251065 15.56436227828098 0
5.865344684921979 9.555742220475675 0
6.0792686150691 9.866508765302088 0
5.786524335777862 10.07172300892748 0
5.978521884167606 10.30999075327349 0
5.718088123674761 10.51022435626269 0
6.152403931555163 10.54326661867888 0
6.22989986033754 10.15085926292608 0
6.360350336264084 9.694327361707888 0
27.47928828204002 0.2198683975086269 0
27.547687985301 0.175480416529318 0
27.58013248871386 0.2256813852800121 0
27.61888357558841 0.1731567972604999 0
27.58951041538501 0.1463261759364087 0
27.62251922795638 0.1103902556005263 0
27.56833252834367 0.1098172095315384 0
27.52651009825967 0.1389714501244477 0
19.02138445125875 18.77162494704768 0
18.97488773457139 18.23110627240312 0
19.55249228200335 18.20187100229595 0
19.46677696384382 17.67233566808628 0
20.0336168412312 17.5990125703792 0
19.38299644191165 17.18896249844252 0
18.94157857798269 17.74433948937055 0
18.85779805605051 17.26096631972679 0
18.41565937183913 17.76312444876718 0
18.44896852842783 18.24989123179975 0
30.3749766028637 6.970869563959909 0
30.96382985593736 6.330035274923222 0
31.56252036324172 6.959889364571268 0
32.06652920416438 6.409705581421129 0
31.5241628787473 5.776084855102654 0
32.05997777818135 5.270851370495691 0
30.89933272667265 5.047977317451839 0
30.33899970386272 5.601927737272405 0
32.11297794799589 4.196820958585656 0
31.68073536217788 3.594760128568083 0
32.18055120699869 3.209163250788318 0
31.31698061675732 2.953082735172234 0
31.1508322605596 3.912539488036529 0
30.78707751513904 3.27086209464068 0
30.47315520638597 4.324317110634983 0
31.57700978084628 4.636199694853385 0
43.89360108893665 3.347678714668593 0
44.47677405538739 2.963762326851727 0
44.09356913977297 2.42370491555803 0
44.65860436405891 2.012267437291019 0
43.78702399087818 1.861648172246234 0
43.57127546668188 2.710521979109892 0
26.57396412419934 2.532460305853608 0
27.27580200164044 2.706284033154242 0
27.16689086915955 3.373328481865141 0
27.82199093469371 3.513113572971164 0
27.72733117101071 4.256851163258752 0
28.42018923213785 3.62313708140965 0
27.86099126262843 2.886830116571574 0
27.41303406930919 1.997531665840413 0
4.727278566693734 15.86207411510088 0
4.765516095865117 16.38709211021843 0
5.184686408334407 16.33903546468224 0
5.222951200208243 15.91241884018299 0
5.635715130809928 15.97054135101908 0
5.286213522280747 15.28974846011162 0
12.24669908118255 18.39716674085954 0
12.4330823780997 18.64823703028814 0
12.19676648725816 18.83283160473799 0
12.66789370785461 18.89475189580627 0
12.67828760309051 18.42190994771609 0
12.43422219570926 18.20904808162086 0
28.58857960835817 8.992916213491181 0
28.54540160898813 8.25643010006698 0
29.20684437315764 8.245534938645083 0
29.04247186740402 7.564085984624424 0
29.79359052537032 7.404780839199704 0
28.83668513286678 7.009789381866879 0
28.48864310152165 7.767131009381389 0
28.07386523755067 8.300551356689185 0
53.59737541954489 0.8403395217141068 0
53.79839848897835 0.651643523164589 0
53.94608454551191 0.841752665367494 0
53.74506147607845 1.03044866391701 0
54.17971063915917 0.9510091207034002 0
54.07508133215981 0.5906543522575696 0
54.30870742580707 0.6999108075934792 0
54.16933474620207 0.3903333612269364 0
53.93898620811039 0.5147810606340251 0
53.68771792298008 0.5048911089195904 0
50.51873650433283 0.1213352943308834 0
50.561823483532 0.07735262687224953 0
50.59118851488001 0.1192787240178639 0
50.54810153568084 0.1632613914764978 0
50.62522265797753 0.1516748243311881 0
50.62168692229491 0.07362571768786452 0
50.65572106539244 0.1060218180011887 0
50.64771687649616 0.03496670573080607 0
50.59628908065123 0.03865901195705845 0
50.54294727151341 0.03869361491519285 0
39.87335492532456 0.1365920004981671 0
39.94408576284539 0.2384370905062063 0
39.8558293256428 0.2983356679409184 0
39.78509848812198 0.1964905779328774 0
39.74093880203628 0.3993089650829162 0
39.96527990186002 0.4160199976833283 0
39.8503893782535 0.5169932948253262 0
40.07457224466378 0.4813498504555085 0
40.01437655187449 0.3029259949472767 0
40.00800787376731 0.158685170587157 0
56.16554233878489 0.0494745304471742 0
56.13405728099316 0.09478854442061291 0
56.16844989795345 0.1656638243525137 0
56.19133808466109 0.08921237409636618 0
56.22957054891472 0.1232086047801104 0
56.21647939198876 0.03973784364919197 0
14.73707976223666 18.26028842764305 0
14.83694931929459 17.98555858378096 0
15.12359076426822 18.09808665277476 0
15.23948910305348 17.81985145917883 0
14.93972739299623 17.7256454398346 0
14.53419408342938 17.87914935443954 0
60.28664181074586 0.0335725340883215 0
60.25232315375901 0.06189025468078313 0
60.24282611513109 0.02831772059246163 0
60.22171072454541 0.07779402171311744 0
60.25543784543432 0.09784438944626217 0
60.22482541622071 0.1137481564785965 0
60.26288112190155 0.1500375666606217 0
60.29843736483808 0.07498791510362857 0
60.30588064130532 0.1271810923179881 0
60.33384649243001 0.04141538101530706 0
37.52212280515578 0.1199708039560416 0
37.5556100265854 0.08128013021353375 0
37.58928888312364 0.1337035081215543 0
37.55580166169401 0.1723941818640622 0
37.63043836779281 0.1795812222710644 0
37.61206378493446 0.08415137589244281 0
37.58072585850164 0.04259134295026001 0
37.5295088329631 0.03868878726327551 0
27.04245557306292 0.06707088981169385 0
27.06217823927297 0.04740722089024096 0
27.08395612531295 0.07014781790578972 0
27.0642334591029 0.0898114868272426 0
27.11561844686523 0.09419728837415775 0
27.1070244054069 0.04395354012515895 0
27.08197102413128 0.0230291539175056 0
27.03720721514169 0.02437806697273537 0
24.80143029803654 0.0945327923793684 0
24.8258536418144 0.0591817985294405 0
24.8536539494057 0.08624560121274882 0
24.87419158543394 0.05089268728367102 0
24.8485180229402 0.02815228832989192 0
24.80100228554086 0.03102951019954858 0
26.99235624902808 0.02828411451296731 0
26.96907988037636 0.05946635138978351 0
27.00429465580827 0.08347555303101117 0
26.97759296406869 0.1292570890825626 0
27.02952009803476 0.09788426135700234 0
27.01723013083643 0.05266218148570445 0
24.75371746727165 0.03182006238020918 0
24.7263839004514 0.06215591908406992 0
24.74780383747627 0.09805746755555411 0
24.71631879811009 0.1291236978824166 0
24.77351438270029 0.1297406873551648 0
24.77571975281251 0.06284957257975776 0
26.45514453758751 0.02714970566262309 0
26.43445810127562 0.05663638315166786 0
26.46010269588984 0.08094758208247477 0
26.44117472881798 0.1136416017134252 0
26.47945970014137 0.1006012467812933 0
26.47682814203655 0.05388812930602072 0
23.94991055466607 0.02588448022053669 0
23.92528267146297 0.05323031173666948 0
23.94660027090761 0.07743075944233979 0
23.92294248834059 0.1072430414138132 0
23.96285089804894 0.09728807437150522 0
23.96769988063189 0.05209444696137311 0
28.48715862826275 0.1167426237755667 0
28.50149341518344 0.0702044258856116 0
28.53688226596192 0.09671850460945919 0
28.547032561062 0.05595904930987139 0
28.51734208715369 0.03194544758802031 0
28.47048466136309 0.03825897829759128 0
28.42241881756904 0.04427257499703785 0
28.39738510172344 0.09047303300080856 0
28.43221130617351 0.1388568919418454 0
28.40230056170865 0.1964092214305992 0
28.46813312217081 0.1730679624227829 0
28.45123681226546 0.08253155329462913 0
25.64771998846765 0.02854879336249638 0
25.6246249039581 0.05559239168128904 0
25.63961876481625 0.08556881635362501 0
25.61841430921099 0.1046324542660528 0
25.65906402121308 0.122449778009452 0
25.66862652806737 0.05942852593339154 0
25.6880717844642 0.09630948758922031 0
25.69323987293306 0.03087973257089516 0
25.71763320713781 0.0611286863642313 0
25.74537025038715 0.09595162453574702 0
25.71580882771354 0.1311324257607343 0
25.78314659212535 0.120815658038584 0
25.76783451896926 0.05491656961630476 0
25.74139333420475 0.03024895379333614 0
27.79081081979107 0.0233565364431314 0
27.76635724091107 0.04788352300202092 0
27.78617303641758 0.06970100728166173 0
27.76287548602819 0.09612392667130365 0
27.80124940465384 0.08784989063270388 0
27.80760342399953 0.04727726210272643 0
27.61054272960826 0.02722086859211359 0
27.58219005472586 0.05331769468145353 0
27.60047892996001 0.08337474086397556 0
27.62980716493789 0.05408724816580168 0
45.30084460968845 0.02534152369470277 0
45.27502959734876 0.05219431882802361 0
45.30541133537306 0.07730743667876538 0
45.32452305136739 0.04602458557209665 0
26.09521694229286 0.02928592363065086 0
26.07097161032111 0.06138768451589627 0
26.09622616163507 0.08786670813443109 0
26.0740210540889 0.1263151652194736 0
26.11402148055775 0.1072452792077847 0
26.11407868599542 0.05690194725910658 0
46.82755829637498 0.02933329312821442 0
46.80330491358704 0.05382760210801152 0
46.83021903642154 0.09262711008301849 0
46.85093788362884 0.0585170761589815 0
24.18311106606694 0.07086282555466639 0
24.20321321475468 0.04984471571940574 0
24.22532016350061 0.07417304127532987 0
24.20521801481286 0.09519115111058873 0
24.25753747147504 0.09938160640878557 0
24.24849535198867 0.04567680340110414 0
24.22329625449803 0.02412623976215045 0
24.17825029358998 0.02571847595725529 0
24.13288759260417 0.030612508798459 0
24.10813443994697 0.0647531013393845 0
24.14378748421469 0.09064429560468312 0
24.11437115639176 0.1426009547305984 0
24.16942733075414 0.1051761364036317 0
24.15747121952749 0.05633098475571607 0
29.04229613079241 0.02713880563627313 0
29.01735403059428 0.05263456961262492 0
29.03626262051537 0.08118165078340667 0
29.06298726882106 0.05577557037337755 0
26.81041896659832 0.02322158096942317 0
26.78783112101779 0.0469464371468824 0
26.81127795023417 0.06965965816165109 0
26.78979186440149 0.09563573529135994 0
26.82898673479129 0.08803865841578684 0
26.82990965765316 0.04708150371563846 0
26.63658107758453 0.02888205783364661 0
26.61608415828589 0.06165554971862264 0
26.65097594489038 0.08439749593165402 0
26.63066984270052 0.133537063943086 0
26.67449957200357 0.09784576787501464 0
26.66136017515306 0.05323721848243324 0
24.5771693161135 0.02688517236510179 0
24.55286227755368 0.0568396618695246 0
24.57962849242153 0.0801396942193513 0
24.55701003632811 0.1159137681398725 0
24.59861656355079 0.09740967378682441 0
24.59701973205294 0.05202518502515119 0
28.86807726301043 0.02856278574928872 0
28.84495339458363 0.06052069300229945 0
28.87933693364259 0.08372053718987083 0
28.856168594139 0.1316646106821828 0
28.90202352561794 0.09751274967242551 0
28.89125034455042 0.05296492997153024 0
26.27217634239194 0.03529500331046265 0
26.24430760244265 0.0689909125315431 0
26.26623398427156 0.1091906128877724 0
26.23379940125974 0.1442435272588654 0
26.29245545163988 0.143850271786409 0
26.29385308463774 0.06952925110347863 0
42.43004071226477 0.02464983463356951 0
42.40828465043572 0.05150428917286476 0
42.38273455479289 0.02685445453929525 0
42.38488068014598 0.07390439692216688 0
42.43188801152214 0.07602807039681991 0
42.4084840412324 0.09842817814612204 0
42.47058771691229 0.1003637459357645 0
42.45727380779856 0.04609175190460846 0
25.20070537512167 0.03340342537699215 0
25.16979935187447 0.06997562740845709 0
25.20337829379751 0.1001550620635552 0
25.16282767237593 0.1560833302584879 0
25.22943980903591 0.1168625826950773 0
25.22341209114592 0.06174331714777281 0
25.24947360638433 0.07845083777929496 0
25.24837338269092 0.02833989177078244 0
25.27264909749855 0.05582484001855192 0
25.29363525984218 0.08578935593205372 0
25.27045976872796 0.1084153536927968 0
25.32882927095664 0.117904050240778 0
25.32056342675469 0.05195696332192412 0
25.29460904814096 0.0274849482477677 0
23.76619749823117 0.02993947692804255 0
23.73287426764108 0.0575596235507696 0
23.75078198123083 0.09261277454023542 0
23.7124742732438 0.1206332446081255 0
23.77286279916797 0.1240156886994086 0
23.78377502445352 0.05987756017127666 0
27.43567464132462 0.02394794870667383 0
27.41144483550543 0.05109328040111727 0
27.43729524651604 0.07068897392612783 0
27.41419136313269 0.1024062885782868 0
27.45577472135997 0.08564104790232818 0
27.45523708263187 0.0462048619957578 0
27.97078548977294 0.03035119566338373 0
27.9425741922715 0.0629474758396853 0
27.97321177754259 0.09144956698633777 0
27.93590284238829 0.1397331007376366 0
27.99767488549712 0.107818065353257 0
27.9931552437518 0.0566824686989662 0
28.01761835170634 0.07305096706588365 0
28.01736975397886 0.02633127303558069 0
28.03983011850437 0.05197063315149997 0
28.05728330707028 0.07967474903943206 0
28.03507154027225 0.1007550829538157 0
28.0850479856896 0.1094289595325364 0
28.08555921744642 0.04863799906474853 0
28.06212703119217 0.0256393601159175 0
39.00511725133622 0.02232781232409486 0
38.96940132639955 0.0491702076329652 0
38.99444243678884 0.06395058256865838 0
39.01903953355522 0.04371278872447704 0
40.45045865857429 0.02192895097372727 0
40.42731600897191 0.04683618372777865 0
40.40547665334665 0.02490723275405138 0
40.40480034605044 0.0675791552817433 0
40.44817875823233 0.0672085603110677 0
40.42566309531087 0.08795153186503235 0
40.4727727534309 0.08689786912512787 0
40.47183098775569 0.04122489697335396 0
43.99978196956442 1.224534477720397 0
44.21747947932826 1.636641982514842 0
44.53231012021604 1.2598661783233 0
44.97343500494669 1.635491633099477 0
44.72839994183386 0.937300909409915 0
44.2447896550764 1.022354604254062 0
44.44087947669422 0.6997893353406788 0
44.03964390054884 0.696386503350233 0
49.53246689681085 0.01964686989422759 0
49.51142960102743 0.04075039984240902 0
49.55051262905715 0.06137849008786844 0
49.52104316334305 0.0837631368764562 0
49.60794248156869 0.07527976025268579 0
49.56849170294277 0.03544279241953774 0
31.20144317813117 0.02726673196941398 0
31.17949142176864 0.05810232359758416 0
31.2083646304686 0.08084958935947739 0
31.19015531505594 0.1175418047136745 0
31.22793639668305 0.09792441706820831 0
31.22263696412394 0.05256899654552427 0
59.4885348312765 0.02886797167269606 0
59.4533864126146 0.05684960971846387 0
59.48476206365303 0.0930232990044999 0
59.43144861194252 0.1257033566947463 0
59.5306322061063 0.11254726810302 0
59.51844030660813 0.05495903266124635 0
55.45076312025355 0.02854458049334951 0
55.42531829167324 0.05491277335720213 0
55.45290164841548 0.09013912558107506 0
55.47809707450644 0.05251514165374793 0
57.3399279408881 0.02577260806164716 0
57.31932692608122 0.05683364122316625 0
57.35138109640489 0.07950159989624872 0
57.3302357151913 0.1185532773221638 0
57.38307102302009 0.09141097461690961 0
57.3660444961692 0.04458777816892834 0
34.5147835450749 0.04039077865546759 0
34.48286588637838 0.06863555018258083 0
34.49161571303113 0.1238571178182539 0
34.45149854148099 0.1382156279500908 0
34.51546383958711 0.1904288731437429 0
34.53490802026379 0.09013506185250719 0
34.55875614681977 0.1567068171779962 0
34.56603600333901 0.04974428319703961 0
34.59590219995966 0.103155052092605 0
34.63802680648131 0.1697414789726057 0
34.60088075334142 0.2232932440579969 0
34.69121389936248 0.2226507727888123 0
34.65860509062855 0.1025719477978377 0
34.62068389099061 0.0534107688955654 0
56.9050197536332 0.100892514947148 0
56.94242127471018 0.06471743482049241 0
56.96641660506175 0.09962713985498084 0
56.99733645811008 0.05904266023539506 0
56.9735891743312 0.03206736509691765 0
56.9229205722288 0.03265006972357476 0
56.61682292288302 0.02341248037723886 0
56.5922047504955 0.05000563502988697 0
56.5702209697036 0.02659315465264811 0
56.56959694133093 0.08021364307053247 0
56.62001115639202 0.06909568137965039 0
56.59740334722744 0.09930368942029588 0
56.64060761571172 0.0838787512007535 0
56.6382636171725 0.04517131478382019 0
56.65886007649219 0.05995438460492508 0
56.66118600260043 0.02175883440658133 0
56.68234601651555 0.04389010766087864 0
56.69752808734029 0.06718586311423991 0
56.67404214731692 0.0832501400582828 0
56.72454808095064 0.09493468815369255 0
56.72818670889479 0.04317732367722726 0
56.70581148844592 0.02213127325429909 0
35.52036002499483 0.0377068409974779 0
35.49925476924057 0.07192391147419208 0
35.54102954304875 0.1234718474101317 0
35.50070483969152 0.1671756804603319 0
35.59967115246452 0.1541828191556007 0
35.55682290646118 0.06880596122280735 0
55.12281636569761 1.872725537078924 0
55.64194220560201 1.559309881611505 0
55.88151390500417 2.050742742046859 0
56.20523952977565 1.604333967146836 0
55.93224865166577 1.325433550161527 0
56.18012128240548 0.9112148294061591 0
55.76360601366704 1.000939048276773 0
55.47329956760328 1.234815379726747 0
39.47073360917051 0.02969491213863407 0
39.45338768983097 0.06054852467058325 0
39.49887504425116 0.09438572594898886 0
39.47718196129386 0.1417268689292719 0
39.53798221902442 0.1074327977019252 0
39.49309792136373 0.0518889618118461 0
29.90407952440372 0.07107481798342263 0
29.92515855635131 0.05051114100444565 0
29.94694152921053 0.07633034004272332 0
29.92586249726294 0.09689401702170031 0
29.98107143027087 0.1047235574599163 0
29.97158853579837 0.04680487650229281 0
29.94567843462557 0.02471095935632306 0
29.90005652923243 0.02580018164812259 0
29.85412131274133 0.03049615735416467 0
29.82802364602466 0.06434195612459881 0
29.86357550480455 0.0904845151154916 0
29.83290548525897 0.141954939450752 0
29.88914742852136 0.105262994096627 0
29.87850760068691 0.05629633900228725 0
30.56869937372261 0.02760778296465816 0
30.54258702298104 0.05637058997149325 0
30.56565570143497 0.08260732414592198 0
30.53985992294456 0.1133484841345478 0
30.58364949470829 0.1045859213793641 0
30.58746417164482 0.05611936077969304 0
19.92427680814194 17.05723214764541 0
20.51618804915291 16.95387471860812 0
20.35087412075243 16.36692611561643 0
21.06518994675991 16.21522983379953 0
20.10581451709601 15.81764379698195 0
19.78311858713466 16.56660053636014 0
19.53805898347824 16.01731821772567 0
19.24183822090436 16.69833088715725 0
51.59656879658848 0.3083488070648368 0
51.72407042391578 0.4790307047974345 0
51.58627478441291 0.5813949597191801 0
51.73412435367233 0.7988933706922907 0
51.48882551009734 0.9354582777882925 0
51.99976829861859 0.930828420113766 0
51.87439167701388 0.5716775049489637 0
52.14003562196014 0.703612554370439 0
51.97555672899867 0.4277186570560261 0
51.82523547590057 0.335071856904495 0
46.1300352294636 0.7493706982068229 0
46.41813594743153 0.6727149368680081 0
46.49118722433526 0.9491103994671395 0
46.20308650636733 1.025766160805954 0
46.66381621894884 1.214585664594631 0
46.73636417148836 0.7716203521039233 0
46.90899316610194 1.037095617231415 0
46.91110270149869 0.5796371712711288 0
46.59293751028997 0.5966613286931803 0
46.34498324145395 0.4724348250123143 0
32.0107265289865 0.02558682760793118 0
31.98535845266111 0.05165296563044208 0
32.01402963911869 0.08008090989141081 0
31.98136392803185 0.108485969022496 0
32.05559496315968 0.1018916124039322 0
32.03823392443122 0.04718241809396417 0
56.26330738067065 0.02865342363397616 0
56.24419696032702 0.06839126728316813 0
56.28009350230369 0.07857141594390527 0
56.28968138945355 0.05165629856838372 0
56.31370579678724 0.06193556796090149 0
56.30686998733513 0.02300287493440933 0
42.94525600340141 0.2843034790820678 0
42.90446335775815 0.2141446298207512 0
42.96423807513123 0.1326390861448665 0
43.00503072077449 0.2027979354061813 0
43.00726328146565 0.06493171988737956 0
42.94524557114543 0.06770736625748697 0
42.88819959492047 0.1266641348576076 0
42.88631863503505 0.05895676860012067 0
42.79850172675532 0.19129890517371 0
42.814765489593 0.2787794001368553 0
46.29726978770941 0.0267010157357781 0
46.28297605447632 0.05814145539793181 0
46.25212717829501 0.03144043966215193 0
46.27329142176188 0.09551902109556565 0
46.31791693431478 0.07910715326548967 0
46.30823230160034 0.1164847189631235 0
46.34275967470288 0.09472901109636211 0
46.32589569851777 0.05068464165576358 0
46.35073843890586 0.06630649948663425 0
46.3399529885563 0.02398362591998371 0
46.36775806862492 0.0480006556476944 0
46.39093393740647 0.07364731789346024 0
46.37391430768741 0.09195316173239831 0
46.42626277247253 0.1017321811430634 0
46.41149582161466 0.04645180893182932 0
46.3840383240364 0.02401702972771069 0
33.70745041620186 0.03853012721893023 0
33.67570239085945 0.06620639331406508 0
33.68536310902663 0.1192776458600378 0
33.64424148700796 0.1350465793273106 0
33.71129858623382 0.1801082359192083 0
33.73058074236124 0.08403147480980522 0
33.75651621956843 0.1448620648689758 0
33.7607308623524 0.04550134759087499 0
47.00028494422188 0.02708142890278964 0
46.97431189901353 0.05192116802776425 0
46.98280675215906 0.08155831198777719 0
46.96111866029901 0.09859122751993787 0
46.99147840046263 0.11864658783038 0
47.01451168558232 0.0571081097680608 0
47.02318333388589 0.09419638561066535 0
47.0440524786258 0.03002668086526938 0
47.06092122116762 0.06066866851260677 0
47.07578285977399 0.09627953472161721 0
47.11252757176633 0.0567443056068786 0
47.09160064602703 0.03064198764733561 0
32.32287330493533 0.04920290359758539 0
32.34264039813201 0.0816813751415566 0
32.38113913400178 0.0519364999366303 0
32.36025705936896 0.02645588591994397 0
37.0370193911743 0.04637101378259523 0
37.00805602931884 0.0845844931136206 0
37.03526495864032 0.1451041051771256 0
37.06666322394575 0.09403890108997359 0
37.10457993349929 0.1485059565692772 0
37.09030066923255 0.04766788730737836 0
25.40786905795775 0.1316388872299861 0
25.44761953857218 0.199262004124348 0
25.39356549345863 0.2460118124864579 0
25.35381501284419 0.1783886955920959 0
25.31546007834821 0.308769146999758 0
25.44597686196318 0.3351870563542221 0
25.36787144685276 0.3979443908675222 0
25.53472522557337 0.3905850037117862 0
25.49491633722703 0.2421981653769905 0
25.58366470083723 0.2975961127345528 0
25.53102652062316 0.1839724833704111 0
25.48372972196831 0.1410363221177686 0
31.61090910193367 0.08457962808807729 0
31.63606471666616 0.05457558192473044 0
31.67116582970472 0.08548839565155575 0
31.64601021497223 0.1154924418149044 0
31.71542807250961 0.1072282004105034 0
31.6853580261422 0.04990982005897138 0
31.6559212367547 0.02712152642565258 0
31.60715420377204 0.02745405549907787 0
31.56096835171094 0.02497730939148646 0
31.54114723816995 0.04864528043570182 0
31.56015638179675 0.07409449539357738 0
31.54115290848752 0.09048633455368815 0
31.58504748588818 0.1062427585910903 0
31.58601799784224 0.05243136489056432 0
53.65765753690154 0.03294068154846919 0
53.63485804772051 0.06651158353424869 0
53.60823268240068 0.0335709019857795 0
53.6098894065619 0.1037911809494467 0
53.66764379058567 0.1005684810935747 0
53.68707920984608 0.06313139632860754 0
53.72014314473681 0.09318010474125771 0
53.70536001074609 0.03019071478013835 0
49.21753891367402 0.07231396146009317 0
49.23695618091147 0.05412129140066035 0
49.25874335221549 0.08393640599518548 0
49.23932608497804 0.1021290760546201 0
49.28852956327205 0.1211936208328677 0
49.28425697757903 0.05867274833100922 0
49.25597166985521 0.02794469493879426 0
49.21121239309373 0.0261765964618661 0
49.16786446229209 0.02927386563778889 0
49.14884012768085 0.06290942496501195 0
49.12139121498655 0.03363555932722306 0
49.13370857167045 0.1059363893716174 0
49.18309421938513 0.08755665775847277 0
49.16796266337473 0.1305836221650782 0
49.20687799349095 0.104420157118911 0
49.1937551395682 0.05545046209965498 0
60.5674803398112 0.04023588635919495 0
60.53856238929536 0.07901911197022571 0
60.56919587763089 0.1314167042606371 0
60.52272083218 0.1867075439507744 0
60.60640755668301 0.1547135707535965 0
60.59223039085069 0.07149283084240743 0
38.48765669400868 0.03424051617879087 0
38.46891451201131 0.0707165779684189 0
38.43400580727874 0.03647606178962803 0
38.44001253107928 0.1161320743308742 0
38.51547187561824 0.1095843278845816 0
38.48656989468621 0.1549998242470387 0
38.57383190580287 0.1299625397349473 0
38.5260858417514 0.06034393384119952 0
30.15953066382387 0.1005622478104211 0
30.18832323291839 0.06364127298355093 0
30.21662443567202 0.09659379194040341 0
30.24007620156744 0.05672258328550939 0
30.21389950943994 0.03113486511235131 0
30.16443712830419 0.03250640787119963 0
52.22677470274047 0.03087571472858031 0
52.20668481833279 0.06696721075876688 0
52.17394496813916 0.03609149603018835 0
52.18114542738002 0.1220954527930989 0
52.25608021107883 0.09287991700166387 0
52.26075393516231 0.0532822252478411 0
39.1900797710646 0.04461092983242132 0
39.15780230996003 0.0811006688436251 0
39.18148655763156 0.138924053801599 0
39.21835365120338 0.09224008283922558 0
39.2540286669859 0.1491922481226986 0
39.24442669515216 0.04762915300680604 0
29.4574749226177 0.09526857735198391 0
29.47867996227378 0.05975374659763411 0
29.50970386164133 0.08755416926235071 0
29.52626716544505 0.05177435849141787 0
29.49890545364905 0.02854348087796232 0
29.45128925393304 0.03121026571967178 0
29.40357240646902 0.03154342694320889 0
29.37793880931679 0.06124789208003278 0
29.40285221432943 0.09709542483093614 0
29.37280559577911 0.1266478383851553 0
29.43207405563354 0.1296103095200394 0
29.42825308131359 0.06275369266288067 0
29.2259682131277 0.02566144967845219 0
29.20514650575264 0.05393774046385325 0
29.23257561268035 0.07614049863422423 0
29.21446141432916 0.1088399175012107 0
29.25180613939364 0.09314786299634292 0
29.2473382954179 0.05005278718358142 0
36.80996968508511 0.1784414484839782 0
36.84908058448064 0.2779779738499588 0
36.78533867766102 0.3380214168268889 0
36.84848042859728 0.4882623951993992 0
36.71665147400407 0.5541154588878889 0
36.96185526047763 0.586690702405809 0
36.90760234750299 0.3505974093873583 0
36.89800497394694 0.1856327020569744 0
31.38163003607077 0.03074017769452553 0
31.35727907311371 0.06069872898744677 0
31.38649259306966 0.0948780947585206 0
31.35759805383946 0.1260373684620184 0
31.41985372806484 0.1236986852478967 0
31.40832698412082 0.05975180642731281 0
37.29850351379082 0.05595383956500122 0
37.33908138452999 0.08807652065229377 0
37.3134460364179 0.1304329114982927 0
37.37696053586436 0.1027634280150131 0
37.34694206280089 0.0490704504014019 0
37.31604102730876 0.02781384625356154 0
47.96218730189038 0.07211820410962844 0
47.9813906184466 0.0523637860981907 0
48.00616524238329 0.08358079826314579 0
47.98696192582707 0.1033352162745835 0
48.04362152577037 0.1172893580949435 0
48.02723326001674 0.05083701916843708 0
47.99985251346097 0.0265817489110507 0
47.95439333286762 0.02578203718714178 0
47.91033385689446 0.02692532959067506 0
47.89156522485605 0.05226485992388064 0
47.92675695411788 0.08356216764043722 0
47.90478367281143 0.1188011898121051 0
47.95216612790832 0.1029730049722488 0
47.93677812809995 0.05270736677781684 0
58.59979242785408 0.03324885265670119 0
58.5744445387306 0.06410708091086192 0
58.54536256664056 0.03085822825415896 0
58.53727768748747 0.09703903922332557 0
58.61507483709212 0.1053496190262528 0
58.577907985849 0.1382815773387183 0
58.66620487717371 0.1379690629092316 0
58.6369795903268 0.06419855860570678 0
58.68810963040838 0.096818002488682 0
58.65280378445659 0.03094970594900381 0
32.8133707385687 0.02557132936234652 0
32.7866380058912 0.04995711517653056 0
32.80913812766028 0.07882457301948165 0
32.77201194392932 0.1075636486052147 0
32.82978490511599 0.09905912497090874 0
32.83314266371325 0.05128615768934175 0
32.85378944116895 0.07152070964076884 0
32.85924913694078 0.02571482832699523 0
32.87922424349618 0.05349246341882363 0
32.89209730013526 0.08508514213817442 0
32.86666249780804 0.1031133883601179 0
32.92075590044055 0.1245112472495471 0
32.92638569519833 0.05467579428578873 0
32.90435848457147 0.0277776350918284 0
52.58568469373883 0.2580331780988345 0
52.67849905209081 0.3974484001822844 0
52.54282902502459 0.501532289118396 0
52.4500146666726 0.3621170670349461 0
52.33707572732004 0.6797027234475213 0
52.69744190967649 0.6629150563115758 0
52.49168861197195 0.841085490640701 0
52.86777428915045 0.7397609681995867 0
52.78660217715481 0.4811792840756457 0
52.95693455662877 0.5580251959636566 0
52.88168808831175 0.3524594692225449 0
52.77358496324776 0.2687285853291819 0
38.17495637414223 3.152032215695561 0
38.59737112112222 2.637914037208144 0
39.17679061250098 3.166760417376862 0
39.60079376201385 2.648088534394201 0
40.19208026766208 3.16954432695621 0
40.01034883452742 2.09279958948089 0
39.02381963412524 2.183199012218116 0
39.43337470663881 1.627910067304807 0
38.43172127556696 1.600046245351363 0
38.00527276256393 2.054761270341391 0
40.6043142721778 2.630688656982521 0
41.22020790207308 3.128385096992613 0
41.5578153327733 2.538303356926493 0
41.00308715156208 2.195441714530116 0
36.21866339212234 3.116814936012084 0
36.62482889165098 2.604125907190387 0
37.18696215389318 3.132397963488485 0
37.60321603155346 2.619905898857304 0
37.03901019355018 2.144455624352927 0
37.44106692456065 1.579310995837016 0
36.44625988214689 1.534099301347101 0
36.03207858024767 1.993769584184562 0
6.137506982905499 7.935352303234756 0
5.818144330208039 7.914951406726949 0
5.833803870146419 7.598152631617169 0
5.414645330679445 7.995200725029301 0
5.88644767752379 8.282368215222506 0
6.184449794684046 8.203795777562048 0
6.263099709883981 8.495046657971134 0
6.469844767155287 8.159184861600824 0
44.3312984421259 0.04959445909143234 0
44.31729408589143 0.1045896743188539 0
44.27654524162071 0.05499521522742157 0
44.29931119547414 0.1740428660723623 0
44.37368800360329 0.1558688647805404 0
44.37418853411148 0.08729888056456758 0
30.66589608768849 12.76625833700444 0
30.14995115420279 12.23918463598413 0
29.69285309091746 12.73310133494646 0
30.18680499504113 13.25221971753187 0
36.40237327528332 0.04185261625570647 0
36.36967643019914 0.07587351928559194 0
36.38703770665522 0.1348991080088418 0
36.33967468751147 0.1696076805495146 0
36.41699175864117 0.1822100003811968 0
36.4232640929666 0.08360688058434462 0
36.45321814495256 0.1309177729567015 0
36.45286132706664 0.04175426432863816 0
36.47642305130104 0.07882081748681813 0
36.50743287913917 0.1110116522919924 0
36.48422797279069 0.1631086077618757 0
36.52970171448183 0.1328140305757195 0
36.52329268275783 0.07028370936549777 0
36.5004383998376 0.03706655315817997 0
22.27253201236569 0.08579129209707936 0
22.28861924616058 0.1925425070987714 0
22.21643331969533 0.2198402020025298 0
22.18886703693686 0.3196139595575183 0
22.10334339482722 0.3214102397769665 0
22.193263780597 0.4938720305252922 0
22.32517546776809 0.2934968784794911 0
22.32957221142823 0.467754949447265 0
22.43445728894545 0.2277423990394514 0
22.39790106733794 0.1267880276587334 0
30.81462508400533 0.08093725865117207 0
30.83110092706458 0.05653091012914047 0
30.85734377002535 0.08367727319384066 0
30.84086792696609 0.1080836217158723 0
30.8931640461843 0.1107952074051077 0
30.87539023966285 0.05081472488901895 0
30.84729822807983 0.02714548544159712 0
30.80250243088824 0.02938542468754335 0
30.7579818451353 0.03491498235466395 0
30.7381141673285 0.07358433813205778 0
30.77985513501196 0.1033136435670894 0
30.75973762859191 0.1621512073448237 0
30.8077895086774 0.1199504951760542 0
30.78669071033989 0.0643004070422073 0
17.99069202166364 7.548150572193455 0
17.68273932389257 7.519828040799061 0
17.62758034868538 7.803982857552579 0
17.9304771966265 7.840875261866112 0
17.85194030869301 8.107265203041354 0
18.24679992239525 7.871656447639822 0
17.85601377530856 15.35695623780446 0
17.95105984101319 15.59762929169265 0
17.64408952645646 15.67030025516044 0
17.71390766434904 15.94203922355992 0
18.05827149716885 15.8728958462868 0
18.1402802662027 16.17920260411907 0
18.37803958477606 15.77679707186736 0
18.27082792862041 15.50153051727321 0
41.43299510892463 0.03026634988913202 0
41.39923975422334 0.05633274159097112 0
41.41809437300122 0.09703006411426607 0
41.4560224696197 0.05781586507448466 0
35.67767606862641 2.60092206490582 0
35.13032870926673 2.162569744256299 0
35.484731220888 1.555417263535041 0
34.6233722292662 1.668504606729716 0
34.77359685775561 2.596574391332155 0
34.26664037775507 2.102509253805572 0
34.38185618407008 3.071863221827092 0
35.28388133546061 3.104172387606937 0
40.72188454442947 0.02270682849993833 0
40.69814037206884 0.04318724575148991 0
40.7213734787781 0.07236165727687549 0
40.68878212823935 0.09391279756682636 0
40.75921589645472 0.09140860724710542 0
40.75069586141491 0.04559060505346579 0
18.06236232325006 4.068009621677952 0
18.06378227214774 4.638792809021373 0
17.43974260078627 4.735235344493628 0
18.04466864314764 5.196262586924451 0
18.62312678737501 4.591678441775516 0
18.60401315837492 5.149148219678594 0
19.19320637579337 4.546746341930437 0
18.65176615128872 4.012914797608742 0
47.46260037465498 0.183961688613115 0
47.44327308610383 0.1159413375751726 0
47.39961336102375 0.1185420014448084 0
47.38585967618511 0.1903742820148508 0
47.33173930075789 0.1775743829886025 0
47.40173733129986 0.3074752789407853 0
22.91062544773148 0.3377225881900543 0
22.94090500537938 0.4667049235593037 0
22.83500705299474 0.5122848723371369 0
23.07213936650096 0.5919182566545906 0
23.04151974231319 0.354486411205631 0
22.97524235026835 0.2798439884311232 0
23.02830068220197 0.1887917832043833 0
22.92895019663897 0.1872115065322646 0
10.97229617698402 4.732086869174776 0
11.13143120162056 4.525153485374677 0
10.85257667260466 4.314395295922459 0
11.13247960721765 4.026222468112476 0
10.50411041339321 4.193945832089518 0
10.699919700577 4.639979453649767 0
10.35145344136556 4.519529989816824 0
10.5911664368887 4.88873725788844 0
18.16598485687512 15.24175321373498 0
18.46471655214759 15.13944723978993 0
18.3720022917795 14.86752204915638 0
18.07497000355539 14.99596523251002 0
16.75149952238322 16.9420093412389 0
16.40467611643983 16.92411017728587 0
16.38737412316915 17.21381444825466 0
16.733138372553 17.28476389535932 0
16.68156221022067 17.61787299296654 0
17.09897898517588 17.31472899171714 0
14.44116413433578 18.13247619471912 0
14.17061637854957 17.99678293290349 0
14.03870712052812 18.2557834899441 0
14.33396186228678 18.41812075659359 0
14.18655751372373 18.70938868045404 0
14.62987749018766 18.54593298951752 0
14.25485512733449 4.755725182933723 0
14.37382010235653 5.136476814675422 0
14.05060444521118 5.239852952261934 0
14.17446892279169 5.511129429793863 0
14.43219371582065 5.389876515096987 0
14.52137112067233 5.63529099267927 0
14.66774098344077 5.330518230330137 0
14.60936736997664 5.077118529908571 0
9.392645422911933 5.51136775569741 0
9.308839787024851 5.873759808591295 0
8.93805965581307 5.780964601814478 0
9.021865291700149 5.418572548920594 0
8.572825710626937 5.762014907282296 0
8.915086895723718 6.11786949602822 0
9.270011036446366 6.140627927831892 0
9.640147942417578 5.949261947135858 0
3.145298702625119 11.1940493344778 0
2.65524911049107 10.99864965752483 0
2.3801237136475 11.46261205025075 0
3.021031417065046 11.73724883092524 0
2.748178882457072 12.37937645616439 0
3.724393307695912 11.90532004866326 0
43.34371872315558 0.2034598782552663 0
43.39064598558584 0.133334863947983 0
43.43292515730491 0.211168168243109 0
43.38599789487463 0.2812931825503924 0
43.49001682253238 0.2715837446808855 0
43.4595960221575 0.1294088730957235 0
43.51668768738497 0.1898244495335017 0
43.47654462696154 0.06163574454222953 0
43.4203838348742 0.06777312855349571 0
43.36268842417005 0.06556173539448906 0
21.30511944086405 15.32169758002177 0
20.97516246841209 14.83425474604861 0
20.48409255591739 15.06895674834329 0
20.21123328346167 14.53467848932606 0
19.88036409567595 15.28180247302786 0
20.70954297733745 15.60479807229738 0
21.44140051361946 12.30709618208872 0
21.9199985088764 11.76681986950554 0
22.49009139080649 12.27757963303362 0
22.8884002222663 11.70311454399235 0
22.28158846051639 11.29704642681632 0
22.61189044717591 10.75742290304701 0
21.73836069930283 10.85347844468614 0
21.37677074766285 11.32325188737537 0
53.93392518408131 0.1168361727267957 0
53.98159990857415 0.08703262498636732 0
54.00702310351953 0.1464411347767296 0
54.04357300849457 0.09620623041385912 0
54.01287372327377 0.04783479760720866 0
53.9590076866408 0.03919782737915867 0
54.28194103327366 0.05012842615176716 0
54.24753994391868 0.1005171897090342 0
54.2920952407439 0.1639323755871729 0
54.21704017818399 0.235376921181139 0
54.35215823828509 0.187046848775136 0
54.31354103545412 0.08834502416073242 0
5.4612431747857 17.59006065574857 0
5.018351652503412 17.71356265898735 0
5.156172453011088 18.26354789614984 0
5.692830700427475 18.03158365990922 0
18.28295027567755 6.623402098431225 0
18.46669277067572 6.187190932025926 0
18.9617529151185 6.369935764989437 0
18.53874808823749 5.713239106587725 0
17.97280071840288 6.15288638971999 0
18.04485603596465 5.678934564281789 0
17.55616133461658 6.132144235324184 0
17.91573678037727 6.547462564783316 0
14.92518141969562 5.762159587585085 0
15.23234065735004 5.636662294359322 0
15.03227176114667 5.356379353838431 0
15.36827883668068 5.123229144863741 0
14.89043236135078 5.17021079341113 0
14.80958038323666 5.51668679075744 0
19.27997442520205 14.57893427405 0
19.37155552246633 14.90209418156985 0
19.80659550043212 14.80424075599542 0
19.58137875250502 14.42818553405837 0
37.86088774444297 0.4046933652116529 0
37.97756021784115 0.321006343947511 0
38.07601501902646 0.4544882175854958 0
38.14146045175568 0.3190494969283897 0
38.32525610871331 0.4144421625405101 0
38.17435845938959 0.2173561856491819 0
38.0364085357631 0.2577344165693649 0
38.06930654339701 0.1560411052901571 0
37.9514141849353 0.1661768568297628 0
37.89256586701335 0.2294487842079089 0
55.93214254362378 0.08449033528702543 0
55.95989453608821 0.06883295296058201 0
55.97005097605315 0.1133433025369381 0
55.94229898358873 0.1290006848633816 0
56.00506817619367 0.1870350214244549 0
56.00890435108833 0.07911003489212121 0
55.98585800362714 0.0382596770034489 0
55.94018934747443 0.03057327595713488 0
23.97760602673041 7.946871887914973 0
24.2701590210921 7.344566071461794 0
24.94956197314388 7.700233177634939 0
25.19249011614029 7.112697954605455 0
24.6271693779377 6.740778986767475 0
24.94903743811745 6.240368449592707 0
23.8806305500948 6.289997463867648 0
23.52362019324919 6.893784548561968 0
47.09925421790459 0.802546694767134 0
47.33803100506498 1.037509957667167 0
47.14776995326234 1.27205888013145 0
47.64252207945984 1.207365748596885 0
47.43722234883829 0.7550486810312655 0
47.74171342323315 0.9249044719609838 0
47.52338904073378 0.5475111409952973 0
47.25312566375106 0.6318824133444725 0
47.33929235564655 0.424344873308506 0
47.06497414734517 0.4089728898484672 0
18.0951746565002 8.471182054932445 0
18.4359900787116 8.584204769122955 0
18.53085209669094 8.244870927082115 0
18.89856813085721 8.337932535978322 0
18.59553597588185 7.926911860168667 0
18.18211604320434 8.189615514553269 0
5.913975719424222 10.72465512936854 0
5.661473009167246 10.9271222351328 0
5.465585413417784 10.71269146202695 0
5.428694647883486 11.14757512188099 0
5.873083102482731 11.12930178144779 0
6.097539265458728 10.91278646643244 0
16.92346619908883 18.50891681268518 0
17.00685942961257 18.07900306221629 0
17.46098901461784 18.17184975256987 0
17.3775957840941 18.60176350303877 0
17.92292606182949 18.211267366054 0
17.48681483900497 17.73692774603046 0
17.94875188621662 17.77634535951458 0
17.50897499394442 17.35102978963616 0
17.07681883023643 17.70062694811143 0
16.6116028095968 17.99624910707139 0
45.47035012410555 0.4599451026185655 0
45.65489265496716 0.4556352273180408 0
45.65611675684591 0.6286894228759596 0
45.47157422598431 0.6329992981764825 0
45.78220500775127 0.8218707860629451 0
45.83149924466364 0.5183996901902415 0
45.957587495569 0.7115810533772269 0
45.92752428360425 0.4347250150690627 0
45.76337734613323 0.4194341680588991 0
45.63475029697173 0.3399136350451215 0
33.37832713652275 0.8878827934465967 0
33.17708251051219 1.03678656702961 0
33.02666680831778 0.8132013088735448 0
32.79852599699873 1.235909644942758 0
33.40967915678598 1.396173908257083 0
33.03112264327252 1.595296986170233 0
33.81446993003135 1.657866150963017 0
33.60102890425445 1.054136809211773 0
34.00581967749982 1.315829051917705 0
33.73261904875157 0.8024766637431675 0
58.36464546339119 1.463229047471106 0
58.12873879002194 1.834660170141744 0
57.77697425039863 1.550487453777604 0
57.50262472486425 1.781258254845785 0
57.79160447825353 2.259306302239697 0
58.63184026892043 2.239333649685491 0
24.99387419183046 1.582201900822758 0
25.19637437176095 2.099908944009478 0
25.63853735026159 1.716261835055526 0
26.05484345677921 2.254876654037025 0
25.94934352101249 1.372182059009177 0
25.33498012698871 1.379888960779194 0
25.64578629773961 1.035809184732843 0
25.13090336713982 0.9563824695500713 0
24.85505602282176 17.77254847343901 0
24.88713379501171 17.00663097187479 0
25.67739710321239 17.03946721677434 0
25.64531933102245 17.80538471833857 0
26.37169667079694 17.03877360250549 0
25.66627618053305 16.42701176574392 0
24.98595003580774 16.35743521155467 0
24.08986155247034 16.90484542114642 0
43.93769877534686 0.5057579771912124 0
44.12799893440419 0.4108068833152529 0
44.22994405960617 0.6014354094742735 0
44.3034361786403 0.4207699768297211 0
44.21551583459072 0.3410288685787322 0
44.26250048224767 0.2404420105069427 0
44.15480874647531 0.216412380764222 0
44.06729184628878 0.2861903955007463 0
6.113634354277441 12.60233976500299 0
5.895895262555257 12.39781187031023 0
5.703129667362447 12.60813657344748 0
5.464714982251422 12.38692624204427 0
5.543981674725902 12.85131383064421 0
5.96267581083071 12.81237821556252 0
5.803527818194169 13.05555547275924 0
6.185008934142914 12.9786404948166 0
46.50020078122738 0.114787744806975 0
46.54030363434101 0.1638117148328746 0
46.49439573757738 0.1981010832647545 0
46.45429288446375 0.1490771132388549 0
46.43009314735389 0.266914892794583 0
46.55601653940131 0.2403729608207428 0
46.58332536333185 0.201308106520603 0
46.6311849147413 0.2269549930500681 0
46.62097047488405 0.1651816545098015 0
46.57794874589321 0.127685262822073 0
22.53628561564113 0.1596148950228429 0
22.57940631407162 0.2717535264101318 0
22.47757798737594 0.3398810304267403 0
22.56987268176749 0.4579789130650376 0
22.42186690581978 0.5858528320855605 0
22.66934156793054 0.5078146432916117 0
22.63122607113456 0.3341538006112756 0
22.64828788382798 0.1964530504239512 0
53.10453640892992 0.574039854878535 0
53.29486342933169 0.5394394162542788 0
53.30637004638687 0.7324175246403186 0
53.11604302598511 0.7670179632645731 0
53.3803077070991 0.9457606390367346 0
53.52343775883266 0.6269964073176908 0
53.43925601536071 0.4866041495298745 0
53.60353617950813 0.3644988511317759 0
53.39918253741645 0.3401170933697308 0
53.25478995138744 0.3929523600941334 0
55.25676054198716 0.1675815491277177 0
55.29488399847421 0.2241650880309614 0
55.23821084804074 0.3117034829873155 0
55.20008739155369 0.2551199440840684 0
55.1452531508328 0.4192329738342231 0
55.32187196688426 0.3464120581347103 0
55.22891426967632 0.4539415489816196 0
55.40074697789262 0.3551304675866049 0
55.34843835681087 0.2522833579387651 0
55.33231876619553 0.1464707378879293 0
56.99095640972932 0.3960621489060419 0
57.04367370088592 0.5726856946820966 0
56.88577289176253 0.6475878083894795 0
56.95978682087384 0.8951844173916506 0
57.16813183041115 0.7447950633648048 0
57.19502686670367 0.4125162726881868 0
6.900086592888258 19.2086841812323 0
6.646101540216069 19.73790011756838 0
7.052595594070802 19.96271325810759 0
6.836985897145865 20.35726832938537 0
7.480936298158554 20.30599936972032 0
7.394340903714419 19.51032523940252 0
7.822681607802171 19.85361135101525 0
7.752516216539242 18.91129129564219 0
32.51589133254325 10.76108775825957 0
31.97593345439299 10.24313886846784 0
31.5388666422084 10.74906806490006 0
32.06086767215724 11.2718386174413 0
11.4051421600364 21.41161072416219 0
11.80178560881267 20.91780177849694 0
12.28971414583878 21.37865181502987 0
11.89307069706251 21.87246076069513 0
12.77704192130675 21.78876878614456 0
12.64510191242848 20.90043822041104 0
13.13242968789645 21.31055519152573 0
13.00610051190672 20.50527640632008 0
12.22960912623687 20.49578205480423 0
12.59060772571511 20.10062024071327 0
11.75585629235979 19.9291971467217 0
11.3280327749356 20.3512168704144 0
10.09017663277671 21.97544797737222 0
10.57069092677644 22.45044753263527 0
10.13636733412674 22.96736794733266 0
10.62555971833604 23.45144219583975 0
11.06912902729675 22.92376198374277 0
11.57797092323164 23.4074178977769 0
11.49083576118523 22.40082473146096 0
10.99239766066491 21.92751028035347 0
15.67858249990973 20.19325038964936 0
15.14285966314615 20.00416979831412 0
15.31950112210178 19.46078910567502 0
14.65296383020675 19.79017276623521 0
14.93796767344804 20.46575228082008 0
14.44807184050863 20.25175524874118 0
14.70269564210663 20.96298435135927 0
15.46498666121114 20.70959413089729 0
15.22971462986973 21.20682620143647 0
16.0202552300983 20.93933499662364 0
51.7351771517209 1.285423269296732 0
51.39094937905621 1.518508981148203 0
51.14459773743265 1.168543989639764 0
50.83369872132201 1.864130040279459 0
51.72360066901471 1.984089056967477 0
52.07194956278163 1.518224734166255 0
52.61104927371719 1.849708692787218 0
52.33654070967932 1.16362988498329 0
60.60718124043328 0.608518921193852 0
60.82654568089232 0.4359526342172906 0
60.95287352886882 0.5841821875864959 0
61.02133673015091 0.4059989112705686 0
61.23410045446579 0.4701901006077236 0
61.07315586351493 0.2942212954346761 0
60.92421266339934 0.3459418113043746 0
60.97603179676335 0.2341641954684821 0
60.85921496384098 0.2282294250794621 0
60.76154798133396 0.318240247992378 0
32.63336666168663 1.943555219439578 0
32.21579418424682 2.302059431211816 0
31.81614517059592 1.829774758486893 0
32.23371764803573 1.471270546714653 0
31.42008056086071 1.262904687989034 0
31.40667451460326 2.08398606121699 0
31.01060990486804 1.51711599071913 0
30.95535101794793 2.382644458615594 0
31.76830411341265 2.654424337773628 0
32.62804127783286 2.856798344226506 0
10.44221810678665 18.83691320979253 0
10.71566751536957 18.79832385348456 0
10.77087300217694 19.11420176416733 0
11.06072070516203 18.97677011966554 0
10.90674353716345 18.72575719643896 0
11.10816007943814 18.57579446907629 0
10.82374089127374 18.50015252127276 0
10.63266486947987 18.57271917831835 0
29.981299708062 0.2594483281230175 0
30.03930416128381 0.2144671648186574 0
30.07586398105357 0.2842566300532461 0
30.12348725817892 0.2213174884010964 0
30.08718760835056 0.1782977126315686 0
30.12479862894327 0.1340926289171058 0
30.05421852294328 0.1191409657514004 0
30.00633507587653 0.1553104179384874 0
52.70189344500209 0.204730496360785 0
52.76489727413509 0.1191852004103122 0
52.83658879238077 0.1831832893787109 0
52.80571029371578 0.05690173056609815 0
52.73700199382409 0.06228346984421407 0
52.67554383017225 0.1144404918550244 0
52.67145068353308 0.05215702201081029 0
52.55933507890899 0.1677431735930739 0
7.849795211230969 21.59759998806756 0
8.292177784470141 21.11470598042981 0
8.73040236688648 21.56542177915532 0
9.162142080791163 21.05858915122192 0
9.620785470963572 21.51243550915454 0
9.591744217257315 20.50567935953409 0
8.692290710727022 20.63927663209897 0
9.121892847193173 20.08636684041113 0
8.260133420246248 20.23111524878307 0
7.860020493989367 20.70654459711391 0
28.27053274093992 0.2718833867929504 0
28.2095326178721 0.3088328080869971 0
28.2059191103868 0.448591304917489 0
28.10076655364311 0.4604812682968618 0
28.28031991393524 0.6023672508411195 0
28.30970651822885 0.3570008147609904 0
28.3841073217773 0.5107767606846192 0
28.36717884166158 0.2857298673589224 0
61.82690380577642 0.6755443294857493 0
61.7002391811385 0.5481750100686895 0
61.79416193869201 0.4148420542549012 0
61.92082656332992 0.5422113736719609 0
61.87795690089534 0.3006170070718692 0
61.70849150699584 0.316443119178512 0
61.79228646919918 0.2022180719954783 0
61.6476097173914 0.1915953956786272 0
61.61034665314173 0.383782135497551 0
61.52727387925584 0.6283146002957274 0
33.80401909178109 0.2004699560900995 0
33.86216995651092 0.2818646468661079 0
33.79578503725419 0.3515107984603425 0
33.73763417252435 0.2701161076843359 0
33.68927253856139 0.465088199917151 0
33.88868710769167 0.4627093863726159 0
33.78217460899887 0.5762867878294244 0
33.96804280088742 0.5296618782223348 0
33.94079612582951 0.3562438273440129 0
33.92584138329911 0.1725158887170473 0
18.98311206180839 11.13873737483105 0
19.25852923380231 11.59677417621793 0
19.00333831425229 11.83721961607043 0
19.54880691319402 12.02786079087831 0
19.57126295403076 11.36318338384367 0
19.86154063342247 11.79426999850404 0
19.85518215132776 11.12194520068345 0
19.22980587921818 10.96649632802419 0
19.51372507651518 10.72525814486397 0
18.90723826427543 10.56152351037035 0
8.092980126994014 4.502004380964516 0
7.572354712688483 4.524638500073333 0
7.57753076713556 4.024692679239838 0
6.991787213222587 4.042008169349121 0
7.054389406128831 4.622537535673464 0
6.380941624636293 4.731380185188799 0
7.129278820084398 5.119398915168743 0
7.647244126644051 5.021499879568612 0
30.04564368167977 1.538018613821489 0
30.22217852882373 2.05774320010126 0
29.74888894502353 2.1791509144979 0
30.51074551564317 2.615563090088422 0
30.66678403112849 1.824824568628433 0
30.3628105546024 1.379727898461073 0
30.70663642834196 1.072019320551769 0
30.16171500578388 0.9311816444824927 0
60.92627880867921 0.05474771407411438 0
60.89254673703488 0.1005896674614561 0
60.92215930554259 0.1785007751227958 0
60.95952902924901 0.1060645316856252 0
61.01340152046977 0.1617279520313097 0
60.98398748598533 0.05131681761151086 0
28.45737414971033 0.2531334588248519 0
28.42225242966326 0.3424541047531751 0
28.51910755492717 0.3888089640086658 0
28.50899032642808 0.2771506586795134 0
51.11786053724668 0.2752837097668248 0
51.17427208453176 0.1921234163076697 0
51.25345441373413 0.2595597810774564 0
51.28071975866632 0.1583320444167811 0
51.21878876198515 0.1325239522042914 0
51.10921468202412 0.1427168811375523 0
14.19765313674383 3.168747439429792 0
13.99960786218237 3.704331678272894 0
14.47020094120895 3.85187969574568 0
14.31909411480025 4.357879214362836 0
14.91396307292619 4.016112003850498 0
14.65270700577432 3.420385309104443 0
4.453735805301442 12.94250307060225 0
4.657418753611054 12.60107219601895 0
5.044003807211553 12.88159169643771 0
5.228032992628307 12.59981756473413 0
4.954716734295729 12.31721473141257 0
4.280598438712556 12.15214540978128 0
59.9005856099975 0.9301175299585225 0
59.65065707714585 0.9543254230217819 0
59.61748554486159 0.7255920306952888 0
59.3595096332426 0.9221918045052711 0
59.62482873349578 1.223303042150752 0
59.33368128959253 1.191169423634239 0
59.62635335807241 1.565432982146813 0
59.97224558808463 1.216934949157807 0
59.97377021266126 1.559064889153866 0
60.32146824138997 1.074180958520335 0
32.01475229390505 0.1424512324256 0
31.97174233663835 0.1739237432719527 0
31.93835397076514 0.1399584798688487 0
31.9122903342362 0.2266163827050018 0
32.02117956969477 0.2140529810932286 0
31.96172756729262 0.2667456205262777 0
32.06255082430069 0.2357360970046027 0
32.05490401417702 0.1720313758698921 0
45.51414090990734 0.1471930223195503 0
45.45147200428391 0.1468985946144876 0
45.45766962085621 0.08952881716236405 0
45.41759404094047 0.08417389886194115 0
45.40468386299659 0.1245042082219232 0
45.42732532330964 0.19917993537935 0
38.98000712166691 0.2133310947241895 0
38.90685862526322 0.2344831921578336 0
38.88329824729836 0.1536844827042749 0
38.80983498877356 0.2463379753827812 0
38.9261520521545 0.3269964706583259 0
39.02355397029445 0.2818938674718154 0
17.13767880847032 5.770154789970503 0
17.55565149167278 5.726093186051997 0
17.55546409885577 5.243421208694659 0
17.07980582936124 5.394229053517488 0
50.86900553929321 0.1917075047595667 0
50.94897042915602 0.1555608842033482 0
50.98490701676693 0.250456871717839 0
50.90494212690412 0.2866034922740575 0
51.04732172227772 0.3355498147183553 0
51.0554458317359 0.1901907667663103 0
51.00065951977341 0.1300423650056377 0
50.9076901487508 0.06584945755707317 0
10.45607983232455 20.5343285341709 0
10.04368953195754 20.99786211003206 0
10.51308069377068 21.46087457824973 0
10.92582519314216 20.94497502205846 0
44.21997628464897 0.05405875879061028 0
44.1863248519175 0.09673932260350426 0
44.21406738140787 0.1754531184526122 0
44.25087809463434 0.1090539740180319 0
58.49396783518549 0.02500099597777705 0
58.45845053024701 0.04317236528359203 0
58.47118026180669 0.07628645078778895 0
58.43247005261783 0.08470740317980763 0
58.49493183701233 0.1174662657791785 0
58.51352611228184 0.05585922423193601 0
52.11992238605115 0.03386760427413016 0
52.08727034070888 0.05967672428142023 0
52.10022137286546 0.104654155856668 0
52.1447386678633 0.06995910030431673 0
38.3817372692781 0.03181853709716975 0
38.35311217052494 0.05523379640678883 0
38.36951851088584 0.0991619778010282 0
38.33055230242425 0.1135077491322001 0
38.40162978846455 0.1469994532451047 0
38.40790125350057 0.06829459888679779 0
49.07225202641098 0.03580668455689917 0
49.04496252287861 0.06615271554794333 0
49.0732264820681 0.1166899960408116 0
49.03274450963866 0.1513245193411343 0
49.10880119571898 0.1531841415283068 0
49.09813385801957 0.06944224388412223 0
53.55707920796557 0.03150830804002069 0
53.52477545747683 0.05639654137298322 0
53.54299495543867 0.0998571992446653 0
53.4940618789724 0.1232845605179893 0
53.57369847699619 0.1385691701683101 0
53.57918588500438 0.06507921002580019 0
46.20255304441508 0.03587334589835933 0
46.17761154626564 0.07048279592033246 0
46.21623743655542 0.1109087624423246 0
46.23316547740183 0.06731378556051304 0
30.25326394499877 3.484847551949027 0
29.9769319455029 2.829548547396767 0
29.48142137053277 2.980334239197848 0
29.60535283292074 3.615400438607651 0
29.0513285024395 3.667820534967124 0
29.82524409430794 4.454869997293606 0
8.500701200068015 18.03205884904765 0
8.626770869891494 18.4091751735688 0
8.132191155257715 18.52912022353102 0
8.818758922130819 18.67992563545884 0
8.913641552609093 18.21082077818537 0
8.821143476318376 17.95847170648896 0
9.10669386277754 17.85118202208879 0
8.764986263567721 17.6643614897806 0
56.52189738185496 0.02840670379771382 0
56.49012378275841 0.05472564213786946 0
56.51564469742528 0.08776685928397754 0
56.54218537568728 0.05499985845036193 0
8.172781053078616 19.39900530240211 0
8.61023286552269 19.77650920016993 0
8.886927556471761 19.30185449901713 0
9.398587538142237 19.61171213925833 0
9.153230486805487 18.96494590418502 0
8.552455991797089 19.01683423029095 0
40.36020554349376 0.03168605116217549 0
40.33577576397307 0.0722417178376098 0
40.36115386462963 0.09339032980808071 0
40.33212874139851 0.1450131029254571 0
40.38398515056885 0.1043762011735971 0
40.38196906011122 0.05659328391622864 0
42.3339001739609 0.03219442745518819 0
42.30257793688791 0.06882155160966441 0
42.33722653155352 0.09467271590980886 0
42.28772473044132 0.1493806412853438 0
42.36505693334782 0.1095282308374941 0
42.35705027835168 0.05904888199448344 0
60.19772345358697 0.02678040857784225 0
60.1620467953617 0.05364527584180756 0
60.1775964127052 0.08121298291577794 0
60.13414005891208 0.1053089700373384 0
60.19099617443064 0.1039088754585933 0
60.20831096281997 0.05509812917030388 0
44.0569777265209 0.07471872307131733 0
44.03650017940186 0.03707005717258838 0
44.00530030191992 0.06465150298589073 0
44.01481215527215 0.1185808728862039 0
43.97351365499468 0.1360437464395581 0
44.04921729314704 0.1765288368158373 0
58.35754916066305 0.0371399310624092 0
58.32916601788527 0.02078785734629385 0
58.30733435652176 0.04369287975823255 0
58.34626704299277 0.06645458596575082 0
58.31760669289285 0.09129551217467302 0
58.38254631866445 0.0790886769892527 0
23.75609140000936 1.34580448854156 0
23.5477454753733 1.080725778410581 0
23.80952103375952 0.8244288254704575 0
23.41771690888637 0.7192511182911474 0
23.25405352396499 1.229927705797362 0
23.12402495747806 0.8684530456779278 0
22.78787527725671 1.422753658775811 0
23.41196876619529 1.684512332677169 0
51.9761709474712 0.04827061401600474 0
51.95008495857724 0.02503915923584898 0
51.93112446724388 0.05044518301171586 0
51.90563736389444 0.02540602377586687 0
51.9115240417343 0.06994320353310002 0
51.95104838896765 0.075984474829486 0
51.93144796345807 0.09548249535087017 0
51.98261992443148 0.1050186471544237 0
38.24023862325063 0.05235095520903599 0
38.21006012885903 0.02942870023096233 0
38.18356596054596 0.06056216260147629 0
38.22888809787783 0.09459973721894599 0
38.18465122084697 0.131803477184171 0
38.27178669739563 0.1113353454163253 0
20.50571921760707 9.410531419926343 0
20.03158947495619 9.174972958152368 0
20.2282190510864 8.756582824371115 0
19.74649903921644 8.580262684525767 0
19.89706118182986 8.139586436483256 0
19.31863743811491 8.42705721316751 0
19.60597134229207 8.962235421820306 0
19.84354000878832 9.535244348562241 0
48.91918449252292 0.06623369495007658 0
48.89129582092086 0.03552277611114008 0
48.85908034840551 0.06578266893066065 0
48.88988008255503 0.1164857821553333 0
53.40548112537429 0.04776631223149508 0
53.38101186759906 0.02484509129142509 0
53.34876308470956 0.04728495902657315 0
53.37390471613217 0.07910223681937012 0
20.97959204307571 9.710005062088054 0
20.74180188463666 10.11404270808886 0
20.26792905916802 9.814569065927145 0
20.0398255892523 10.15532834625362 0
19.61543653887259 9.876003628888718 0
19.76631179635565 10.47525191969117 0
20.45228403236064 10.50463537150824 0
20.178770239464 10.82455894494579 0
20.92013416454711 10.87222789862416 0
21.20965201682313 10.48163523520479 0
46.04842593583818 0.06688369890489199 0
46.01941864463676 0.03353707545700324 0
45.99139054340098 0.05925830977887614 0
46.01456144586865 0.1049803583086604 0
47.71136006387015 0.1641851960077716 0
47.73090432744654 0.09163445198903375 0
47.78997862811546 0.1335028178038176 0
47.78552493660132 0.07378077572825958 0
47.74421546063623 0.04318674678174972 0
47.69010709737326 0.04844770520728403 0
60.36158877250246 1.531049246061889 0
60.36833286944878 1.93285650310839 0
60.83160791095001 1.856125228166892 0
60.87986307464311 2.39294193672189 0
61.19270516921821 1.739602667985954 0
60.72048356056929 1.481041291908486 0
56.37918355552551 0.04842068555195667 0
56.35185712294431 0.02406887774699484 0
56.33332496550736 0.04707175268140418 0
56.35413027742804 0.07006453035684501 0
40.21281434129128 0.07487727263148258 0
40.18172219714101 0.03926470483493816 0
40.15044632216394 0.07247743563363329 0
40.18069995228153 0.1258129099096656 0
42.16949817177386 0.07329619189507497 0
42.14755253338829 0.03774144311550032 0
42.11019269981556 0.06730689424163216 0
42.11810109967536 0.1234036448388505 0
60.05329460363713 0.04519408609325559 0
60.02905015525139 0.02287967457822404 0
60.0038049528117 0.04208312534111158 0
60.02312433158183 0.0728108605615283 0
59.98895619469951 0.08782805919489789 0
60.05852894368463 0.1008075816827052 0
47.80505977091217 1.81347611240032 0
47.45525989930685 1.569031344089666 0
47.19703081136396 1.860469919551717 0
46.88954086531946 1.563497455593499 0
46.85677109117094 2.211527350254356 0
47.5786814580664 2.228148329580918 0
46.13830864540785 2.055236586312938 0
46.55760037434445 1.779340440566301 0
46.33187572797383 1.430428649567432 0
45.95736810071944 1.556350905106388 0
45.82857887911295 1.151688416344911 0
45.40350267641954 1.720992029090059 0
58.334466257436 0.8928279088759652 0
58.56381172269536 0.6976786311310441 0
58.77214815698821 0.9248173118359801 0
58.54280269172884 1.119966589580903 0
59.01168973871353 1.068766911410457 0
58.89279046617971 0.7017981242979747 0
59.13233204790504 0.8457477238724493 0
59.01203393232375 0.5166415766799837 0
58.70861046855056 0.577648100459081 0
58.8278539346946 0.3924915528410899 0
58.55537090009931 0.4016521444675263 0
58.41057215424412 0.5216826751394876 0
55.27575629224405 0.03771508447215766 0
55.25370348080379 0.07772004424638368 0
55.22560134405567 0.04000495977422602 0
55.22436252562176 0.1241152578517521 0
55.2861014971692 0.1211863355223457 0
55.30696361733854 0.0670409079540697 0
38.43436534637439 0.4022290213527935 0
38.50670811087068 0.2683666562989657 0
38.61422185099248 0.3216414187256476 0
38.62686037815672 0.2311016698337038 0
38.72506938714687 0.2460178257964447 0
38.64909493804232 0.1558643458291744 0
38.55159734591727 0.2051998637394767 0
38.44168065963962 0.2181666168065259 0
14.97998661674714 21.71794442182933 0
14.72178193661328 22.24310376862621 0
14.18102860324812 21.97194995234391 0
14.43923328338198 21.44679060554703 0
13.62711267729789 21.64740903863508 0
13.88394086340877 22.51958806906763 0
13.33002493745855 22.1950471553588 0
13.6456828779034 23.2086534386723 0
14.49505606093918 22.76547189492608 0
15.26266843936909 22.47241817355101 0
14.89051139303267 18.97423015209611 0
14.54610960758736 18.8725767021465 0
14.39434637189746 19.21013164198829 0
14.03479427803383 19.04694362029584 0
14.2228176135051 19.61108068894989 0
14.82449258859911 19.38922371927361 0
55.91457087734471 0.05820318258642487 0
55.8956281786638 0.02762990662928999 0
55.87108811391346 0.05201677412895478 0
55.88978394269552 0.08543752092774426 0
55.86159902082261 0.1115381940296523 0
55.90735560897459 0.1117246736283466 0
19.57977731515806 1.425807049728109 0
19.04852125007383 1.887290382770187 0
19.49530873878656 2.2683930164957 0
19.97777561622346 1.787080794999696 0
20.43147181633794 2.153104836381242 0
20.49849410275945 1.361273745271589 0
24.48701065544116 5.773437139582358 0
24.93566316991866 5.332951764535956 0
24.54881743526557 4.817167830543294 0
23.98046889676916 5.204541607574361 0
7.661258524119845 6.598771630951993 0
7.561617809785385 6.295770752243989 0
7.865455604095956 6.188893302646983 0
7.807979534970748 5.843544639434272 0
8.166599026975291 5.777806017121224 0
7.698461053652885 5.453040097113847 0
7.405966215848203 5.957035919152236 0
7.296447734530339 5.566531376831811 0
7.063577633870203 6.113166878864014 0
7.219229227807386 6.451901711955768 0
16.20506245728708 4.418556380770287 0
16.43343704722615 3.927489137882356 0
15.93491945020222 3.815492824690772 0
15.77625233812578 4.26948984902528 0
15.33262747001594 4.150377334563281 0
15.57011722986205 4.766556243503079 0
28.43063680305032 16.51184918713797 0
28.05349680907814 15.91871767812583 0
27.52120908499691 16.20165880557339 0
27.71405632537372 16.78081163349339 0
27.09161848084787 16.95188544104318 0
28.03534074742936 17.53906703728294 0
23.31748913426389 0.1623065792067422 0
23.38471703466145 0.2242200718547629 0
23.33964958689213 0.3046233104070453 0
23.44574151540706 0.3553640680998971 0
23.36198646149412 0.5166741470139922 0
23.53962328674926 0.3565674054441104 0
23.45474298656301 0.250022873666186 0
23.54862475790522 0.2512262110103975 0
23.4810559227305 0.1655274436472638 0
23.41102997082893 0.1397246418358424 0
25.10047079593608 14.20713735542425 0
24.72734643900991 13.69294489215411 0
24.15264822177806 13.98748181897073 0
24.54426812464621 14.51865063527379 0
35.5714979978909 0.2361388492007617 0
35.52696092058115 0.3071706059754735 0
35.62666158359853 0.3843794518173524 0
35.56079496224874 0.4940120044129266 0
35.72376203566336 0.4140245596910894 0
35.64455509341781 0.276982566977086 0
19.99401296866553 7.674156130119617 0
20.14395941636021 7.145853523687556 0
20.70551593114444 7.298171548869572 0
20.90673467997655 6.756277677756795 0
20.26186517329295 6.549856625421712 0
20.52105533847318 5.855434945964525 0
19.58662605857287 6.459284351547637 0
19.46872030164014 7.055281249813483 0
55.82214787839602 0.1490762222171451 0
55.78043846115409 0.1629886457904739 0
55.77348646754852 0.1043198599803219 0
55.73691735544081 0.1050071484262602 0
55.71939963988029 0.1652425158157573 0
55.6784319196582 0.153450145487632 0
55.71330988001646 0.2634080619845474 0
55.77434870129026 0.2611541919592639 0
40.56003320413143 0.08085857889485482 0
40.5455130990681 0.1255783839090512 0
40.50731654711095 0.1147358751656729 0
40.53888063107216 0.2031274941760621 0
40.60077894139215 0.12819574980794 0
40.59414647339621 0.2057448600749527 0
40.64210443089335 0.1199929500666634 0
40.59543848208384 0.08169606223744807 0
24.41890158616575 0.2139498634776817 0
24.45549417364245 0.2928623762466032 0
24.37214839979337 0.3329480039379575 0
24.53128916616491 0.345246974646626 0
24.50483614489483 0.2156013291258745 0
24.58063113741729 0.2679859275258956 0
24.53997165378057 0.1660764724808352 0
24.46503103165451 0.178944482104292 0
53.77366528013992 0.1910117567886793 0
53.83234080320305 0.2047616916582946 0
53.83459602619561 0.1436207705024337 0
53.89009914607067 0.1356623569002942 0
53.84403173831335 0.09611443015449694 0
53.79336933871785 0.1387523444348773 0
53.80280505083559 0.0912460040869405 0
53.75401959648362 0.1161449754462218 0
31.07949019657159 0.224722304297444 0
31.1394653008627 0.297779134023525 0
31.07328591794774 0.3492841681754086 0
31.2244573037394 0.3380542184072901 0
31.1625640273685 0.2184831028391034 0
31.2475560302452 0.2587581872228668 0
31.18400632111078 0.1670425367824606 0
31.11570965424477 0.1850660789540601 0
33.05438537280929 2.459525441092916 0
33.4999580571989 2.991872453820006 0
33.9043118021189 2.555910310666128 0
33.45214135439518 2.111267207823573 0
19.28724115226031 13.17984048616013 0
19.12206780303362 12.82671598506367 0
19.44058857316397 12.65461439099627 0
19.60576192239065 13.00773889209273 0
19.77038102701172 12.4412804218113 0
19.21901445934627 12.24119476006327 0
18.94359728735234 12.52479232930932 0
18.83901496254692 13.06815909857717 0
18.99737439862982 13.31569762049667 0
18.72382986220997 13.49058918416569 0
18.86580200965845 13.72857869123706 0
19.1359976808852 13.60791255277109 0
21.47155866892224 1.416626208558201 0
21.67963071039206 1.177573480453214 0
21.88102561864687 1.431214039316467 0
22.12613269225193 1.105075859849745 0
22.45667543272157 1.388919977188959 0
22.30821813732593 0.8330241685675688 0
21.8898161905952 0.9226021768045491 0
22.0719016356692 0.6505504855223734 0
21.64185408254399 0.6060028402163553 0
21.43166860234085 0.86097414386502 0
9.300538754939168 17.32524033135784 0
8.991443399981243 17.34592207218423 0
9.052408594874805 17.61106092571289 0
9.337765739997792 17.54956760556167 0
9.392051007900523 17.78968870193756 0
9.638546176897531 17.50819720782728 0
47.69301855203707 0.4265673364224316 0
47.6846934660286 0.6204860921983588 0
47.90499957400078 0.6305877182737163 0
47.96201953120534 0.9350060980363395 0
48.05649480682291 0.5653290656743657 0
47.82086059234108 0.4469372597558987 0
49.40953128874002 0.1825951378556123 0
49.37552279724626 0.2251401180594943 0
49.32004555864059 0.1751273588812765 0
49.30169653286627 0.288903138713863 0
49.4618201297563 0.3019776691416851 0
49.47465084899407 0.2142796985210289 0
49.59255698148991 0.2556472281620756 0
49.483609650418 0.1597293280989458 0
54.71556107084294 0.3899307771373284 0
54.63476797395298 0.4876054426606409 0
54.55719044236385 0.4045936719634931 0
54.47258926085826 0.6796258347795074 0
54.77677124413571 0.6186766774535037 0
54.61459253104099 0.8106970695723703 0
54.96594714864513 0.6277699792877769 0
54.81626234164407 0.4259910130793472 0
19.39864773461313 10.150669972949 0
19.02200279908792 9.902491864987001 0
18.8042931766243 10.09610202550526 0
19.14606101477266 10.4006761981218 0
26.16791148635901 0.9948748852481888 0
26.5385737557131 1.27150674559287 0
26.32000579036658 1.648813919353858 0
26.83912645778671 1.92639757117044 0
26.8973561262315 1.399328843188592 0
26.62460848016629 0.8465409366513565 0
51.93291202072842 0.1281804163897249 0
51.89831001711969 0.1307271229261033 0
51.89684595984934 0.09802920188724862 0
51.84992732217745 0.1160180812605311 0
51.88025692305899 0.177683841790202 0
51.83187422811675 0.1629748001246298 0
51.88752824698923 0.2577266516745418 0
51.95072244222487 0.173209362978719 0
55.55260749589912 0.2092887702236013 0
55.58012181103567 0.2826542571057313 0
55.51084858415231 0.3240308191752668 0
55.65273569574114 0.3404271222159174 0
55.640695995311 0.2056351968743613 0
55.60076183768176 0.1697164392072992 0
55.63849776202896 0.1175313878205699 0
55.56900927268298 0.1162626276753027 0
55.82081722316627 0.3387833995847913 0
55.91415926961207 0.4768050483090267 0
55.80460461147525 0.612681759913702 0
55.71126256502944 0.4746601111894666 0
55.63073075296738 0.8000801539566389 0
55.9374798721749 0.8135406542338348 0
56.02961611824222 0.5536158553782293 0
55.97714218102895 0.2849262460024402 0
7.123412077012521 6.92921719809905 0
7.314137962418627 7.193065146902605 0
7.05089762403685 7.365103715703499 0
7.558868673614917 7.494453353211723 0
7.560665074839974 7.01669021401358 0
7.410321564891891 6.747953327140645 0
42.86427493471352 0.3929433298717733 0
42.75596778392198 0.4774859385025216 0
42.81676851930661 0.6347468254350055 0
42.63032647628525 0.7313088782039756 0
42.96849379425733 0.7455879366433393 0
42.93880487113262 0.4728117849942386 0
43.09053014608335 0.5836528962025742 0
43.01978593982051 0.3641719342045313 0
6.580190483769734 17.15595495227589 0
7.072868803699741 17.12807844863492 0
7.127787330113478 17.59906043924805 0
7.536326624742578 17.46254945555095 0
7.437801930560141 17.10580629140269 0
7.03447799910775 16.73018623413209 0
62.30545754128319 0.06882918091325863 0
62.27798409080351 0.03564505525576322 0
62.25583771833458 0.07006490603259863 0
62.23086971332195 0.0344198507768354 0
62.23139790496286 0.09557738800262428 0
62.27669466222203 0.1097013409758798 0
62.25225484885031 0.1352138229459072 0
62.31719116374431 0.1563486733381545 0
33.00710735934051 0.158507342207729 0
33.02390597558047 0.2584629567979135 0
32.93692011296184 0.2939372302251542 0
32.92012149672189 0.1939816156349679 0
32.8042342408638 0.3097669336492608 0
32.93422098312595 0.4302388073039225 0
32.8015351110279 0.4460685107280291 0
32.98326819878523 0.5854871493339928 0
33.07473028728056 0.3624659717257295 0
33.12576083724313 0.1742368361217501 0
61.55149316254059 1.49195472916074 0
61.78366325536724 1.813563120262149 0
61.42487526204487 2.061211059087363 0
61.7013803567943 2.503065165282047 0
62.12821351713146 2.058135489053923 0
62.15544973823579 1.461266289916317 0
27.27793676173163 0.5953687152507641 0
27.37374213028553 0.4465290306988727 0
27.27829218500751 0.3856353605603928 0
27.3678366118928 0.2859056080795366 0
27.21592363055672 0.2843792948468788 0
27.16137492215513 0.4517809837216369 0
27.09900636770434 0.3505249180081229 0
26.93914238726745 0.5712993629644565 0
18.39265192842016 17.32885315356628 0
18.31722390361178 16.90144749560874 0
18.78237003124213 16.83356066176925 0
18.25229844051357 16.52703874340029 0
17.90640119911555 16.95682165185211 0
17.92574444279766 17.34207406431368 0
42.20758658602515 0.5346328149515625 0
42.3564647743661 0.4367384529594034 0
42.30297094846758 0.3455418576330764 0
42.40581422190539 0.2848336642305416 0
42.28765659350417 0.2214245863384861 0
42.18536557838271 0.3809311647937434 0
13.30877228292655 20.09361028539733 0
13.7439392892109 20.41914353420806 0
13.44126751819107 20.83080965513081 0
13.93595050759252 21.16766350224015 0
14.19941286631716 20.68385724805239 0
13.99259826340237 19.98704153489684 0
13.59743024488485 19.74699618136174 0
13.82764959498757 19.37103533541479 0
13.48965607823042 19.15522956803733 0
13.23305424648352 19.45110501360972 0
12.92483944886606 19.19118464409475 0
12.94439628452523 19.7977191176453 0
10.43873650925283 18.53413811377752 0
10.45797297272867 18.28931327720239 0
10.65190133295571 18.32789434174322 0
10.50634143123481 17.9164457108336 0
10.20051958918838 18.22900681179905 0
10.24888804769452 17.85613924543025 0
9.941605395381199 18.21380582328845 0
10.17772082314874 18.53082190068817 0
9.91880662934156 18.51562091217759 0
10.18120242068257 18.83359699670319 0
40.33151110275046 0.3717847686939599 0
40.36909103234895 0.5127006411734847 0
40.24710588121541 0.5252111668257609 0
40.50871142378337 0.6757381613355626 0
40.49261359567882 0.4603856505895969 0
40.41618019873912 0.3373127780824685 0
40.49473094329166 0.2583862733558959 0
40.36420079204007 0.2116852188372693 0
9.592976256000362 18.78013081182933 0
9.455524584108687 19.10876297879806 0
9.860561663328479 19.17330216462832 0
9.8662947445805 18.8266327324606 0
58.95916857369778 0.2616866112787548 0
58.99917602878094 0.1511207254622882 0
59.08304437392739 0.167856125137595 0
59.04303691884422 0.2784220109540598 0
59.15019742217594 0.1531013466511482 0
59.0809311327584 0.1017472165581115 0
59.03422418712921 0.09945309147319747 0
58.94782707120058 0.1268235869047594 0
25.9496980706927 0.2150995967299441 0
25.97043705752066 0.2857255391827884 0
25.91279968059953 0.3100466890278941 0
26.03152621252509 0.3519495301825977 0
26.02326290009649 0.2251660470032562 0
26.08435205510092 0.2913900380030654 0
26.05579397698032 0.1791376000705576 0
25.98840384138629 0.1838465596922418 0
38.89989978831984 1.391012594451622 0
39.08796972370762 1.022266369974668 0
38.82237444526466 0.8594488763306352 0
38.59744739098677 1.015481862711264 0
34.48159160058474 0.4760381347067515 0
34.60645857306808 0.3849496746980954 0
34.71594275385066 0.5428145786847232 0
34.59107578136733 0.6339030386933775 0
34.87612944439449 0.6381206645490263 0
34.75085620799332 0.3871175025042781 0
34.91104289853715 0.4824235883685812 0
34.77636565429578 0.2898155202316612 0
34.66570445306002 0.3199527550614292 0
34.54163487334948 0.2882901636946649 0
4.933085020207145 11.16939117480917 0
5.177744196287364 10.9202432430641 0
4.974703004735922 10.65533113924594 0
4.627011250769659 10.87787231046405 0
54.50095224440601 0.120308195843144 0
54.50222841528121 0.1999927466467888 0
54.43864448697872 0.1987636347159096 0
54.52750028798822 0.2816389906724428 0
54.56732977617765 0.1716489216732437 0
54.5446496971868 0.1119391762820356 0
12.6127596326584 4.107602634603381 0
12.2239473271253 3.887294472403418 0
12.10235474121658 4.259055173581654 0
12.38094561808381 4.400779603446182 0
6.378954770377032 14.9625799290021 0
6.616137562081825 14.99039723795421 0
6.577254216262425 15.23756724708795 0
6.340071424557635 15.20974993813584 0
6.517607167094841 15.53998576508345 0
6.860004051307794 15.29730932770257 0
6.80035700214021 15.59972784569807 0
7.116516474679841 15.31151298855829 0
6.909807476932379 14.98878925963654 0
6.697693537324753 14.69911038643667 0
35.07694430450231 1.058884478869972 0
34.80769411999474 0.8872340358722077 0
34.63740143272444 1.056880458581567 0
34.42078309409702 0.803549461402735 0
34.30457507940375 1.316524154095145 0
34.95619858258688 1.408860911216138 0
57.7920582700145 0.1214830722226328 0
57.7683367844979 0.1977410559201687 0
57.70845315427673 0.1747014012855601 0
57.77866633235602 0.3175967809611073 0
57.8434600344568 0.2012728031578348 0
57.83718746640827 0.1221039035333078 0
60.00384184234941 0.1342718160554259 0
59.95330299235616 0.1421976974071342 0
59.93841734470627 0.09575394054660613 0
59.87502968499058 0.1356163915058168 0
59.95882542180954 0.213979165753603 0
59.88055211444395 0.2073978598522839 0
60.00422483246754 0.3020624353181667 0
60.03737119177478 0.1814636796319409 0
60.08277060243278 0.2695469491965046 0
60.09205829311 0.1479994452592202 0
29.09944235398956 0.1870089015169931 0
29.1308539921394 0.2480414854897752 0
29.17282405075937 0.1921097870029378 0
29.23628529395157 0.2438375228046628 0
29.2010137455977 0.1521682894887721 0
29.13508270075569 0.1590072350935898 0
9.948127489964072 17.6724559212227 0
9.659348626522689 17.73730695884129 0
9.687947960011016 17.97256740110282 0
9.947659366158948 17.95057867957193 0
25.82537478224161 0.3094296003979196 0
25.76750551022037 0.2823646044891692 0
25.79087052287634 0.2097880000351324 0
25.75028435843623 0.1767216523271564 0
25.71085932900863 0.2199217303730983 0
25.67638379828595 0.1743325038066779 0
25.64618712356819 0.2915234555967743 0
25.70283330477993 0.3539663297128435 0
26.19128419758685 0.371857338563613 0
26.29831066823475 0.4974361557920162 0
26.19178996642614 0.609921743253798 0
26.08476349577823 0.4843429260253949 0
25.98656080576962 0.8064984723415556 0
26.37314064701552 0.7982981561604312 0
26.4277670761196 0.554531310766345 0
26.67923490927037 0.6027740912572703 0
26.47743827384573 0.4037087826551868 0
26.34798186596088 0.346613627680858 0
19.74424625511876 5.81750667856301 0
19.8070899872517 5.124677472064876 0
19.18463818180182 5.164067205095677 0
19.11937311166439 5.72815809200481 0
6.676221376227648 16.68760930990675 0
6.700671671965516 16.29714611387216 0
7.058928294845622 16.3397230380975 0
6.763033580572099 15.93750612183382 0
6.363468798564085 16.21521051660508 0
6.425830707170661 15.85557052456674 0
6.009661795102797 16.10520837656751 0
6.282816333135827 16.58588579924406 0
41.28138706345607 0.04784636412484033 0
41.25737180319839 0.02454047218700417 0
41.23104176139483 0.04450746932552363 0
41.24869911214019 0.07915413257919113 0
41.21275036050427 0.09588461055588837 0
41.28458284757608 0.1106920705167589 0
30.99694893469311 0.09428864985689955 0
31.02980650128475 0.06351215151684286 0
31.01256643465659 0.03047615191847441 0
30.98096110202681 0.05496796208116095 0
24.06134095747557 17.55523622979438 0
23.37561400498496 17.51496470161451 0
23.29433620597078 17.97543823870838 0
23.83838024464323 18.17945346754621 0
36.24557162650315 0.06835463071999826 0
36.22297037808043 0.03599677657798495 0
36.18814235426616 0.06623486988210381 0
36.20706811992228 0.1162577914329059 0
62.43804879296495 0.1006899697404933 0
62.47221320163119 0.05430484928728596 0
62.44976011852127 0.03197405694760924 0
62.41937470801403 0.06526919608719872 0
32.6738753323017 0.05405950719260133 0
32.64271078365295 0.02971925342506587 0
32.61998914078097 0.060833284468222 0
32.59222473782506 0.03111403104315613 0
32.59036556879646 0.09451416858185624 0
32.65133927238973 0.09376292180084533 0
32.62171570040523 0.1274438059144796 0
32.69506071113484 0.1183540733238573 0
33.06650210224917 0.1300432168664951 0
33.11016850408126 0.07401761986570676 0
33.0822241602251 0.0387396148619672 0
33.04823231821552 0.06966620637578025 0
48.16571638923731 0.1071778662421146 0
48.19846587228034 0.06367360381755915 0
48.17247539006416 0.03304450602254505 0
48.14266477179241 0.05973051969031928 0
37.48391600115326 0.144552625013187 0
37.46172952458886 0.09428929522547946 0
37.49993632859139 0.06970747416833589 0
37.48014599428778 0.03101868690506038 0
37.45031255288195 0.05291031552346226 0
37.42531604138389 0.1057713619366965 0
29.66529980903109 0.09566579707608014 0
29.64926556907704 0.07516800760229003 0
29.67732518391724 0.05052754188979947 0
29.66385343329221 0.02470733528477354 0
29.62858089423208 0.049033434116728 0
29.61083554373344 0.1002934590615538 0
30.38481797859663 0.1308662498158064 0
30.36463942925344 0.09712190111654273 0
30.3983464232949 0.06191588734441922 0
30.38270236842484 0.03067113645144204 0
30.35010860550829 0.05609908799716479 0
30.32173066102603 0.1246253728826225 0
60.41123140309929 0.08654258247239532 0
60.38571896596188 0.04601594957815713 0
60.35260835383426 0.0874313305934642 0
60.37467006299637 0.1495580798002205 0
60.32794235046743 0.1893078415247444 0
60.42014405895512 0.1990688562713956 0
31.83933071223412 0.08549398713790524 0
31.81957988327862 0.06894225420526823 0
31.84039167852269 0.04541949204331885 0
31.82331825144583 0.02291281237728349 0
31.79010136455176 0.04663543636099909 0
31.78625744383206 0.0948907730125832 0
36.8835742207463 0.08024058479672647 0
36.85740205855117 0.04249310256536631 0
36.82909269936607 0.07800622753586239 0
36.85418932863567 0.1405392395746787 0
32.52630036913414 0.09358996999576163 0
32.56205550507688 0.06193091221405567 0
32.53987098172902 0.03081688117089953 0
32.50475627125709 0.05831301248234055 0
47.2760148610439 0.1346399868882031 0
47.2462511785235 0.1023352004723073 0
47.28417282117618 0.06026231134734772 0
47.2666768154179 0.03140290464789786 0
47.23102163266073 0.05793923459978956 0
47.19262217995944 0.1319475226266569 0
33.56500894984099 0.06174472975986589 0
33.53752923492406 0.03488518424966358 0
33.51152091865085 0.06920833843881269 0
33.54878544690122 0.1123426753277865 0
33.50580253565919 0.1634756592211488 0
33.58777267372067 0.131756551764326 0
36.36841257683913 0.2579426361452803 0
36.30072456651548 0.3138783596039403 0
36.3368849201098 0.4372698829786668 0
36.41734132656802 0.314959141798326 0
36.52952670980454 0.3958478979353153 0
36.46592050837008 0.2392265060342407 0
46.5445552529586 0.09245428322656224 0
46.57864723262503 0.06118551165461028 0
46.61204072555964 0.09641649125012108 0
46.60587734441865 0.03141708025771095 0
46.55353396327335 0.02976843139690111 0
46.51992501934386 0.05544462862489397 0
37.47112613137318 0.3221987332014358 0
37.55146851091423 0.2847123122375521 0
37.60581786268076 0.394762748500689 0
37.52547548313971 0.4322491694645727 0
37.71577363921521 0.4934306459575879 0
37.66125115498953 0.3022077474293265 0
37.77120693152398 0.4008756448862272 0
37.69117266743757 0.2373319292464604 0
37.60051685534476 0.2444570404539306 0
37.50675331726348 0.212649453647682 0
30.0993419892629 0.09657233382466046 0
30.1340740241435 0.06304195271797397 0
30.11474413444521 0.03053554484677434 0
30.08194618649553 0.05473410348306729 0
39.33898454031655 0.08065045085954736 0
39.29834588593526 0.04526744290383711 0
39.2817135998542 0.09289659591064137 0
39.33103774346454 0.1452073151210573 0
39.30335281059624 0.2015029673331128 0
39.3919200513028 0.1769759273361373 0
35.36802273333673 0.077469923166813 0
35.33526456957793 0.04188709288409953 0
35.30814977799068 0.07907061901777368 0
35.34497603255441 0.1354193435450135 0
56.8613267885342 0.1326980261441797 0
56.84295349101892 0.0947622748368282 0
56.88664645611791 0.06295676363979652 0
56.87290818951909 0.03030669391621998 0
56.83558443073434 0.056074480509956 0
56.79268911599577 0.1143356792143582 0
34.37430985717436 0.06099457452576473 0
34.34654791977042 0.03417515023182638 0
34.32170532284567 0.06727253607753525 0
34.35849654613334 0.1103832380747107 0
34.31846799377632 0.1580002232797195 0
34.39680266744799 0.1309573766301888 0
57.15534617819589 0.1511407612737052 0
57.12951702188366 0.1101062041339453 0
57.16558183247886 0.07066149154275791 0
57.14728423399142 0.03463948267074812 0
57.11375209711443 0.06247583530155154 0
57.08144324854035 0.1381091475548359 0
59.32389301388861 0.05576589472133975 0
59.30273611550157 0.02931863643753552 0
59.26381571881726 0.05533667359109451 0
59.28258870184025 0.09611806846328186 0
59.22700161100033 0.1177480298835754 0
59.32526163346499 0.1283474613886888 0
38.85639820314587 0.04166650842770636 0
38.831599362165 0.02064477397485476 0
38.80037091776109 0.03717093549776251 0
38.82009980538442 0.06521354277091795 0
38.78206629047105 0.07535627731448713 0
38.86357953992144 0.09668748411398553 0
28.19098277373052 0.1056680295309995 0
28.23427534442663 0.07469395503909304 0
28.22497251767651 0.0342752184843178 0
28.18853985233183 0.05973928913261872 0
25.45398514853484 0.1044622094512526 0
25.48625450994098 0.06481390349025773 0
25.46525248316584 0.03242296477775852 0
25.43384374792468 0.05872582403273618 0
24.36356160423385 0.08746025692536641 0
24.40104382581497 0.05967777637065907 0
24.38737069421053 0.02868800474672639 0
24.3508246833125 0.05444602576246993 0
46.69158704422584 0.05497942453990667 0
46.65749946600823 0.03019008279017577 0
46.63770656914007 0.06160716304788494 0
46.67859121031011 0.09449217788078101 0
46.65292536672968 0.1293015060830172 0
46.72707193131684 0.1205175891521577 0
45.16045967822703 0.05159476663912699 0
45.12837348787914 0.02656301102710756 0
45.10997065804031 0.04957363926856928 0
45.1389874148898 0.0826504215044146 0
25.89145719762315 0.0907954299709175 0
25.92471173744238 0.06200805377311269 0
25.90892628742682 0.02970471471551228 0
25.876969019686 0.05395579454811639 0
28.69072274390368 0.09319223399588061 0
28.67298883334836 0.07323401949052588 0
28.6969040555582 0.04886856222174174 0
28.6808309935928 0.02388455560976865 0
28.65115396945145 0.04540408534410822 0
28.63796660734491 0.09978530265614083 0
27.22037513027166 0.08325417548861225 0
27.25884732251425 0.05666620430608305 0
27.24556778029971 0.0274742200353586 0
27.20876795778772 0.0530778717575906 0
25.00459964448886 0.09830156869555395 0
24.99216256536354 0.07631381005019655 0
25.02265974052967 0.05193015571778758 0
25.01256355098224 0.02502604116129881 0
24.97689200161989 0.04867041568746089 0
24.95179879563882 0.1006090508889592 0
23.73599922572371 0.165878435426734 0
23.68743465487567 0.1980288009002056 0
23.66390970239576 0.1527836100815989 0
23.61793549178801 0.2391522861015183 0
23.7196198549349 0.2651831822731943 0
23.65012069184725 0.3063066674745087 0
23.78281693827394 0.3060590086978561 0
23.76786455952399 0.1994308170414776 0
29.40493653369246 0.1726279572044263 0
29.36511371153674 0.2043325984660989 0
29.33298277362338 0.1583524796468279 0
29.29239488127475 0.2472867410107273 0
29.41310699622371 0.2754589345232255 0
29.34038816596172 0.3184130770678522 0
29.49226083514073 0.3154481488882599 0
29.44570535424257 0.2072117284799351 0
49.03903943527229 0.2923031739579169 0
49.11640229200566 0.3968178036951677 0
49.04641009766773 0.499139427657072 0
49.21026341832189 0.4289512243675642 0
49.14048241792262 0.2686805241984942 0
49.23434354423885 0.3008139448708889 0
49.16457376160295 0.1941370853062203 0
49.08470985203866 0.2277275804205789 0
8.558962034225889 5.379131106381491 0
8.578935170516118 4.943286284506808 0
8.101518423565409 4.963381998675185 0
8.15273535057424 5.394922216220419 0
39.3175366473609 0.3445159768060364 0
39.42258005296883 0.467297058088997 0
39.4616265993688 0.3294419481368926 0
39.62273586431464 0.4096600763509421 0
39.48384624330836 0.2296057779230125 0
39.36970040736323 0.2768120975500175 0
30.35119255231062 0.1806068230906668 0
30.30656628808338 0.2230438571238675 0
30.35143095153158 0.3043476613195537 0
30.28052205911504 0.3616479312279317 0
30.40666491057744 0.3346407001587046 0
30.38286648112273 0.2158701550963915 0
16.34032874911235 18.77167245595386 0
16.48968030807116 18.356076248427 0
16.12473247347082 18.22775972545338 0
15.96105127123248 18.53856236116829 0
45.14152479214124 0.3135558889040482 0
45.09020823020173 0.3915674478260076 0
44.99929705263686 0.3319738312893961 0
45.05061361457637 0.2539622723674348 0
44.9258951330287 0.2131238524824468 0
44.90242593970865 0.391089461757371 0
44.82902402010048 0.2722394829504218 0
44.7211274147638 0.5033218533409531 0
45.04088789660173 0.5385974444031092 0
44.85958937165687 0.6508298359866913 0
45.21906985569613 0.5908454590446439 0
45.26839018929614 0.4438154624675423 0
31.39916484736904 0.1673596611592849 0
31.36369833724329 0.2016409718993621 0
31.32213154371371 0.1603186792020956 0
31.30599195116575 0.2540938255680913 0
31.42403351132931 0.2564823372977543 0
31.44850823664672 0.1963825652111026 0
31.53284203308277 0.2328025930513622 0
31.46919711734252 0.1527215892997145 0
24.74443993663376 0.1749396961888099 0
24.70461367833115 0.2106575556320109 0
24.67649253980748 0.1648415573256159 0
24.63880378889214 0.2665239659492276 0
24.74904068728636 0.2768099548626761 0
24.77957850085035 0.2069650100598874 0
12.36814999064446 19.14312424020262 0
12.05582441487697 19.31721166923965 0
12.27130717284579 19.74245811155907 0
12.62509573165591 19.43955698849111 0
50.84211499537084 0.454127867484452 0
50.86306638950749 0.6402426760738482 0
50.66174958865233 0.6335162968099208 0
51.02044699625613 0.8246724446218821 0
51.03544610425809 0.5324680098585972 0
50.94837212151196 0.4141173421928954 0
6.226136135199884 14.46202686290157 0
5.877623742903197 14.44727988084983 0
6.00199911386062 14.81917537442316 0
5.502830286709305 14.94634709814427 0
6.09096506476914 15.04726631010334 0
6.289988819468512 14.73448899332192 0
26.26348654244386 0.1950420488532174 0
26.2208386377555 0.2349809837708037 0
26.19115149657138 0.1841824621764516 0
26.14231298339188 0.293821363143099 0
26.26980985195047 0.3130169591913194 0
26.30215143418416 0.2298567555550175 0
20.5407681817222 13.29564445639349 0
20.38619273396342 12.73957822955762 0
20.97817495048175 12.62795625939737 0
20.17853974153673 12.26876780882623 0
19.97803401943841 12.9120908425427 0
20.08932424043231 13.31987144753278 0
7.195100434298389 7.608946935138395 0
6.928872010953469 7.742652275576923 0
7.020556575773114 7.983806779658589 0
6.747327729004052 8.07989214433414 0
7.090868767288065 8.252348229989664 0
7.32448778275937 7.883583496623188 0
29.07113461644519 4.3046428420231 0
28.43999534614355 4.259959388465626 0
28.493231001797 4.900872621025986 0
29.01406800532921 4.98078140300851 0
28.99769270118471 5.453832638887615 0
29.76817748319195 5.131008558279017 0
6.822913041718007 8.327248269259215 0
6.545430079869242 8.406540986525899 0
6.627890635975525 8.66222305299382 0
6.345560265990265 8.750728724439055 0
6.720889913416453 8.892813526097541 0
6.898364174734454 8.571907118777144 0
49.07668963680358 1.210386883958213 0
49.38240434415635 1.482187508996436 0
49.12442954305595 1.800118673261602 0
49.50269799897103 2.129455994863063 0
49.76152969873421 1.642713244620452 0
50.34764970675938 1.897522059749578 0
49.92221492347005 1.244137788078772 0
49.54308956889219 1.083612052454756 0
6.072384255884817 13.22619593231275 0
5.958364427094189 13.50245971570659 0
6.229137564897314 13.63184859624961 0
6.291157229466961 13.36342030916451 0
22.32545825165327 9.878371636024832 0
21.7551213509315 9.561476659588729 0
21.50662787063386 10.02244242482404 0
22.03533655311356 10.39428563430539 0
52.49373665413178 0.08027667205777611 0
52.45581325192646 0.1026907604627212 0
52.41963258581109 0.06692834699617123 0
52.38374200487611 0.07337926613377022 0
52.4075597627522 0.1222616220752588 0
52.49093268519174 0.1725333835771465 0
19.01283656324973 7.58261874198662 0
18.986498241622 7.946059913184419 0
19.4065675488797 8.035184590373609 0
19.50351933571537 7.56975428400997 0
24.94230254994625 0.2800056964155395 0
25.03324806990761 0.3396685402574917 0
24.97862413117986 0.4502691109404644 0
25.12109327368349 0.493014042139885 0
25.03202201479756 0.7093454957380434 0
25.2369858472981 0.4766099399206105 0
25.11998835377599 0.3537708633537839 0
25.2358809273906 0.3373667611345077 0
25.14925422299793 0.2367183607422767 0
25.06251393912955 0.2226160376459845 0
49.26682935523105 1.004017027341591 0
49.33162007491014 0.7328742441569371 0
49.17583158223665 0.650381954283592 0
49.07930436246438 0.8543398199143688 0
43.72490272027214 0.06912368771178556 0
43.69175065923652 0.03607869148433274 0
43.67290262576403 0.06599858417710891 0
43.70409613739886 0.1183910592404018 0
43.674170507827 0.1443566309050119 0
43.75338822419278 0.1615627633930981 0
51.61427509343349 0.04406934619587943 0
51.58884915474916 0.0227036518263759 0
51.56689722054522 0.04222499407375224 0
51.5863455910916 0.07133764637609019 0
5.465291433704131 7.479294110384339 0
5.579651950605275 7.092604485657294 0
5.162775497848266 6.860515852198006 0
5.395131693210452 6.418909554003426 0
4.563932405419912 6.706621593114766 0
5.016309897849673 7.411000859483899 0
29.63494607479835 0.2740605691514801 0
29.75201581376857 0.3144977465968566 0
29.7319082921843 0.4324555376348194 0
29.61483855321408 0.3920183601894429 0
29.79085110161515 0.6408656846054832 0
29.86675067509753 0.4191729798725827 0
29.83596986116078 0.3159445363107274 0
29.91942552799383 0.2856842721416619 0
29.83301001953805 0.2104087668730408 0
29.74905597214584 0.20896197715917 0
59.51393114894204 0.2807021325024568 0
59.54902917862267 0.2079332739144206 0
59.49065004425682 0.1761819433119083 0
59.43733839380422 0.2333929731056514 0
59.37813696148991 0.1829143864884895 0
59.39078236754713 0.3076014866037262 0
18.87152334921052 15.92714463720752 0
18.53340209876702 16.07269967425659 0
18.6454202730779 16.42053581353781 0
19.10488846274012 16.28530603892581 0
37.19960491185729 0.7529099152552572 0
37.10673651480244 0.9862594111399332 0
36.86898686342278 0.820040198290485 0
36.66536247837752 0.9747234671816702 0
36.92775993385803 1.351211086788059 0
37.62004350550507 1.214359320188892 0
44.97968974422774 0.1189899626361779 0
45.00313516156529 0.1970490106965279 0
45.04819708678626 0.1529952215371608 0
45.02215540248299 0.1063693601143569 0
41.22289902160052 0.1476964654995161 0
41.16806915645456 0.1567374923736864 0
41.15792049535831 0.1049256374300604 0
41.08302476136481 0.1478940585184496 0
41.1612678990825 0.2362058999454941 0
41.07622350399275 0.2273624660902573 0
41.20771008795477 0.3277914843986096 0
41.25579299228265 0.2046616518127671 0
52.11491092238097 0.466186197615567 0
52.31195102774087 0.4422763666926492 0
52.25498014713227 0.3192913360841718 0
52.15281388994424 0.3326319425183772 0
10.23939846368351 3.621419126493759 0
10.68648479867167 3.776579427213141 0
10.94296768730853 3.395616047874167 0
10.49045400904703 3.10783416398605 0
51.8719461482857 0.08077094845837784 0
51.88662423017065 0.05268495010422924 0
51.86067855528418 0.0272789263283606 0
51.83853330197979 0.05730738706328609 0
42.46337029730789 1.133729019117716 0
42.66314440094699 1.453312575944828 0
42.93873771692392 1.163083590400618 0
42.74566868531017 0.9779331915825118 0
3.075731726743559 9.685653929788275 0
3.54573871875246 9.891784690829029 0
3.751568656959094 9.4420502749443 0
3.263605067818155 9.149986424966235 0
55.10573478733486 0.137364669370303 0
55.08503573033613 0.1097489599784875 0
55.10614290814268 0.07130262809520005 0
55.12684196514141 0.09891833748701728 0
55.13222069854653 0.03558302099108346 0
55.08685786643256 0.03571960710411659 0
55.05931449058486 0.06874554146973288 0
55.05052547571399 0.1520037416101356 0
46.75856384374149 0.2088431287162358 0
46.70303371274543 0.1684603697348201 0
46.67107882089981 0.2043405181616045 0
46.71270441997918 0.2465136397388079 0
60.47414805830347 0.3066879172344112 0
60.40141727208284 0.3925817845585087 0
60.34741327273449 0.2849627235954912 0
60.27467046276553 0.3137491631016474 0
60.25519954049847 0.2180942810309006 0
60.15100002862185 0.3047524693649066 0
60.28090066630353 0.4482382771020017 0
60.48248582514071 0.6059162284173318 0
53.7360059083603 0.05564097764654363 0
53.7698823601071 0.07860584835150775 0
53.78082333272629 0.0443471300483349 0
53.75149040163559 0.02545026286640706 0
48.36836071066149 0.1302485747071884 0
48.396965028555 0.07245966852600105 0
48.36001423554018 0.03886223457920757 0
48.33317022344573 0.07156083972306426 0
22.70969836923312 0.1469535142652951 0
22.75400395889266 0.09292076193916721 0
22.78671228288396 0.1409489363669572 0
22.8170196586556 0.08354226742891768 0
22.78953138079455 0.0456330217293992 0
22.73347257809811 0.047287740209768 0
43.30829010539021 0.05316154021152286 0
43.26713970796382 0.09215305927166639 0
43.26763622679047 0.1629382780072781 0
43.21261979633148 0.1757481807344039 0
43.28789652762435 0.2476748806565361 0
43.32345842232169 0.1187232756060101 0
37.12770392635112 0.09100167769162759 0
37.17577443564799 0.1373427614158071 0
37.18272597308507 0.07625933148281661 0
37.14296625979951 0.04333379038424923 0
35.73757815029518 0.09723578555231072 0
35.75174738410528 0.05395817933257341 0
35.70741184577876 0.03041289879548614 0
35.69040529235637 0.05876983668002111 0
55.623373014314 0.02768434616053739 0
55.59322426239608 0.05140564880096576 0
55.6118231556756 0.08936510100470585 0
55.64255137447289 0.05313656077474249 0
36.65849069164874 0.07765935946168412 0
36.68335129248111 0.1252435607463216 0
36.70979617164697 0.07376352943010289 0
36.68161273544317 0.03957863105484094 0
22.94616259482042 0.08309199683881019 0
22.97659579516822 0.1447897670285094 0
23.00342443788647 0.08229847750699548 0
22.97239783815956 0.04416781008783666 0
50.85434553558274 0.04200553704469101 0
50.81985019888771 0.06751249079309574 0
50.81689116382334 0.1165981070972535 0
50.78017281989123 0.1202127377247386 0
50.81561705095451 0.200450617255056 0
50.87027965216203 0.1078549946017642 0
53.09475664237297 0.03525613773931902 0
53.05437063750114 0.05787447825737502 0
53.04988642684957 0.1020188223051939 0
53.10364573821812 0.08850300106914588 0
23.13208737177919 0.07922032907071497 0
23.16896934563019 0.1364824492263921 0
23.18898186968745 0.07742340869235775 0
23.15498360466613 0.04193269264947119 0
23.31597104850826 0.07060921545610555 0
23.35615683768701 0.1167800938581411 0
23.37163683962555 0.0635025437893475 0
23.33614027798642 0.03568530767502054 0
33.79705549893302 0.08978078756412167 0
33.84455837114567 0.1453886787852454 0
33.86316029427452 0.07795169896652432 0
33.81883133899347 0.04427943997324668 0
41.069980533765 0.06453938404037984 0
41.11526167941466 0.09434170251881824 0
41.12219451625013 0.05258593429585545 0
41.08895190317912 0.0306870152524592 0
23.49012327408635 0.0457859736995605 0
23.52577165587551 0.07031831790799004 0
23.49526980856894 0.1064923383135472 0
23.56075661611581 0.08078502277374966 0
23.53868576703741 0.03928970337844007 0
23.51084859176825 0.02245583524716288 0
42.60398927145079 0.07630088840038596 0
42.63823828384876 0.04662849132041202 0
42.60568296357174 0.02399565991401609 0
42.57155490894525 0.04908238503563389 0
41.61547939636876 0.1068222690524774 0
41.64921173198822 0.05796497538597123 0
41.61852551846171 0.03174639135077229 0
41.58782982526293 0.0601699977890906 0
50.49041819741594 0.03267068791090288 0
50.44667534711525 0.05624322341128618 0
50.44596699209191 0.1023350759787185 0
50.38820434397401 0.1127977891904006 0
50.4638447299082 0.1523060674835079 0
50.50085876651654 0.07136430282609396 0
45.71972529149873 0.05059717240367334 0
45.66742904542142 0.08404346129594309 0
45.65087008770138 0.1494017763955853 0
45.58553554332289 0.15400397459209 0
45.65079043376522 0.2367771942595596 0
45.72163128801407 0.1242577574685271 0
34.89072309898522 0.03216600152708082 0
34.87039052100616 0.05780014389217669 0
34.90288693682364 0.1057717306644292 0
34.8689855997229 0.1265627936570723 0
34.9630669411836 0.1463998341443187 0
34.92621830217475 0.06268128971040809 0
59.84933544566791 0.05903582135898944 0
59.89669093121038 0.08587276727347515 0
59.89819134158954 0.04803985758979579 0
59.8633432724335 0.02801569993846087 0
44.75573533998299 0.03472490123807148 0
44.72099294954204 0.05970439045067977 0
44.73556304153403 0.112583662843079 0
44.67920323526504 0.1240857980659626 0
44.78952145912663 0.1647648259976133 0
44.78083330191222 0.07172793906381258 0
44.60477109802862 0.1209616652862646 0
44.549001410527 0.1076699825819745 0
44.54875383111637 0.05702660265433046 0
44.50888734755286 0.03293535375666323 0
44.49593080211538 0.06615184383529638 0
44.52301886284138 0.1581717055985727 0
62.00326493738132 0.04538020075777105 0
61.96888297762239 0.0857103260998926 0
62.00321737876821 0.1507796790224241 0
61.93668259096179 0.1974147804474278 0
62.05740888299037 0.187589600443733 0
62.03127433808856 0.08367850683310607 0
62.18405344999377 0.03565425680916157 0
62.15732130893688 0.06925333094552499 0
62.18693271272096 0.1095351551211809 0
62.15014803677035 0.1560710204911011 0
62.21151737393914 0.1350384355378083 0
62.20681324374468 0.07007410758599697 0
61.0754955354848 0.06695012595297811 0
61.03614373597767 0.04010037304668757 0
61.02448779032763 0.09141719065819842 0
61.08121499862654 0.1219009367838559 0
61.07012872876868 0.1922116981569673 0
61.12755816719352 0.1328912238821474 0
58.04344826120803 0.04835490580115476 0
58.00664206700739 0.07927665829829955 0
58.01391485407913 0.1432137004531864 0
58.07096720003172 0.1184770779922122 0
43.52064242331502 0.1096560360336767 0
43.57721437727905 0.144469075110365 0
43.573259641349 0.2246374886101918 0
43.62289067225246 0.1584930467678625 0
43.56791379125842 0.08115298169442831 0
43.52633640225157 0.04802029149144715 0
38.72794915481001 0.07588578774230825 0
38.68794906008217 0.06617381735193817 0
38.69643321353698 0.03700348555353017 0
38.66375342008411 0.02107553812805385 0
38.64575223615393 0.04313621759425246 0
38.66002469663106 0.09971700725304089 0
39.72548857956696 0.1136593369231882 0
39.64796171671554 0.08560103747620929 0
39.68444051467334 0.05128244310860985 0
39.64437530289343 0.02621366694982541 0
39.60632070239313 0.0477941785419862 0
39.60323953020554 0.1021293544179542 0
62.39030049652869 0.8843767639086249 0
62.3185603779142 0.6836725494927958 0
62.42825988138551 0.6286770035554916 0
62.29723474629797 0.5151245982458903 0
62.2047338894137 0.6801718352526152 0
62.18340825779747 0.5116238840057079 0
62.04101711910361 0.6206493076750093 0
62.18905726888514 0.8776644015486745 0
62.02534049857506 0.8181418739710704 0
62.29875677235646 1.188944530536645 0
62.449313908359 0.426913179178495 0
62.41383592723496 0.3176883677041609 0
62.35249412586487 0.3557378982367663 0
62.33392622538126 0.2392686265304533 0
62.27215508241834 0.3815604840259788 0
62.37757378974451 0.489302012456676 0
61.73257481287306 0.04629042834039865 0
61.69452164912193 0.08541721150967696 0
61.72284963115685 0.1564931981531039 0
61.7632949224911 0.08703123126595713 0
61.42790885439756 0.06794762068346039 0
61.45211380062168 0.1256002875608146 0
61.49204329109692 0.07381177653829774 0
61.46308345410084 0.03793960296040844 0
54.71476860881809 0.1122032699119195 0
54.75211083755832 0.07532054268461508 0
54.72727899120764 0.03609867554924939 0
54.69681229161228 0.06154422400511805 0
22.6761555734122 0.0427007848855574 0
22.62288429105782 0.07374742511061605 0
22.62388433277184 0.1394880612539815 0
22.68529481817697 0.0899885250953254 0
60.74596884451663 0.1977971525181577 0
60.71168697762104 0.1352888663712957 0
60.75830465493853 0.08380926605640582 0
60.73924026764234 0.0419680778839151 0
60.7054730828826 0.07367722586841907 0
60.6669510612817 0.1568535413395349 0
58.69353005144529 0.05581907877120074 0
58.74442539405166 0.07560164149903059 0
58.73900497301475 0.1166005652165119 0
58.78604758569113 0.08416571775558701 0
58.73916107954943 0.04239583422548776 0
58.70124905519242 0.0248693728221987 0
61.18578021644429 0.05395169446512327 0
61.21737683818048 0.09803001900020369 0
61.18396668022218 0.1194248534200106 0
61.27535406125686 0.1327356645248869 0
61.24135323002749 0.05732576079908469 0
61.20570939494263 0.02969582572517027 0
32.18516805991131 0.02374384692265963 0
32.15165383753043 0.04846707502910164 0
32.17999932614551 0.07458386521676275 0
32.2092592248943 0.04396296742682537 0
57.50088847774723 0.02719086478143851 0
57.4654813429658 0.04652620275833286 0
57.46673344239092 0.08352468860087647 0
57.42727516458665 0.09401580660174602 0
57.47830254101588 0.1273261965251571 0
57.51265794480275 0.06002534676127347 0
48.49031653753975 0.8560938095636814 0
48.34370824583952 0.696752404175033 0
48.18866542703792 0.7865075793019702 0
48.36435000639138 1.043958306997567 0
32.73511757463723 0.1598723805452149 0
32.68674318523441 0.2130035370247754 0
32.64668632173203 0.1714852298034177 0
32.60148958418474 0.2058891356247905 0
32.61221502131299 0.266069486719438 0
32.73109668259831 0.2885510338146293 0
57.37416871720345 0.1407163639697977 0
57.35160863082683 0.1933071225618015 0
57.42533288794153 0.207472064342646 0
57.38573186685559 0.3146335691834992 0
57.4852625701874 0.1914770649131707 0
57.41837285877001 0.1433211959546341 0
22.63460182827378 7.38295886404781 0
22.45791121394188 7.955946282353862 0
23.06955756294125 8.238238370468478 0
23.32622755322107 7.629690623677037 0
59.10420780468244 0.3751184756420258 0
59.28267362204515 0.4989838262301625 0
59.19049974968647 0.6405069272681203 0
59.41767733502403 0.7169510079009402 0
59.41244220546426 0.5537914072605474 0
59.32227373653603 0.3850843429594626 0
41.8991374740264 0.2416852003707746 0
41.91262404592046 0.1400910137144535 0
41.86119645537016 0.1372231976173612 0
41.81428791183885 0.2244526755310652 0
26.81966186167601 0.2354952685482754 0
26.89568331188985 0.2742886790629626 0
26.856873348305 0.3590708958650879 0
26.78085189809117 0.3202774853504025 0
26.80536474127048 0.548923340321652 0
26.99065099430197 0.3814469185078906 0
26.9719095561547 0.2779813545016587 0
27.08026492955706 0.2470593540018911 0
26.97932462307603 0.1880910331552137 0
26.90309837881119 0.184398357716514 0
43.91718337755893 0.1317743470550923 0
43.87916365142592 0.111171136780257 0
43.89545628138575 0.06066163054050477 0
43.8673696205517 0.03392972045110554 0
43.84417856855865 0.06618153099948643 0
43.84264910934434 0.1564918119661804 0
7.104567111963981 15.65177569928118 0
7.06724369039587 15.98955397541693 0
7.385607073651627 16.01751346836038 0
7.382850611558332 15.68813776376846 0
57.11329385878744 0.2065977703252084 0
57.05493315286951 0.2481356531616754 0
57.09278572943784 0.3494984445741487 0
57.15684973155408 0.2541484360203548 0
31.94539425140393 0.3329032359196091 0
31.90093687336495 0.4060734792676701 0
31.77682585666545 0.3616810456339685 0
31.82128323470443 0.2885108022859058 0
31.66226530367878 0.2875027846462856 0
31.70637416638856 0.4248928808442081 0
31.832229547566 0.5246830074494699 0
31.71685151975734 0.6003789994584832 0
32.04084021295731 0.5741203759759657 0
32.10954753875626 0.4555108477941658 0
50.6803749630059 0.240357461418041 0
50.70390388309606 0.199984458503689 0
50.7364223584561 0.2236999904978472 0
50.76454859684742 0.1677143355212962 0
50.72635102530427 0.1526635012286022 0
50.74197524834807 0.1051619034320446 0
50.68938977910572 0.1305968480302475 0
50.66694263689751 0.1779178053053343 0
21.02025189061916 11.70015688223519 0
20.56361530750343 11.24913289348398 0
20.24002721936719 11.54651914922164 0
20.55702632748145 12.02101695954383 0
43.2154481452946 0.5804695881110966 0
43.37086285869428 0.4588585862501162 0
43.46658488506581 0.6062391284494222 0
43.53943808451613 0.4399331481760509 0
43.72967919976166 0.5187825753128763 0
43.5801856170674 0.3323856775114589 0
43.44926928998111 0.3791312153454776 0
43.3075914635878 0.361020553455031 0
42.82611730230138 0.09987184057536957 0
42.83825711230651 0.04091507197524891 0
42.78510214200996 0.0659900216959457 0
42.75476527858682 0.1160177316714286 0
53.87900164036759 2.001898751967508 0
54.22435457120375 1.528611400955818 0
54.70745145055811 1.857551665770309 0
54.47339202711657 1.159563334289921 0
53.93067318324633 1.320057187369297 0
53.61371101010023 1.547982983733963 0
53.42809930293235 1.258374460281676 0
53.06225750867771 1.867035114754557 0
10.78009691144138 5.38898929118788 0
10.50310164525062 5.357278186709529 0
10.54133194175981 5.145198047834448 0
10.27147388171615 5.33114351921339 0
10.44810237732851 5.535190891842834 0
10.21647461379404 5.509056224346695 0
10.34282023695325 5.727610751748873 0
10.73566534325712 5.598064751266149 0
6.675820932001702 5.300069520189336 0
6.156380582912387 5.601506208953253 0
5.861501275546978 5.032816873952717 0
5.769902658917182 5.942837195485117 0
6.47256092297409 5.978202772508766 0
6.842989846447644 5.747201981852404 0
51.48582877343008 0.1107554690145971 0
51.47402130516814 0.06454345667937744 0
51.43294067411838 0.04048452915297851 0
51.43897693139493 0.1018941742745003 0
61.92624242306198 1.006978590763984 0
61.72780573026334 0.8643810462786625 0
61.55750674479297 1.037811099507422 0
61.78293538894131 1.279300350143654 0
25.66008993475052 0.4951074199413856 0
25.56151197400798 0.6439608886287633 0
25.43614726483084 0.5394384723991639 0
25.30526166527618 0.6181040214522504 0
25.40414301761844 0.8651409952642783 0
25.80315525412915 0.8146290780973278 0
4.453278273147998 13.99388209053306 0
4.048648575746046 13.72719143688768 0
4.264031462118389 13.34431943705668 0
3.749568627467575 13.4764364783335 0
3.814575439400429 14.02163314654045 0
4.152885121927618 14.37282049945888 0
29.42942487924767 0.4334002573066691 0
29.3224432280594 0.506058395419144 0
29.44839120097639 0.6791902340576144 0
29.55200259732102 0.5099704686078503 0
59.25755615780912 0.187922299076547 0
59.18075196898472 0.2232756158441198 0
59.24192285482294 0.3199720805320858 0
59.31043148583404 0.2424892241763494 0
52.90335046555406 0.1134111206578581 0
52.90089671125165 0.06435156327297165 0
52.86197473736691 0.04015977757264722 0
52.84496385145809 0.09706150813874537 0
52.60849410923859 0.08502589606546707 0
52.6250461066706 0.03286887405465677 0
52.57248344552634 0.05073554500520139 0
52.54009171552134 0.08981610604953971 0
6.430858128524896 9.017314424519569 0
6.132870083145907 9.112774227962639 0
6.236158969783602 9.420699371063659 0
6.541912649750433 9.247509953735328 0
46.06836935134883 0.3474863268494701 0
46.02331529716484 0.4792093000922151 0
46.19576303105943 0.5169989449218093 0
46.16847812316117 0.3622043970428965 0
17.82289931653027 19.18785804007496 0
18.42174924647655 19.28972531368447 0
18.43046550472689 18.73911890874775 0
17.90442303812856 18.700495043002 0
22.2535682131864 19.91491903103396 0
22.75226535577797 19.48967104602409 0
22.34599197819696 19.13668278794753 0
21.8443487955998 19.39665418692742 0
43.14334093587925 0.1747950576421182 0
43.08939100439575 0.1610087668854465 0
43.10009485232647 0.08751111756629015 0
43.0646052447882 0.05218515218197339 0
43.03869158255416 0.117116872069353 0
43.05573014261608 0.2466898302222749 0
47.6650384553725 0.08980826306195588 0
47.63344342234235 0.04136055785467185 0
47.60289951042581 0.06950622225789616 0
47.6201039830822 0.126001003365964 0
32.33995245972224 0.2468814969658162 0
32.29125296483593 0.3147863200249681 0
32.23760031696808 0.2881714918999627 0
32.22753443192919 0.4335091024142059 0
32.36844181285426 0.3384225209873257 0
32.40243555548851 0.2543210183032052 0
56.76089466191173 0.2769863820163074 0
56.83593602121636 0.2191580444568118 0
56.80756997009031 0.1731706320767721 0
56.74589216527987 0.2000681112742768 0
56.73101131118532 0.1412331584118611 0
56.65475466894426 0.2316011249440013 0
45.22419957199376 0.24372242707814 0
45.22082831603993 0.3245291316816683 0
45.32355175656598 0.2975695105102183 0
45.37111362982219 0.4168558412960923 0
45.38344332564833 0.2660380671149802 0
45.28601211322426 0.2362217461924967 0
23.9202916654475 0.2712988395741149 0
24.0226959187259 0.3200802131021625 0
23.97559826248674 0.4403491481968729 0
23.87319400920835 0.3915677746688253 0
23.95466506239966 0.6570998821946681 0
24.13499787558709 0.4512551893240104 0
24.11406467550001 0.6680059233218074 0
24.25205137353086 0.4106625821787748 0
24.1086610819959 0.3224272141354056 0
24.22571457993967 0.28183460699017 0
24.11644960076899 0.2121340442925295 0
24.03048443749898 0.2097870432592899 0
31.0081780191037 0.8264553857773382 0
31.12342839320164 0.569547577785368 0
31.34343314431029 0.6738881600762863 0
31.22818277021235 0.9307959680682565 0
31.51232118965188 0.68356181883345 0
31.31663122570996 0.5133213073697007 0
31.1967919660894 0.4622219868183493 0
30.99992234505998 0.4566097591424274 0
26.47878334171225 0.2798109624921352 0
26.58959436100192 0.2984961718707897 0
26.5882492931354 0.4223939920338395 0
26.7143791251355 0.368543241098223 0
26.66206296116734 0.2869196390864825 0
26.728535734123 0.2386538833386602 0
26.64125933603102 0.1915129477874622 0
26.5687907358656 0.2030894805717693 0
28.69644033152751 0.2684314896985178 0
28.81450074665501 0.2948132479220398 0
28.83021496216791 0.41355424970447 0
28.93894448124389 0.3831657409361782 0
28.88985213715798 0.2875435375672595 0
28.96152647441881 0.2418621454904937 0
28.86663703009174 0.190787243549714 0
28.79128563958877 0.1980569539044943 0
41.04367323973332 0.3382197155869662 0
40.94332747235684 0.3189542981332174 0
40.87798838736754 0.4154450537285612 0
41.03192178862731 0.4831770138013312 0
40.88978661591229 0.6600542967393608 0
41.19595863684876 0.4727487826129764 0
40.69002207662852 0.2141274895393366 0
40.75011961350062 0.1709016029280406 0
40.71165340037607 0.1358470810281975 0
40.66497570303007 0.1619272335280346 0
30.37350394190533 0.511067052492205 0
30.26586119829075 0.5971435723691521 0
30.39825254607128 0.8561445959829381 0
30.51668573445312 0.622583368189666 0
30.82506961672379 0.838458092758497 0
30.54984670312523 0.4461570158561639 0
62.02473142783792 0.2929682977111447 0
61.96600573777148 0.3961705243355862 0
62.08619629354517 0.4746084583386345 0
62.09993067548632 0.341786190542388 0
62.19714263973862 0.3788016162094614 0
62.13260813063876 0.236407493274978 0
27.74298805822971 0.2319105535013612 0
27.80409209144164 0.2876265690788848 0
27.74110112234248 0.3686195409974005 0
27.83342366727507 0.4450357809895689 0
27.72456631430681 0.5745595679721269 0
27.9477438814198 0.4547171222897077 0
27.87461557063722 0.3088121957268193 0
27.98893578478195 0.3184935370269582 0
27.91586247980618 0.2121424511744081 0
27.84533900061059 0.1909568245264737 0
9.704837260261201 5.721088238107521 0
9.992014358182701 5.82848012076289 0
10.08547842363613 5.634107359592857 0
9.809990719806429 5.50772158693735 0
9.940986909964348 5.38267045169119 0
9.497798882457161 5.298001104527241 0
35.73700084099738 0.5656874578575 0
35.71429396177042 0.7450912654052999 0
35.91929099360382 0.7457633113910767 0
35.86443168361782 0.5575902074063421 0
29.34025140048016 5.791779791091626 0
29.02048401186343 6.17267301364377 0
29.32968754365755 6.696610245324809 0
29.91107362115093 6.262698970085014 0
32.77455269401361 0.6344087333024291 0
32.60504680957824 0.6298694228640151 0
32.50218855780715 0.8287999090332647 0
32.27725327672422 0.7207280296910987 0
32.48276325125973 1.202586661134042 0
32.81795130354615 0.8621228928419828 0
44.60223290519605 0.294956875607145 0
44.7287106593142 0.3148778684480344 0
44.68920809834036 0.207403211495226 0
44.61477596110394 0.2042790787155297 0
31.77486397979785 0.1371752662510168 0
31.75334825388863 0.1851182576258417 0
31.69391234660039 0.1551711917853282 0
31.65891499885094 0.1876229281154504 0
31.61101286722278 0.1479441781450266 0
31.59360183066628 0.2304603774915766 0
31.72757847186344 0.2446653352701595 0
31.84705301672962 0.2289637246415879 0
6.196680084053874 15.42322021124733 0
5.947573724265382 15.26073658321484 0
5.730956959836824 15.60413794518218 0
6.104903624129697 15.73880497073062 0
53.50216863682853 0.3060901092606585 0
53.57569278902862 0.2296976474519425 0
53.52725086570801 0.1850816978648968 0
53.46121620666348 0.2210994450176749 0
53.92415893078794 0.06847672678196837 0
53.91052657926772 0.0292788994028097 0
53.87774562203431 0.04925200965892174 0
53.8803328927773 0.0873029109554686 0
39.97395668928753 0.839158972685162 0
40.28057168223184 0.948401113898198 0
40.23246852231249 0.7000521351808828 0
40.05993488576085 0.6561908188106305 0
12.0198669619621 22.85950440284796 0
12.56829036804152 23.34008437474675 0
12.97508491399118 22.73741880129636 0
12.42210189783938 22.33114043208212 0
49.7824872730246 0.1058236535189998 0
49.73794968172652 0.1559059004131846 0
49.66553293190941 0.1155761345929918 0
49.66949593325978 0.2386101931296878 0
49.84252410748635 0.2172240697857966 0
49.84812255221089 0.1223887794425096 0
56.47709370711787 0.3973261925731393 0
56.4579728489075 0.2799430083623022 0
56.38694407142877 0.2584948392079482 0
56.36572038005845 0.3649067411124136 0
18.10420856014232 21.06697755116739 0
17.43840193325055 20.87722098447654 0
17.21772795949931 21.43360352420075 0
16.59550038460673 21.19355544148633 0
16.92948538124726 22.00443404039135 0
17.85544471172406 21.73007871923271 0
24.55223742560324 0.5626292240140423 0
24.4454576499303 0.4705554935219602 0
24.3253606236678 0.5482700717627775 0
24.42931970325479 0.7436529568421459 0
30.60983220805814 0.1543296966393086 0
30.5742004232309 0.1431201996841889 0
30.54543678441712 0.1806486730142396 0
30.61264533342068 0.2308833944100499 0
30.54970302086969 0.2872118331718418 0
30.6834532441777 0.2365152820395213 0
29.28046103080496 0.1264524436311056 0
29.25191297648935 0.1255101753287402 0
29.23846530775789 0.1688385473163017 0
29.29457489508107 0.1722877655223662 0
31.26291564315617 0.1318116454090426 0
31.23324565451475 0.1323154011305352 0
31.22709666056959 0.1818161331993196 0
31.28553258149015 0.1771517715445441 0
31.54829692035961 0.1214047328109942 0
31.51799147961531 0.122192128189555 0
31.51350250411071 0.1654483679247143 0
31.57426230169422 0.1631061523649286 0
30.71486962681819 0.3688046501679079 0
30.71501330907373 0.5277498328522299 0
30.89812171145363 0.5157471258710729 0
30.81407013227459 0.3735935255155169 0
30.91587076588094 0.3144561587868715 0
30.7826537496341 0.2413041573871304 0
46.91664132791671 0.1985433397460845 0
46.95387600198132 0.1958427954750022 0
46.95542425755237 0.1390840234940356 0
46.92970854421412 0.1370802824907269 0
43.96574763167766 0.2154145371172547 0
43.9094173542419 0.2111451377327924 0
43.87783548321879 0.3148229039959336 0
43.81106723832123 0.2601695782293234 0
43.83171207374625 0.4955047853849841 0
43.9838221848194 0.3250760958021637 0
47.22709401063291 0.2005729817516535 0
47.15444520438579 0.2466463260460401 0
47.22037347469359 0.3603769722197718 0
47.2828184503469 0.2435073778520511 0
28.10082535031897 0.9471616626745352 0
28.06575575099776 0.6790204197636029 0
27.91273307877445 0.6732562737564489 0
27.81785261001333 0.8981233171451741 0
15.52858976599159 21.97528736138614 0
16.0695067313398 22.24038382544953 0
16.35356293362261 21.71838958585597 0
15.77831777911418 21.46416914099328 0
28.92148697425484 0.1885445088856663 0
28.96099806731524 0.154432985232722 0
28.93999033672227 0.1216457988158144 0
28.91101853830209 0.1294218760181352 0
49.55808450365597 0.1116510008020448 0
49.51369627508639 0.1198712025506783 0
49.5387360022268 0.1689844101747386 0
49.61567495399668 0.1519473751423526 0
27.75843435751964 0.1525549592481887 0
27.79191460778954 0.1851879801267522 0
27.81351718648257 0.1275754653247549 0
27.78608104509078 0.1192103558534896 0
26.09264739685773 0.1995502404451557 0
26.15060832514868 0.2019815655851875 0
26.14004910934649 0.1475516472121914 0
26.1108744739663 0.1467278055940717 0
50.70978167017107 0.08876536118525635 0
50.72371216505101 0.05152193384567738 0
50.69562128103395 0.02922362542538792 0
50.67611295645779 0.06419033115619399 0
26.69514950343698 0.1875085999623352 0
26.73854442009651 0.1542943325828041 0
26.77193065078253 0.2054396159591327 0
26.76797882472818 0.1294747126619828 0
26.7138685821477 0.1209463492258056 0
26.68456001010649 0.1295327161179589 0
27.42281290535738 0.2228271800559654 0
27.43037578230723 0.1564384249098971 0
27.48685115898986 0.1534796423625586 0
27.47988644247209 0.1143729095746835 0
27.45102466058019 0.1149125547172396 0
27.39354248485973 0.1439321587709443 0
26.50687381126982 0.1437945788083113 0
26.47516936312389 0.1377178985741843 0
26.45615264134307 0.1785026029095889 0
26.51206029862581 0.2089878768810234 0
10.76228035462107 18.18206463432511 0
10.9341199129391 18.35432281385464 0
11.11235003484224 18.20726092464882 0
10.8863221262679 17.97513431231925 0
23.98120511133337 0.1418723775198991 0
23.95084947171433 0.1334079700933479 0
23.92395276361434 0.1704450221775318 0
23.97050626152387 0.2090795662064604 0
24.62594831420462 0.1333247877720112 0
24.59645441193446 0.1331786856522221 0
24.57941602938692 0.1833413899931848 0
24.63758868086177 0.1818794284165151 0
26.85228494391034 0.1269166546674452 0
26.82182553272828 0.1192686787683499 0
26.80001249305496 0.1531076561389746 0
26.84774370394845 0.183163308728119 0
25.61950977121074 0.1440223711044801 0
25.58874703396642 0.1451333192807027 0
25.57430712555265 0.2019777540394863 0
25.63682954828361 0.195905096901706 0
4.967094021595162 6.063069115264927 0
5.341864987301893 5.586996756746618 0
4.874573197741626 5.138787184325167 0
4.427904186183611 5.689031122717283 0
55.18510973404922 1.31156886386926 0
55.15072746210379 0.9677535114794349 0
55.43891729565785 0.8910000273369221 0
55.20572928791479 0.6479947629241138 0
54.91094532283413 0.9475287278430962 0
54.76974481890972 1.296394992560646 0
41.45353598747815 0.6301170806669045 0
41.23897537468426 0.6743837771847794 0
41.24946913422829 0.9351788392113498 0
41.57161699221626 0.8339627485418362 0
55.2003832494974 0.07779375148858314 0
55.17752989471782 0.03778879171435712 0
55.1519087702081 0.07337181270544058 0
55.16675800893828 0.1152908125128462 0
55.14169120387159 0.1408373372944247 0
55.19073728506264 0.161612318876017 0
31.82945769690546 0.1570361533902194 0
31.89469501441204 0.1546888114536351 0
31.87501181195743 0.1167319901082244 0
31.84085116093967 0.1147516601517875 0
29.6880070429257 0.1415446590382832 0
29.65134784164195 0.1323024696087494 0
29.6172856212224 0.1730766682194922 0
29.68135271724688 0.2088371927609778 0
27.35373784245791 0.1861208285077876 0
27.31681086723243 0.1583104590200843 0
27.26442912215644 0.1931405584569656 0
27.29876154899333 0.2491992565313588 0
59.75255360456459 0.4009934970744666 0
59.88017495190211 0.4241222891776708 0
59.87516307874431 0.3086340499974405 0
59.78310556428397 0.2998381981827869 0
35.14377554221064 0.1410265448563202 0
35.17307096778476 0.07944507947425627 0
35.14769031879452 0.0417676555132438 0
35.11313050230916 0.07519660177170095 0
48.66452307223629 0.07049740659839188 0
48.62856101954155 0.03876720582651316 0
48.59968102330581 0.07250389512431177 0
48.64217038212199 0.1316983551586937 0
50.30372983629236 0.11721713279697 0
50.24345530533503 0.1075243446607566 0
50.27570695552102 0.05936482432282908 0
50.23766251968119 0.03344061298637158 0
50.19693043310542 0.06827653200300965 0
50.15174505755714 0.1603442599970641 0
39.9564411621204 0.1164524448576074 0
40.00378433828789 0.06612953057379833 0
39.98461306742004 0.0341324107562464 0
39.93769114785304 0.06050493231432341 0
34.15102463240685 0.1356780008559557 0
34.18625410911838 0.07580839497298086 0
34.15834941022362 0.04010361961943332 0
34.1193392559579 0.07290312382100161 0
38.00106358340771 0.07006303956810989 0
37.95393001046879 0.03787820472192749 0
37.93811640109907 0.07122220512711586 0
37.99213180069714 0.1272868698158991 0
33.33909001915452 0.1499082359739639 0
33.37602564849985 0.08177115889418296 0
33.34953221589764 0.04412432823931312 0
33.31132724827668 0.08143191326271904 0
36.00902044452232 0.1044715814212225 0
36.05511239644614 0.0596830687547687 0
36.03653262992722 0.03091759001672045 0
35.99375336194576 0.05467641144324631 0
58.27216376523952 0.5982938495697869 0
58.17964709565072 0.4308798522117314 0
58.0756271711089 0.4433856875357201 0
58.0559496642507 0.611931901787754 0
25.01806875634653 0.1467985201585389 0
24.98479179058527 0.1353198201553099 0
24.94581454959814 0.1747108811360505 0
24.99688529496675 0.2173163953404718 0
21.07979845141774 1.693048969471603 0
21.23096968547894 1.309255427870408 0
21.02755708226514 1.067052971411751 0
20.71644481532103 1.567847553033188 0
28.72114852414833 0.1369924727001735 0
28.68421107907016 0.1291003653921035 0
28.66079490059371 0.1709561135801039 0
28.72776328872986 0.201300996174238 0
36.56334875393636 0.1786410746233287 0
36.53034349419528 0.1848817840356958 0
36.51203602977466 0.2609996823080607 0
36.57810850143066 0.2456209325384968 0
62.19455748016784 0.2684576048532179 0
62.26956992284755 0.271216472669737 0
62.2528348612106 0.1882965194774382 0
62.21209738629943 0.188121132069341 0
55.14756252333461 0.2887280786843895 0
55.13821241684356 0.1952204534763364 0
55.10225600030684 0.1917477855522165 0
55.08112809932003 0.2617222883189179 0
60.54298792021684 0.3680920893086164 0
60.6676833355094 0.3706947820851365 0
60.65210419869206 0.2502516866109161 0
60.59156069409337 0.2481117160249795 0
53.11392475879164 0.3039960284845336 0
53.02436148785326 0.2998025495341317 0
52.98271051877619 0.404510004170902 0
53.13031237107734 0.4205246630857804 0
58.74118105214707 1.717355540377547 0
59.20259134635921 1.868230503536415 0
59.24132983136371 1.496495594711126 0
58.91933828048472 1.374093082487342 0
57.59424160724058 0.2085198924177618 0
57.52666450475984 0.2548591874983366 0
57.59889230317165 0.3685109428950071 0
57.65847436822283 0.2520210830289535 0
51.72211803567352 0.2838060373367082 0
51.78441080676217 0.2064608321067531 0
51.7326383852153 0.1684471009923829 0
51.66229218509845 0.1978225846536308 0
30.85019448348829 0.2408411706722564 0
30.89634096039048 0.1968857393583328 0
30.86035678073479 0.1498213471697678 0
30.82727836244609 0.1616882206299497 0
32.85346660348397 0.1437062173601316 0
32.81658901079192 0.1396519539709224 0
32.77969464149982 0.1919606859109226 0
32.85283219976531 0.2131765857455541 0
47.97105452213593 0.2110975438662255 0
48.0370518272981 0.2243701668915605 0
48.00143387626458 0.1487425633660742 0
47.96663807834582 0.1483803520637395 0
54.34157008245995 0.305762285039517 0
54.29386465047803 0.4607187250853126 0
54.45774648552921 0.4404337522713409 0
54.42805633115358 0.3174790709802906 0
49.2489621534299 0.1436342270156992 0
49.21651406194281 0.1459253080799883 0
49.21312516017102 0.2094787712211321 0
49.28047814879845 0.1975679650641062 0
46.38391456368836 0.1274063491997826 0
46.35275993070383 0.1301821985637446 0
46.35057548095824 0.1795412069018631 0
46.41194467567959 0.174751281295574 0
29.93335466487408 0.1365276039619694 0
29.89663959613249 0.1448965810368943 0
29.89674413041158 0.2133504084591848 0
29.95861831047974 0.1871144644405405 0
56.61810945857778 0.1520822500134056 0
56.67664965304184 0.1593443991861321 0
56.67018642280715 0.1130459289279617 0
56.63675189120195 0.1136745400704307 0
28.03341338064832 0.1435369291771007 0
27.99601672587319 0.150599911576542 0
27.97597636329107 0.2230092620133135 0
28.04761321245755 0.1949017083323952 0
25.21862263653749 0.244702631780509 0
25.2982017874951 0.2161050176457593 0
25.27321604560754 0.1556203722944396 0
25.23219608591549 0.1640676012967202 0
24.18169716334414 0.2120692818296241 0
24.24283293005639 0.1728492048754156 0
24.21540940302564 0.1325512069746502 0
24.17961871896691 0.1425361922676931 0
27.04097103247556 0.1889695639317566 0
27.09965570758092 0.1577703068413285 0
27.07395273453637 0.1220628453293457 0
27.03923937346823 0.1301356198591055 0
25.78564677626501 0.5568133347552155 0
25.96905232790547 0.5486827289994416 0
25.91581504465233 0.416289333156648 0
25.82839014629442 0.4156722445266734 0
50.38567347826297 0.1853188554235743 0
50.30119897058132 0.1897381990301437 0
50.28757021880647 0.2953265874682636 0
50.41820642366235 0.2534799909518171 0
50.50364169166259 0.3844710414534624 0
50.49637767530758 0.2204672030117507 0
38.2712558088343 0.2595417037650094 0
38.38036504649538 0.2473285625772927 0
38.34031417532032 0.1761613990158715 0
38.28154857029169 0.1739889952999985 0
43.75996542575183 0.3239819824031631 0
43.70228641162338 0.2253751675669378 0
43.65100657604884 0.2395115834297883 0
43.65793255176724 0.3472597723310553 0
37.4302386237262 0.1599306300948857 0
37.38188311820667 0.1569226961732006 0
37.37606993406312 0.2281456984737886 0
37.45307593983642 0.2280274587293825 0
58.43444288655665 0.1302060111241587 0
58.38451915260326 0.1245872849336038 0
58.36867846056116 0.1770124170308378 0
58.46004071803895 0.191478186867041 0
58.46616024885959 0.2979874843400729 0
58.52052966849463 0.1787384415220608 0
33.56228778257277 0.305500239061903 0
33.669857072246 0.2996930685975627 0
33.64352148595547 0.2096851968324351 0
33.58705267266818 0.2063951692694488 0
34.4494172763097 0.2131808223163674 0
34.39472140227671 0.2059225709964636 0
34.36895171278426 0.2968603502414844 0
34.47558831007207 0.3110421128672876 0
22.30188848427357 0.03412474344660055 0
22.32999878856856 0.08782789373720234 0
22.37401953895434 0.05014976562918427 0
22.34198791084543 0.02386748473288591 0
45.54367870780952 0.3417766354995404 0
45.55971884460301 0.2386401947139767 0
45.48832421118745 0.2318292424414388 0
45.44444221352615 0.2986873741770673 0
34.89826711251277 0.2027665589067738 0
34.84357241778098 0.2114414140396708 0
34.85387944643883 0.3126562872893146 0
34.95702645270535 0.2988988028754402 0
23.54311977420699 0.1809705620718134 0
23.61243050808979 0.1688966371629341 0
23.60274096495825 0.1212926241883956 0
23.55733366004544 0.1219354567380968 0
37.79145282099866 0.1878636767981163 0
37.75257041394929 0.1903561193039565 0
37.74941054341038 0.263925107020242 0
37.83909135632938 0.2677428273456677 0
50.30774690922605 1.336801380954984 0
50.79379592378869 1.303409361484867 0
50.66964518261218 0.9595378164669839 0
50.37479367754401 0.9676108182417202 0
43.22479440397964 0.3937061177088772 0
43.20509946801619 0.2803604449103823 0
43.13582060756396 0.2794073218180984 0
43.09987640476839 0.3968894258003548 0
23.63683333466866 0.6709939384645516 0
23.78197736330879 0.503664995188764 0
23.69160029237439 0.4181562292177947 0
23.5811028872764 0.4684169671873963 0
55.92294578383883 0.1739476341087851 0
55.8880024092247 0.1566716228737501 0
55.84855126679811 0.194209651061243 0
55.89501978867411 0.2718388586867704 0
50.61843381403239 0.288097175290865 0
50.63497054045936 0.2331584450070032 0
50.59325056153939 0.206915464032857 0
50.54152670116612 0.2641212755681099 0
3.379744150219807 13.0265778115374 0
3.811776509239401 13.11819339151826 0
4.001480852422453 12.71637702506383 0
3.44527572140581 12.46955166394581 0
7.068352164124658 20.72520408925484 0
6.660186165115796 21.00752528065012 0
6.96775987261087 21.56377191067887 0
7.447436359955471 21.12574931664843 0
58.669863494574 0.3423407993010752 0
58.71717494029085 0.235916405232885 0
58.87516538041146 0.2860671587729016 0
58.74534865677592 0.1756661931518373 0
58.63803116068865 0.1982192749902794 0
58.58065284333428 0.2386761391736218 0
31.84830184126277 1.193746940471494 0
32.09734744448677 0.9250630548908809 0
31.86093438071986 0.7784554011757479 0
31.65640405061441 0.8616382205507165 0
32.1355468758309 0.2735547056937424 0
32.0682645062664 0.2803278126873536 0
32.0519311903777 0.3464854280806833 0
32.16991808355063 0.3244836827007251 0
9.900788463439319 5.1730732955957 0
10.23127543519113 5.121546363117901 0
10.28110993032001 4.865085573171889 0
9.902580237602812 4.839715410450728 0
22.01388311074477 0.4032868884997907 0
21.93817743480719 0.3552988127021734 0
21.78553170202867 0.3957135061383763 0
21.89252096581697 0.5599653434968737 0
61.15756428846348 0.3069256332313266 0
61.26407087812211 0.2699431062605555 0
61.21094566674589 0.1914496654914828 0
61.15453715371723 0.2049160359536195 0
39.63457508664141 0.1652718394642321 0
39.56931777546028 0.170575282748203 0
39.57598205747479 0.2584541917419454 0
39.69418499519642 0.2481030804739213 0
52.66349104236001 1.318716081347437 0
53.11469927732054 1.336042503314776 0
53.06690768148729 1.023428682069834 0
52.81863894465264 0.9961716870048498 0
38.72189439323355 0.1733874763709977 0
38.80665999486023 0.1737076259573342 0
38.78694128748331 0.1167106273670449 0
38.73282415182227 0.1172401377948642 0
37.57316153507294 0.599393310621922 0
37.43712521824249 0.6080620621012152 0
37.43398493893703 0.8325252086120702 0
37.69694958967526 0.8060829858653094 0
40.43320625548338 0.204480534208324 0
40.47735594326389 0.149221755028492 0
40.44281214958384 0.1213837489879488 0
40.40113420484182 0.1378084182965118 0
42.3726886943457 0.2194123914310673 0
42.44817396033267 0.179857119399685 0
42.41618393916744 0.136268393686553 0
42.37275683128286 0.147368446377925 0
60.20636351000928 0.1523310400906901 0
60.17253426821921 0.1424917590706869 0
60.13045250241712 0.1851822342925686 0
60.19868192860619 0.2203877544609689 0
55.51916164016318 0.443877056400547 0
55.40906003390349 0.4749767048118834 0
55.38587505214196 0.6690299187543793 0
55.57768850945149 0.5781100453740962 0
26.96585979338546 8.895433062225443 0
27.60218972474276 9.284673404719332 0
27.84979159370416 8.684554318708155 0
27.36826287531704 8.426241181251505 0
45.04985285875369 1.129652065251797 0
45.47992053022654 1.215152461242379 0
45.43354665886487 0.8853348309604137 0
45.18104228857671 0.8431809918285715 0
27.1852704685086 17.56051790104313 0
26.46534865845768 17.64740606250545 0
26.62288390296435 18.26874996743396 0
27.21704474896416 18.21500167846299 0
33.94237256161212 0.9090421979651566 0
34.24112796351606 0.9097373001425986 0
34.12133632081226 0.6825409223580081 0
33.99192812185942 0.6828523220514136 0
14.70113199070561 4.818779971306054 0
14.98219698207976 4.911872234808612 0
15.18403537526113 4.55519933344795 0
14.76537097817138 4.420934002735168 0
22.53073744317213 0.9491930947929497 0
22.86193728770727 0.983026776379802 0
22.81005169673017 0.7064919873564666 0
22.64438621166597 0.7020217583109414 0
58.81431275424988 0.1850772566778076 0
58.8983159475362 0.1606967091836609 0
58.85583254214298 0.11955335407057 0
58.80796907048872 0.1260116287424822 0
$EndNodes
$Elements
9 5951 1 5951
1 8 8 94
1 1 9 102 
2 9 10 103 
3 10 11 104 
4 11 12 105 
5 12 13 106 
6 13 14 107 
7 14 15 108 
8 15 16 109 
9 16 17 110 
10 17 18 111 
11 18 19 112 
12 19 20 113 
13 20 21 114 
14 21 22 115 
15 22 23 116 
16 23 24 117 
17 24 25 118 
18 25 26 119 
19 26 27 120 
20 27 28 121 
21 28 29 122 
22 29 30 123 
23 30 31 124 
24 31 32 125 
25 32 33 126 
26 33 34 127 
27 34 35 128 
28 35 36 129 
29 36 37 130 
30 37 38 131 
31 38 39 132 
32 39 40 133 
33 40 41 134 
34 41 42 135 
35 42 43 136 
36 43 44 137 
37 44 45 138 
38 45 46 139 
39 46 47 140 
40 47 48 141 
41 48 49 142 
42 49 50 143 
43 50 51 144 
44 51 52 145 
45 52 53 146 
46 53 54 147 
47 54 55 148 
48 55 56 149 
49 56 57 150 
50 57 58 151 
51 58 59 152 
52 59 60 153 
53 60 61 154 
54 61 62 155 
55 62 63 156 
56 63 64 157 
57 64 65 158 
58 65 66 159 
59 66 67 160 
60 67 68 161 
61 68 69 162 
62 69 70 163 
63 70 71 164 
64 71 72 165 
65 72 73 166 
66 73 74 167 
67 74 75 168 
68 75 76 169 
69 76 77 170 
70 77 78 171 
71 78 79 172 
72 79 80 173 
73 80 81 174 
74 81 82 175 
75 82 83 176 
76 83 84 177 
77 84 85 178 
78 85 86 179 
79 86 87 180 
80 87 88 181 
81 88 89 182 
82 89 90 183 
83 90 91 184 
84 91 92 185 
85 92 93 186 
86 93 94 187 
87 94 95 188 
88 95 96 189 
89 96 97 190 
90 97 98 191 
91 98 99 192 
92 99 100 193 
93 100 101 194 
94 101 1 195 
1 9 8 22
95 2 196 217 
96 196 197 218 
97 197 198 219 
98 198 199 220 
99 199 200 221 
100 200 201 222 
101 201 202 223 
102 202 203 224 
103 203 204 225 
104 204 205 226 
105 205 206 227 
106 206 207 228 
107 207 208 229 
108 208 209 230 
109 209 210 231 
110 210 211 232 
111 211 212 233 
112 212 213 234 
113 213 214 235 
114 214 215 236 
115 215 216 237 
116 216 3 238 
1 10 8 28
117 4 239 266 
118 239 240 267 
119 240 241 268 
120 241 242 269 
121 242 243 270 
122 243 244 271 
123 244 245 272 
124 245 246 273 
125 246 247 274 
126 247 248 275 
127 248 249 276 
128 249 250 277 
129 250 251 278 
130 251 252 279 
131 252 253 280 
132 253 254 281 
133 254 255 282 
134 255 256 283 
135 256 257 284 
136 257 258 285 
137 258 259 286 
138 259 260 287 
139 260 261 288 
140 261 262 289 
141 262 263 290 
142 263 264 291 
143 264 265 292 
144 265 2 293 
1 11 8 10
145 3 294 303 
146 294 295 304 
147 295 296 305 
148 296 297 306 
149 297 298 307 
150 298 299 308 
151 299 300 309 
152 300 301 310 
153 301 302 311 
154 302 5 312 
1 12 8 64
155 6 313 376 
156 313 314 377 
157 314 315 378 
158 315 316 379 
159 316 317 380 
160 317 318 381 
161 318 319 382 
162 319 320 383 
163 320 321 384 
164 321 322 385 
165 322 323 386 
166 323 324 387 
167 324 325 388 
168 325 326 389 
169 326 327 390 
170 327 328 391 
171 328 329 392 
172 329 330 393 
173 330 331 394 
174 331 332 395 
175 332 333 396 
176 333 334 397 
177 334 335 398 
178 335 336 399 
179 336 337 400 
180 337 338 401 
181 338 339 402 
182 339 340 403 
183 340 341 404 
184 341 342 405 
185 342 343 406 
186 343 344 407 
187 344 345 408 
188 345 346 409 
189 346 347 410 
190 347 348 411 
191 348 349 412 
192 349 350 413 
193 350 351 414 
194 351 352 415 
195 352 353 416 
196 353 354 417 
197 354 355 418 
198 355 356 419 
199 356 357 420 
200 357 358 421 
201 358 359 422 
202 359 360 423 
203 360 361 424 
204 361 362 425 
205 362 363 426 
206 363 364 427 
207 364 365 428 
208 365 366 429 
209 366 367 430 
210 367 368 431 
211 368 369 432 
212 369 370 433 
213 370 371 434 
214 371 372 435 
215 372 373 436 
216 373 374 437 
217 374 375 438 
218 375 4 439 
1 13 8 150
219 5 440 589 
220 440 441 590 
221 441 442 591 
222 442 443 592 
223 443 444 593 
224 444 445 594 
225 445 446 595 
226 446 447 596 
227 447 448 597 
228 448 449 598 
229 449 450 599 
230 450 451 600 
231 451 452 601 
232 452 453 602 
233 453 454 603 
234 454 455 604 
235 455 456 605 
236 456 457 606 
237 457 458 607 
238 458 459 608 
239 459 460 609 
240 460 461 610 
241 461 462 611 
242 462 463 612 
243 463 464 613 
244 464 465 614 
245 465 466 615 
246 466 467 616 
247 467 468 617 
248 468 469 618 
249 469 470 619 
250 470 471 620 
251 471 472 621 
252 472 473 622 
253 473 474 623 
254 474 475 624 
255 475 476 625 
256 476 477 626 
257 477 478 627 
258 478 479 628 
259 479 480 629 
260 480 481 630 
261 481 482 631 
262 482 483 632 
263 483 484 633 
264 484 485 634 
265 485 486 635 
266 486 487 636 
267 487 488 637 
268 488 489 638 
269 489 490 639 
270 490 491 640 
271 491 492 641 
272 492 493 642 
273 493 494 643 
274 494 495 644 
275 495 496 645 
276 496 497 646 
277 497 498 647 
278 498 499 648 
279 499 500 649 
280 500 501 650 
281 501 502 651 
282 502 503 652 
283 503 504 653 
284 504 505 654 
285 505 506 655 
286 506 507 656 
287 507 508 657 
288 508 509 658 
289 509 510 659 
290 510 511 660 
291 511 512 661 
292 512 513 662 
293 513 514 663 
294 514 515 664 
295 515 516 665 
296 516 517 666 
297 517 518 667 
298 518 519 668 
299 519 520 669 
300 520 521 670 
301 521 522 671 
302 522 523 672 
303 523 524 673 
304 524 525 674 
305 525 526 675 
306 526 527 676 
307 527 528 677 
308 528 529 678 
309 529 530 679 
310 530 531 680 
311 531 532 681 
312 532 533 682 
313 533 534 683 
314 534 535 684 
315 535 536 685 
316 536 537 686 
317 537 538 687 
318 538 539 688 
319 539 540 689 
320 540 541 690 
321 541 542 691 
322 542 543 692 
323 543 544 693 
324 544 545 694 
325 545 546 695 
326 546 547 696 
327 547 548 697 
328 548 549 698 
329 549 550 699 
330 550 551 700 
331 551 552 701 
332 552 553 702 
333 553 554 703 
334 554 555 704 
335 555 556 705 
336 556 557 706 
337 557 558 707 
338 558 559 708 
339 559 560 709 
340 560 561 710 
341 561 562 711 
342 562 563 712 
343 563 564 713 
344 564 565 714 
345 565 566 715 
346 566 567 716 
347 567 568 717 
348 568 569 718 
349 569 570 719 
350 570 571 720 
351 571 572 721 
352 572 573 722 
353 573 574 723 
354 574 575 724 
355 575 576 725 
356 576 577 726 
357 577 578 727 
358 578 579 728 
359 579 580 729 
360 580 581 730 
361 581 582 731 
362 582 583 732 
363 583 584 733 
364 584 585 734 
365 585 586 735 
366 586 587 736 
367 587 588 737 
368 588 7 738 
1 14 8 36
369 8 739 774 
370 739 740 775 
371 740 741 776 
372 741 742 777 
373 742 743 778 
374 743 744 779 
375 744 745 780 
376 745 746 781 
377 746 747 782 
378 747 748 783 
379 748 749 784 
380 749 750 785 
381 750 751 786 
382 751 752 787 
383 752 753 788 
384 753 754 789 
385 754 755 790 
386 755 756 791 
387 756 757 792 
388 757 758 793 
389 758 759 794 
390 759 760 795 
391 760 761 796 
392 761 762 797 
393 762 763 798 
394 763 764 799 
395 764 765 800 
396 765 766 801 
397 766 767 802 
398 767 768 803 
399 768 769 804 
400 769 770 805 
401 770 771 806 
402 771 772 807 
403 772 773 808 
404 773 6 809 
1 15 8 746
405 7 810 1555 
406 810 811 1556 
407 811 812 1557 
408 812 813 1558 
409 813 814 1559 
410 814 815 1560 
411 815 816 1561 
412 816 817 1562 
413 817 818 1563 
414 818 819 1564 
415 819 820 1565 
416 820 821 1566 
417 821 822 1567 
418 822 823 1568 
419 823 824 1569 
420 824 825 1570 
421 825 826 1571 
422 826 827 1572 
423 827 828 1573 
424 828 829 1574 
425 829 830 1575 
426 830 831 1576 
427 831 832 1577 
428 832 833 1578 
429 833 834 1579 
430 834 835 1580 
431 835 836 1581 
432 836 837 1582 
433 837 838 1583 
434 838 839 1584 
435 839 840 1585 
436 840 841 1586 
437 841 842 1587 
438 842 843 1588 
439 843 844 1589 
440 844 845 1590 
441 845 846 1591 
442 846 847 1592 
443 847 848 1593 
444 848 849 1594 
445 849 850 1595 
446 850 851 1596 
447 851 852 1597 
448 852 853 1598 
449 853 854 1599 
450 854 855 1600 
451 855 856 1601 
452 856 857 1602 
453 857 858 1603 
454 858 859 1604 
455 859 860 1605 
456 860 861 1606 
457 861 862 1607 
458 862 863 1608 
459 863 864 1609 
460 864 865 1610 
461 865 866 1611 
462 866 867 1612 
463 867 868 1613 
464 868 869 1614 
465 869 870 1615 
466 870 871 1616 
467 871 872 1617 
468 872 873 1618 
469 873 874 1619 
470 874 875 1620 
471 875 876 1621 
472 876 877 1622 
473 877 878 1623 
474 878 879 1624 
475 879 880 1625 
476 880 881 1626 
477 881 882 1627 
478 882 883 1628 
479 883 884 1629 
480 884 885 1630 
481 885 886 1631 
482 886 887 1632 
483 887 888 1633 
484 888 889 1634 
485 889 890 1635 
486 890 891 1636 
487 891 892 1637 
488 892 893 1638 
489 893 894 1639 
490 894 895 1640 
491 895 896 1641 
492 896 897 1642 
493 897 898 1643 
494 898 899 1644 
495 899 900 1645 
496 900 901 1646 
497 901 902 1647 
498 902 903 1648 
499 903 904 1649 
500 904 905 1650 
501 905 906 1651 
502 906 907 1652 
503 907 908 1653 
504 908 909 1654 
505 909 910 1655 
506 910 911 1656 
507 911 912 1657 
508 912 913 1658 
509 913 914 1659 
510 914 915 1660 
511 915 916 1661 
512 916 917 1662 
513 917 918 1663 
514 918 919 1664 
515 919 920 1665 
516 920 921 1666 
517 921 922 1667 
518 922 923 1668 
519 923 924 1669 
520 924 925 1670 
521 925 926 1671 
522 926 927 1672 
523 927 928 1673 
524 928 929 1674 
525 929 930 1675 
526 930 931 1676 
527 931 932 1677 
528 932 933 1678 
529 933 934 1679 
530 934 935 1680 
531 935 936 1681 
532 936 937 1682 
533 937 938 1683 
534 938 939 1684 
535 939 940 1685 
536 940 941 1686 
537 941 942 1687 
538 942 943 1688 
539 943 944 1689 
540 944 945 1690 
541 945 946 1691 
542 946 947 1692 
543 947 948 1693 
544 948 949 1694 
545 949 950 1695 
546 950 951 1696 
547 951 952 1697 
548 952 953 1698 
549 953 954 1699 
550 954 955 1700 
551 955 956 1701 
552 956 957 1702 
553 957 958 1703 
554 958 959 1704 
555 959 960 1705 
556 960 961 1706 
557 961 962 1707 
558 962 963 1708 
559 963 964 1709 
560 964 965 1710 
561 965 966 1711 
562 966 967 1712 
563 967 968 1713 
564 968 969 1714 
565 969 970 1715 
566 970 971 1716 
567 971 972 1717 
568 972 973 1718 
569 973 974 1719 
570 974 975 1720 
571 975 976 1721 
572 976 977 1722 
573 977 978 1723 
574 978 979 1724 
575 979 980 1725 
576 980 981 1726 
577 981 982 1727 
578 982 983 1728 
579 983 984 1729 
580 984 985 1730 
581 985 986 1731 
582 986 987 1732 
583 987 988 1733 
584 988 989 1734 
585 989 990 1735 
586 990 991 1736 
587 991 992 1737 
588 992 993 1738 
589 993 994 1739 
590 994 995 1740 
591 995 996 1741 
592 996 997 1742 
593 997 998 1743 
594 998 999 1744 
595 999 1000 1745 
596 1000 1001 1746 
597 1001 1002 1747 
598 1002 1003 1748 
599 1003 1004 1749 
600 1004 1005 1750 
601 1005 1006 1751 
602 1006 1007 1752 
603 1007 1008 1753 
604 1008 1009 1754 
605 1009 1010 1755 
606 1010 1011 1756 
607 1011 1012 1757 
608 1012 1013 1758 
609 1013 1014 1759 
610 1014 1015 1760 
611 1015 1016 1761 
612 1016 1017 1762 
613 1017 1018 1763 
614 1018 1019 1764 
615 1019 1020 1765 
616 1020 1021 1766 
617 1021 1022 1767 
618 1022 1023 1768 
619 1023 1024 1769 
620 1024 1025 1770 
621 1025 1026 1771 
622 1026 1027 1772 
623 1027 1028 1773 
624 1028 1029 1774 
625 1029 1030 1775 
626 1030 1031 1776 
627 1031 1032 1777 
628 1032 1033 1778 
629 1033 1034 1779 
630 1034 1035 1780 
631 1035 1036 1781 
632 1036 1037 1782 
633 1037 1038 1783 
634 1038 1039 1784 
635 1039 1040 1785 
636 1040 1041 1786 
637 1041 1042 1787 
638 1042 1043 1788 
639 1043 1044 1789 
640 1044 1045 1790 
641 1045 1046 1791 
642 1046 1047 1792 
643 1047 1048 1793 
644 1048 1049 1794 
645 1049 1050 1795 
646 1050 1051 1796 
647 1051 1052 1797 
648 1052 1053 1798 
649 1053 1054 1799 
650 1054 1055 1800 
651 1055 1056 1801 
652 1056 1057 1802 
653 1057 1058 1803 
654 1058 1059 1804 
655 1059 1060 1805 
656 1060 1061 1806 
657 1061 1062 1807 
658 1062 1063 1808 
659 1063 1064 1809 
660 1064 1065 1810 
661 1065 1066 1811 
662 1066 1067 1812 
663 1067 1068 1813 
664 1068 1069 1814 
665 1069 1070 1815 
666 1070 1071 1816 
667 1071 1072 1817 
668 1072 1073 1818 
669 1073 1074 1819 
670 1074 1075 1820 
671 1075 1076 1821 
672 1076 1077 1822 
673 1077 1078 1823 
674 1078 1079 1824 
675 1079 1080 1825 
676 1080 1081 1826 
677 1081 1082 1827 
678 1082 1083 1828 
679 1083 1084 1829 
680 1084 1085 1830 
681 1085 1086 1831 
682 1086 1087 1832 
683 1087 1088 1833 
684 1088 1089 1834 
685 1089 1090 1835 
686 1090 1091 1836 
687 1091 1092 1837 
688 1092 1093 1838 
689 1093 1094 1839 
690 1094 1095 1840 
691 1095 1096 1841 
692 1096 1097 1842 
693 1097 1098 1843 
694 1098 1099 1844 
695 1099 1100 1845 
696 1100 1101 1846 
697 1101 1102 1847 
698 1102 1103 1848 
699 1103 1104 1849 
700 1104 1105 1850 
701 1105 1106 1851 
702 1106 1107 1852 
703 1107 1108 1853 
704 1108 1109 1854 
705 1109 1110 1855 
706 1110 1111 1856 
707 1111 1112 1857 
708 1112 1113 1858 
709 1113 1114 1859 
710 1114 1115 1860 
711 1115 1116 1861 
712 1116 1117 1862 
713 1117 1118 1863 
714 1118 1119 1864 
715 1119 1120 1865 
716 1120 1121 1866 
717 1121 1122 1867 
718 1122 1123 1868 
719 1123 1124 1869 
720 1124 1125 1870 
721 1125 1126 1871 
722 1126 1127 1872 
723 1127 1128 1873 
724 1128 1129 1874 
725 1129 1130 1875 
726 1130 1131 1876 
727 1131 1132 1877 
728 1132 1133 1878 
729 1133 1134 1879 
730 1134 1135 1880 
731 1135 1136 1881 
732 1136 1137 1882 
733 1137 1138 1883 
734 1138 1139 1884 
735 1139 1140 1885 
736 1140 1141 1886 
737 1141 1142 1887 
738 1142 1143 1888 
739 1143 1144 1889 
740 1144 1145 1890 
741 1145 1146 1891 
742 1146 1147 1892 
743 1147 1148 1893 
744 1148 1149 1894 
745 1149 1150 1895 
746 1150 1151 1896 
747 1151 1152 1897 
748 1152 1153 1898 
749 1153 1154 1899 
750 1154 1155 1900 
751 1155 1156 1901 
752 1156 1157 1902 
753 1157 1158 1903 
754 1158 1159 1904 
755 1159 1160 1905 
756 1160 1161 1906 
757 1161 1162 1907 
758 1162 1163 1908 
759 1163 1164 1909 
760 1164 1165 1910 
761 1165 1166 1911 
762 1166 1167 1912 
763 1167 1168 1913 
764 1168 1169 1914 
765 1169 1170 1915 
766 1170 1171 1916 
767 1171 1172 1917 
768 1172 1173 1918 
769 1173 1174 1919 
770 1174 1175 1920 
771 1175 1176 1921 
772 1176 1177 1922 
773 1177 1178 1923 
774 1178 1179 1924 
775 1179 1180 1925 
776 1180 1181 1926 
777 1181 1182 1927 
778 1182 1183 1928 
779 1183 1184 1929 
780 1184 1185 1930 
781 1185 1186 1931 
782 1186 1187 1932 
783 1187 1188 1933 
784 1188 1189 1934 
785 1189 1190 1935 
786 1190 1191 1936 
787 1191 1192 1937 
788 1192 1193 1938 
789 1193 1194 1939 
790 1194 1195 1940 
791 1195 1196 1941 
792 1196 1197 1942 
793 1197 1198 1943 
794 1198 1199 1944 
795 1199 1200 1945 
796 1200 1201 1946 
797 1201 1202 1947 
798 1202 1203 1948 
799 1203 1204 1949 
800 1204 1205 1950 
801 1205 1206 1951 
802 1206 1207 1952 
803 1207 1208 1953 
804 1208 1209 1954 
805 1209 1210 1955 
806 1210 1211 1956 
807 1211 1212 1957 
808 1212 1213 1958 
809 1213 1214 1959 
810 1214 1215 1960 
811 1215 1216 1961 
812 1216 1217 1962 
813 1217 1218 1963 
814 1218 1219 1964 
815 1219 1220 1965 
816 1220 1221 1966 
817 1221 1222 1967 
818 1222 1223 1968 
819 1223 1224 1969 
820 1224 1225 1970 
821 1225 1226 1971 
822 1226 1227 1972 
823 1227 1228 1973 
824 1228 1229 1974 
825 1229 1230 1975 
826 1230 1231 1976 
827 1231 1232 1977 
828 1232 1233 1978 
829 1233 1234 1979 
830 1234 1235 1980 
831 1235 1236 1981 
832 1236 1237 1982 
833 1237 1238 1983 
834 1238 1239 1984 
835 1239 1240 1985 
836 1240 1241 1986 
837 1241 1242 1987 
838 1242 1243 1988 
839 1243 1244 1989 
840 1244 1245 1990 
841 1245 1246 1991 
842 1246 1247 1992 
843 1247 1248 1993 
844 1248 1249 1994 
845 1249 1250 1995 
846 1250 1251 1996 
847 1251 1252 1997 
848 1252 1253 1998 
849 1253 1254 1999 
850 1254 1255 2000 
851 1255 1256 2001 
852 1256 1257 2002 
853 1257 1258 2003 
854 1258 1259 2004 
855 1259 1260 2005 
856 1260 1261 2006 
857 1261 1262 2007 
858 1262 1263 2008 
859 1263 1264 2009 
860 1264 1265 2010 
861 1265 1266 2011 
862 1266 1267 2012 
863 1267 1268 2013 
864 1268 1269 2014 
865 1269 1270 2015 
866 1270 1271 2016 
867 1271 1272 2017 
868 1272 1273 2018 
869 1273 1274 2019 
870 1274 1275 2020 
871 1275 1276 2021 
872 1276 1277 2022 
873 1277 1278 2023 
874 1278 1279 2024 
875 1279 1280 2025 
876 1280 1281 2026 
877 1281 1282 2027 
878 1282 1283 2028 
879 1283 1284 2029 
880 1284 1285 2030 
881 1285 1286 2031 
882 1286 1287 2032 
883 1287 1288 2033 
884 1288 1289 2034 
885 1289 1290 2035 
886 1290 1291 2036 
887 1291 1292 2037 
888 1292 1293 2038 
889 1293 1294 2039 
890 1294 1295 2040 
891 1295 1296 2041 
892 1296 1297 2042 
893 1297 1298 2043 
894 1298 1299 2044 
895 1299 1300 2045 
896 1300 1301 2046 
897 1301 1302 2047 
898 1302 1303 2048 
899 1303 1304 2049 
900 1304 1305 2050 
901 1305 1306 2051 
902 1306 1307 2052 
903 1307 1308 2053 
904 1308 1309 2054 
905 1309 1310 2055 
906 1310 1311 2056 
907 1311 1312 2057 
908 1312 1313 2058 
909 1313 1314 2059 
910 1314 1315 2060 
911 1315 1316 2061 
912 1316 1317 2062 
913 1317 1318 2063 
914 1318 1319 2064 
915 1319 1320 2065 
916 1320 1321 2066 
917 1321 1322 2067 
918 1322 1323 2068 
919 1323 1324 2069 
920 1324 1325 2070 
921 1325 1326 2071 
922 1326 1327 2072 
923 1327 1328 2073 
924 1328 1329 2074 
925 1329 1330 2075 
926 1330 1331 2076 
927 1331 1332 2077 
928 1332 1333 2078 
929 1333 1334 2079 
930 1334 1335 2080 
931 1335 1336 2081 
932 1336 1337 2082 
933 1337 1338 2083 
934 1338 1339 2084 
935 1339 1340 2085 
936 1340 1341 2086 
937 1341 1342 2087 
938 1342 1343 2088 
939 1343 1344 2089 
940 1344 1345 2090 
941 1345 1346 2091 
942 1346 1347 2092 
943 1347 1348 2093 
944 1348 1349 2094 
945 1349 1350 2095 
946 1350 1351 2096 
947 1351 1352 2097 
948 1352 1353 2098 
949 1353 1354 2099 
950 1354 1355 2100 
951 1355 1356 2101 
952 1356 1357 2102 
953 1357 1358 2103 
954 1358 1359 2104 
955 1359 1360 2105 
956 1360 1361 2106 
957 1361 1362 2107 
958 1362 1363 2108 
959 1363 1364 2109 
960 1364 1365 2110 
961 1365 1366 2111 
962 1366 1367 2112 
963 1367 1368 2113 
964 1368 1369 2114 
965 1369 1370 2115 
966 1370 1371 2116 
967 1371 1372 2117 
968 1372 1373 2118 
969 1373 1374 2119 
970 1374 1375 2120 
971 1375 1376 2121 
972 1376 1377 2122 
973 1377 1378 2123 
974 1378 1379 2124 
975 1379 1380 2125 
976 1380 1381 2126 
977 1381 1382 2127 
978 1382 1383 2128 
979 1383 1384 2129 
980 1384 1385 2130 
981 1385 1386 2131 
982 1386 1387 2132 
983 1387 1388 2133 
984 1388 1389 2134 
985 1389 1390 2135 
986 1390 1391 2136 
987 1391 1392 2137 
988 1392 1393 2138 
989 1393 1394 2139 
990 1394 1395 2140 
991 1395 1396 2141 
992 1396 1397 2142 
993 1397 1398 2143 
994 1398 1399 2144 
995 1399 1400 2145 
996 1400 1401 2146 
997 1401 1402 2147 
998 1402 1403 2148 
999 1403 1404 2149 
1000 1404 1405 2150 
1001 1405 1406 2151 
1002 1406 1407 2152 
1003 1407 1408 2153 
1004 1408 1409 2154 
1005 1409 1410 2155 
1006 1410 1411 2156 
1007 1411 1412 2157 
1008 1412 1413 2158 
1009 1413 1414 2159 
1010 1414 1415 2160 
1011 1415 1416 2161 
1012 1416 1417 2162 
1013 1417 1418 2163 
1014 1418 1419 2164 
1015 1419 1420 2165 
1016 1420 1421 2166 
1017 1421 1422 2167 
1018 1422 1423 2168 
1019 1423 1424 2169 
1020 1424 1425 2170 
1021 1425 1426 2171 
1022 1426 1427 2172 
1023 1427 1428 2173 
1024 1428 1429 2174 
1025 1429 1430 2175 
1026 1430 1431 2176 
1027 1431 1432 2177 
1028 1432 1433 2178 
1029 1433 1434 2179 
1030 1434 1435 2180 
1031 1435 1436 2181 
1032 1436 1437 2182 
1033 1437 1438 2183 
1034 1438 1439 2184 
1035 1439 1440 2185 
1036 1440 1441 2186 
1037 1441 1442 2187 
1038 1442 1443 2188 
1039 1443 1444 2189 
1040 1444 1445 2190 
1041 1445 1446 2191 
1042 1446 1447 2192 
1043 1447 1448 2193 
1044 1448 1449 2194 
1045 1449 1450 2195 
1046 1450 1451 2196 
1047 1451 1452 2197 
1048 1452 1453 2198 
1049 1453 1454 2199 
1050 1454 1455 2200 
1051 1455 1456 2201 
1052 1456 1457 2202 
1053 1457 1458 2203 
1054 1458 1459 2204 
1055 1459 1460 2205 
1056 1460 1461 2206 
1057 1461 1462 2207 
1058 1462 1463 2208 
1059 1463 1464 2209 
1060 1464 1465 2210 
1061 1465 1466 2211 
1062 1466 1467 2212 
1063 1467 1468 2213 
1064 1468 1469 2214 
1065 1469 1470 2215 
1066 1470 1471 2216 
1067 1471 1472 2217 
1068 1472 1473 2218 
1069 1473 1474 2219 
1070 1474 1475 2220 
1071 1475 1476 2221 
1072 1476 1477 2222 
1073 1477 1478 2223 
1074 1478 1479 2224 
1075 1479 1480 2225 
1076 1480 1481 2226 
1077 1481 1482 2227 
1078 1482 1483 2228 
1079 1483 1484 2229 
1080 1484 1485 2230 
1081 1485 1486 2231 
1082 1486 1487 2232 
1083 1487 1488 2233 
1084 1488 1489 2234 
1085 1489 1490 2235 
1086 1490 1491 2236 
1087 1491 1492 2237 
1088 1492 1493 2238 
1089 1493 1494 2239 
1090 1494 1495 2240 
1091 1495 1496 2241 
1092 1496 1497 2242 
1093 1497 1498 2243 
1094 1498 1499 2244 
1095 1499 1500 2245 
1096 1500 1501 2246 
1097 1501 1502 2247 
1098 1502 1503 2248 
1099 1503 1504 2249 
1100 1504 1505 2250 
1101 1505 1506 2251 
1102 1506 1507 2252 
1103 1507 1508 2253 
1104 1508 1509 2254 
1105 1509 1510 2255 
1106 1510 1511 2256 
1107 1511 1512 2257 
1108 1512 1513 2258 
1109 1513 1514 2259 
1110 1514 1515 2260 
1111 1515 1516 2261 
1112 1516 1517 2262 
1113 1517 1518 2263 
1114 1518 1519 2264 
1115 1519 1520 2265 
1116 1520 1521 2266 
1117 1521 1522 2267 
1118 1522 1523 2268 
1119 1523 1524 2269 
1120 1524 1525 2270 
1121 1525 1526 2271 
1122 1526 1527 2272 
1123 1527 1528 2273 
1124 1528 1529 2274 
1125 1529 1530 2275 
1126 1530 1531 2276 
1127 1531 1532 2277 
1128 1532 1533 2278 
1129 1533 1534 2279 
1130 1534 1535 2280 
1131 1535 1536 2281 
1132 1536 1537 2282 
1133 1537 1538 2283 
1134 1538 1539 2284 
1135 1539 1540 2285 
1136 1540 1541 2286 
1137 1541 1542 2287 
1138 1542 1543 2288 
1139 1543 1544 2289 
1140 1544 1545 2290 
1141 1545 1546 2291 
1142 1546 1547 2292 
1143 1547 1548 2293 
1144 1548 1549 2294 
1145 1549 1550 2295 
1146 1550 1551 2296 
1147 1551 1552 2297 
1148 1552 1553 2298 
1149 1553 1554 2299 
1150 1554 8 2300 
2 1 16 4801
1151 2368 3134 3135 3132 6527 6528 6529 6530 
1152 2486 3132 3135 3133 6531 6529 6532 6533 
1153 2565 3133 3135 3134 6534 6532 6528 6535 
1154 2693 3138 3139 3136 6536 6537 6538 6539 
1155 2629 3136 3139 3137 6540 6538 6541 6542 
1156 2694 3137 3139 3138 6543 6541 6537 6544 
1157 2963 3142 3143 3140 6545 6546 6547 6548 
1158 2756 3140 3143 3141 6549 6547 6550 6551 
1159 2983 3141 3143 3142 6552 6550 6546 6553 
1160 1307 3145 3146 1306 6554 6555 6556 2052 
1161 1305 1306 3146 3144 2051 6556 6557 6558 
1162 3122 3144 3146 3145 6559 6557 6555 6560 
1163 2855 3149 3150 3147 6561 6562 6563 6564 
1164 2328 3147 3150 3148 6565 6563 6566 6567 
1165 2983 3148 3150 3149 6568 6566 6562 6569 
1166 2384 3153 3154 3151 6570 6571 6572 6573 
1167 2435 3151 3154 3152 6574 6572 6575 6576 
1168 2524 3152 3154 3153 6577 6575 6571 6578 
1169 3041 3157 3158 3155 6579 6580 6581 6582 
1170 3063 3155 3158 3156 6583 6581 6584 6585 
1171 3082 3156 3158 3157 6586 6584 6580 6587 
1172 2706 3161 3162 3159 6588 6589 6590 6591 
1173 2619 3159 3162 3160 6592 6590 6593 6594 
1174 2735 3160 3162 3161 6595 6593 6589 6596 
1175 1077 3164 3165 1076 6597 6598 6599 1822 
1176 1075 1076 3165 3163 1821 6599 6600 6601 
1177 3093 3163 3165 3164 6602 6600 6598 6603 
1178 1495 3167 3168 1494 6604 6605 6606 2240 
1179 1493 1494 3168 3166 2239 6606 6607 6608 
1180 2698 3166 3168 3167 6609 6607 6605 6610 
1181 2474 3171 3172 3169 6611 6612 6613 6614 
1182 2360 3169 3172 3170 6615 6613 6616 6617 
1183 2727 3170 3172 3171 6618 6616 6612 6619 
1184 2480 3175 3176 3173 6620 6621 6622 6623 
1185 2388 3173 3176 3174 6624 6622 6625 6626 
1186 2661 3174 3176 3175 6627 6625 6621 6628 
1187 2970 3179 3180 3177 6629 6630 6631 6632 
1188 2329 3177 3180 3178 6633 6631 6634 6635 
1189 2984 3178 3180 3179 6636 6634 6630 6637 
1190 3026 3183 3184 3181 6638 6639 6640 6641 
1191 3048 3181 3184 3182 6642 6640 6643 6644 
1192 3055 3182 3184 3183 6645 6643 6639 6646 
1193 2305 3187 3188 3185 6647 6648 6649 6650 
1194 3091 3185 3188 3186 6651 6649 6652 6653 
1195 3124 3186 3188 3187 6654 6652 6648 6655 
1196 2656 3191 3192 3189 6656 6657 6658 6659 
1197 2635 3189 3192 3190 6660 6658 6661 6662 
1198 2674 3190 3192 3191 6663 6661 6657 6664 
1199 3084 3195 3196 3193 6665 6666 6667 6668 
1200 3098 3193 3196 3194 6669 6667 6670 6671 
1201 3108 3194 3196 3195 6672 6670 6666 6673 
1202 2942 3199 3200 3197 6674 6675 6676 6677 
1203 2897 3197 3200 3198 6678 6676 6679 6680 
1204 2991 3198 3200 3199 6681 6679 6675 6682 
1205 2991 3203 3204 3201 6683 6684 6685 6686 
1206 2377 3201 3204 3202 6687 6685 6688 6689 
1207 3004 3202 3204 3203 6690 6688 6684 6691 
1208 2562 3207 3208 3205 6692 6693 6694 6695 
1209 2497 3205 3208 3206 6696 6694 6697 6698 
1210 2732 3206 3208 3207 6699 6697 6693 6700 
1211 1385 3210 3211 1384 6701 6702 6703 2130 
1212 1383 1384 3211 3209 2129 6703 6704 6705 
1213 2959 3209 3211 3210 6706 6704 6702 6707 
1214 2987 3214 3215 3212 6708 6709 6710 6711 
1215 3034 3212 3215 3213 6712 6710 6713 6714 
1216 3100 3213 3215 3214 6715 6713 6709 6716 
1217 2932 3218 3219 3216 6717 6718 6719 6720 
1218 2961 3216 3219 3217 6721 6719 6722 6723 
1219 3001 3217 3219 3218 6724 6722 6718 6725 
1220 2987 3222 3223 3220 6726 6727 6728 6729 
1221 3035 3220 3223 3221 6730 6728 6731 6732 
1222 3051 3221 3223 3222 6733 6731 6727 6734 
1223 1139 3225 3226 1138 6735 6736 6737 1884 
1224 1137 1138 3226 3224 1883 6737 6738 6739 
1225 3087 3224 3226 3225 6740 6738 6736 6741 
1226 1389 3228 3229 1388 6742 6743 6744 2134 
1227 1387 1388 3229 3227 2133 6744 6745 6746 
1228 2922 3227 3229 3228 6747 6745 6743 6748 
1229 1315 3231 3232 1314 6749 6750 6751 2060 
1230 1313 1314 3232 3230 2059 6751 6752 6753 
1231 3112 3230 3232 3231 6754 6752 6750 6755 
1232 742 3234 3235 741 6756 6757 6758 777 
1233 740 741 3235 3233 776 6758 6759 6760 
1234 2436 3233 3235 3234 6761 6759 6757 6762 
1235 2306 3238 3239 3236 6763 6764 6765 6766 
1236 3020 3236 3239 3237 6767 6765 6768 6769 
1237 3081 3237 3239 3238 6770 6768 6764 6771 
1238 3065 3242 3243 3240 6772 6773 6774 6775 
1239 3080 3240 3243 3241 6776 6774 6777 6778 
1240 3086 3241 3243 3242 6779 6777 6773 6780 
1241 2997 3246 3247 3244 6781 6782 6783 6784 
1242 3046 3244 3247 3245 6785 6783 6786 6787 
1243 3051 3245 3247 3246 6788 6786 6782 6789 
1244 3062 3250 3251 3248 6790 6791 6792 6793 
1245 3083 3248 3251 3249 6794 6792 6795 6796 
1246 3092 3249 3251 3250 6797 6795 6791 6798 
1247 2686 3254 3255 3252 6799 6800 6801 6802 
1248 2761 3252 3255 3253 6803 6801 6804 6805 
1249 2792 3253 3255 3254 6806 6804 6800 6807 
1250 2636 3258 3259 3256 6808 6809 6810 6811 
1251 2637 3256 3259 3257 6812 6810 6813 6814 
1252 2701 3257 3259 3258 6815 6813 6809 6816 
1253 3031 3262 3263 3260 6817 6818 6819 6820 
1254 3036 3260 3263 3261 6821 6819 6822 6823 
1255 3054 3261 3263 3262 6824 6822 6818 6825 
1256 3051 3266 3267 3264 6826 6827 6828 6829 
1257 2334 3264 3267 3265 6830 6828 6831 6832 
1258 3054 3265 3267 3266 6833 6831 6827 6834 
1259 1553 3269 3270 1552 6835 6836 6837 2298 
1260 1551 1552 3270 3268 2297 6837 6838 6839 
1261 2436 3268 3270 3269 6840 6838 6836 6841 
1262 2558 3273 3274 3271 6842 6843 6844 6845 
1263 2427 3271 3274 3272 6846 6844 6847 6848 
1264 2560 3272 3274 3273 6849 6847 6843 6850 
1265 2308 3277 3278 3275 6851 6852 6853 6854 
1266 2942 3275 3278 3276 6855 6853 6856 6857 
1267 2989 3276 3278 3277 6858 6856 6852 6859 
1268 2554 3281 3282 3279 6860 6861 6862 6863 
1269 2441 3279 3282 3280 6864 6862 6865 6866 
1270 2755 3280 3282 3281 6867 6865 6861 6868 
1271 3109 3285 3286 3283 6869 6870 6871 6872 
1272 2336 3283 3286 3284 6873 6871 6874 6875 
1273 3110 3284 3286 3285 6876 6874 6870 6877 
1274 1519 3288 3289 1518 6878 6879 6880 2264 
1275 1517 1518 3289 3287 2263 6880 6881 6882 
1276 2696 3287 3289 3288 6883 6881 6879 6884 
1277 3022 3292 3293 3290 6885 6886 6887 6888 
1278 2345 3290 3293 3291 6889 6887 6890 6891 
1279 3040 3291 3293 3292 6892 6890 6886 6893 
1280 2756 3296 3297 3294 6894 6895 6896 6897 
1281 2685 3294 3297 3295 6898 6896 6899 6900 
1282 2884 3295 3297 3296 6901 6899 6895 6902 
1283 3085 3300 3301 3298 6903 6904 6905 6906 
1284 3086 3298 3301 3299 6907 6905 6908 6909 
1285 3110 3299 3301 3300 6910 6908 6904 6911 
1286 3068 3304 3305 3302 6912 6913 6914 6915 
1287 3084 3302 3305 3303 6916 6914 6917 6918 
1288 3089 3303 3305 3304 6919 6917 6913 6920 
1289 2435 3308 3309 3306 6921 6922 6923 6924 
1290 2550 3306 3309 3307 6925 6923 6926 6927 
1291 2600 3307 3309 3308 6928 6926 6922 6929 
1292 2611 3312 3313 3310 6930 6931 6932 6933 
1293 2717 3310 3313 3311 6934 6932 6935 6936 
1294 2750 3311 3313 3312 6937 6935 6931 6938 
1295 2699 3316 3317 3314 6939 6940 6941 6942 
1296 2668 3314 3317 3315 6943 6941 6944 6945 
1297 2726 3315 3317 3316 6946 6944 6940 6947 
1298 3091 3320 3321 3318 6948 6949 6950 6951 
1299 3034 3318 3321 3319 6952 6950 6953 6954 
1300 3097 3319 3321 3320 6955 6953 6949 6956 
1301 2556 3324 3325 3322 6957 6958 6959 6960 
1302 2439 3322 3325 3323 6961 6959 6962 6963 
1303 2634 3323 3325 3324 6964 6962 6958 6965 
1304 3103 3328 3329 3326 6966 6967 6968 6969 
1305 3115 3326 3329 3327 6970 6968 6971 6972 
1306 3120 3327 3329 3328 6973 6971 6967 6974 
1307 2902 3332 3333 3330 6975 6976 6977 6978 
1308 2870 3330 3333 3331 6979 6977 6980 6981 
1309 2930 3331 3333 3332 6982 6980 6976 6983 
1310 2764 3336 3337 3334 6984 6985 6986 6987 
1311 2690 3334 3337 3335 6988 6986 6989 6990 
1312 2827 3335 3337 3336 6991 6989 6985 6992 
1313 1413 3339 3340 1412 6993 6994 6995 2158 
1314 1411 1412 3340 3338 2157 6995 6996 6997 
1315 2963 3338 3340 3339 6998 6996 6994 6999 
1316 2782 3343 3344 3341 7000 7001 7002 7003 
1317 2819 3341 3344 3342 7004 7002 7005 7006 
1318 2842 3342 3344 3343 7007 7005 7001 7008 
1319 2775 3347 3348 3345 7009 7010 7011 7012 
1320 2748 3345 3348 3346 7013 7011 7014 7015 
1321 2817 3346 3348 3347 7016 7014 7010 7017 
1322 2934 3351 3352 3349 7018 7019 7020 7021 
1323 2391 3349 3352 3350 7022 7020 7023 7024 
1324 2960 3350 3352 3351 7025 7023 7019 7026 
1325 1503 3354 3355 1502 7027 7028 7029 2248 
1326 1501 1502 3355 3353 2247 7029 7030 7031 
1327 2829 3353 3355 3354 7032 7030 7028 7033 
1328 1061 3357 3358 1060 7034 7035 7036 1806 
1329 1059 1060 3358 3356 1805 7036 7037 7038 
1330 3081 3356 3358 3357 7039 7037 7035 7040 
1331 1105 3360 3361 1104 7041 7042 7043 1850 
1332 1103 1104 3361 3359 1849 7043 7044 7045 
1333 3124 3359 3361 3360 7046 7044 7042 7047 
1334 2718 3364 3365 3362 7048 7049 7050 7051 
1335 2619 3362 3365 3363 7052 7050 7053 7054 
1336 2719 3363 3365 3364 7055 7053 7049 7056 
1337 3034 3368 3369 3366 7057 7058 7059 7060 
1338 3058 3366 3369 3367 7061 7059 7062 7063 
1339 3059 3367 3369 3368 7064 7062 7058 7065 
1340 2503 3372 3373 3370 7066 7067 7068 7069 
1341 2625 3370 3373 3371 7070 7068 7071 7072 
1342 2725 3371 3373 3372 7073 7071 7067 7074 
1343 1421 3375 3376 1420 7075 7076 7077 2166 
1344 1419 1420 3376 3374 2165 7077 7078 7079 
1345 2855 3374 3376 3375 7080 7078 7076 7081 
1346 2757 3379 3380 3377 7082 7083 7084 7085 
1347 2715 3377 3380 3378 7086 7084 7087 7088 
1348 2777 3378 3380 3379 7089 7087 7083 7090 
1349 1191 3382 3383 1190 7091 7092 7093 1936 
1350 1189 1190 3383 3381 1935 7093 7094 7095 
1351 3080 3381 3383 3382 7096 7094 7092 7097 
1352 2517 3386 3387 3384 7098 7099 7100 7101 
1353 2416 3384 3387 3385 7102 7100 7103 7104 
1354 2736 3385 3387 3386 7105 7103 7099 7106 
1355 1255 3389 3390 1254 7107 7108 7109 2000 
1356 1253 1254 3390 3388 1999 7109 7110 7111 
1357 3022 3388 3390 3389 7112 7110 7108 7113 
1358 1017 3392 3393 1016 7114 7115 7116 1762 
1359 1015 1016 3393 3391 1761 7116 7117 7118 
1360 3060 3391 3393 3392 7119 7117 7115 7120 
1361 1355 3395 3396 1354 7121 7122 7123 2100 
1362 1353 1354 3396 3394 2099 7123 7124 7125 
1363 3021 3394 3396 3395 7126 7124 7122 7127 
1364 1323 3398 3399 1322 7128 7129 7130 2068 
1365 1321 1322 3399 3397 2067 7130 7131 7132 
1366 3120 3397 3399 3398 7133 7131 7129 7134 
1367 2818 3402 3403 3400 7135 7136 7137 7138 
1368 2758 3400 3403 3401 7139 7137 7140 7141 
1369 2836 3401 3403 3402 7142 7140 7136 7143 
1370 1465 3405 3406 1464 7144 7145 7146 2210 
1371 1463 1464 3406 3404 2209 7146 7147 7148 
1372 2856 3404 3406 3405 7149 7147 7145 7150 
1373 1147 3408 3409 1146 7151 7152 7153 1892 
1374 1145 1146 3409 3407 1891 7153 7154 7155 
1375 3094 3407 3409 3408 7156 7154 7152 7157 
1376 2427 3412 3413 3410 7158 7159 7160 7161 
1377 2428 3410 3413 3411 7162 7160 7163 7164 
1378 2670 3411 3413 3412 7165 7163 7159 7166 
1379 3015 3416 3417 3414 7167 7168 7169 7170 
1380 2945 3414 3417 3415 7171 7169 7172 7173 
1381 3046 3415 3417 3416 7174 7172 7168 7175 
1382 3059 3420 3421 3418 7176 7177 7178 7179 
1383 3077 3418 3421 3419 7180 7178 7181 7182 
1384 3125 3419 3421 3420 7183 7181 7177 7184 
1385 2946 3424 3425 3422 7185 7186 7187 7188 
1386 2897 3422 3425 3423 7189 7187 7190 7191 
1387 2984 3423 3425 3424 7192 7190 7186 7193 
1388 2406 3428 3429 3426 7194 7195 7196 7197 
1389 2542 3426 3429 3427 7198 7196 7199 7200 
1390 2733 3427 3429 3428 7201 7199 7195 7202 
1391 2616 3432 3433 3430 7203 7204 7205 7206 
1392 2555 3430 3433 3431 7207 7205 7208 7209 
1393 2665 3431 3433 3432 7210 7208 7204 7211 
1394 2604 3436 3437 3434 7212 7213 7214 7215 
1395 2495 3434 3437 3435 7216 7214 7217 7218 
1396 2682 3435 3437 3436 7219 7217 7213 7220 
1397 2948 3440 3441 3438 7221 7222 7223 7224 
1398 3027 3438 3441 3439 7225 7223 7226 7227 
1399 3028 3439 3441 3440 7228 7226 7222 7229 
1400 2801 3444 3445 3442 7230 7231 7232 7233 
1401 2751 3442 3445 3443 7234 7232 7235 7236 
1402 2834 3443 3445 3444 7237 7235 7231 7238 
1403 2860 3448 3449 3446 7239 7240 7241 7242 
1404 2830 3446 3449 3447 7243 7241 7244 7245 
1405 2889 3447 3449 3448 7246 7244 7240 7247 
1406 2424 3452 3453 3450 7248 7249 7250 7251 
1407 2549 3450 3453 3451 7252 7250 7253 7254 
1408 2659 3451 3453 3452 7255 7253 7249 7256 
1409 2819 3456 3457 3454 7257 7258 7259 7260 
1410 2784 3454 3457 3455 7261 7259 7262 7263 
1411 2860 3455 3457 3456 7264 7262 7258 7265 
1412 2811 3460 3461 3458 7266 7267 7268 7269 
1413 2803 3458 3461 3459 7270 7268 7271 7272 
1414 2835 3459 3461 3460 7273 7271 7267 7274 
1415 2842 3464 3465 3462 7275 7276 7277 7278 
1416 2875 3462 3465 3463 7279 7277 7280 7281 
1417 2912 3463 3465 3464 7282 7280 7276 7283 
1418 1069 3467 3468 1068 7284 7285 7286 1814 
1419 1067 1068 3468 3466 1813 7286 7287 7288 
1420 3057 3466 3468 3467 7289 7287 7285 7290 
1421 2315 3471 3472 3469 7291 7292 7293 7294 
1422 2462 3469 3472 3470 7295 7293 7296 7297 
1423 2495 3470 3472 3471 7298 7296 7292 7299 
1424 1085 3474 3475 1084 7300 7301 7302 1830 
1425 1083 1084 3475 3473 1829 7302 7303 7304 
1426 3092 3473 3475 3474 7305 7303 7301 7306 
1427 853 3477 3478 852 7307 7308 7309 1598 
1428 851 852 3478 3476 1597 7309 7310 7311 
1429 2521 3476 3478 3477 7312 7310 7308 7313 
1430 973 3480 3481 972 7314 7315 7316 1718 
1431 971 972 3481 3479 1717 7316 7317 7318 
1432 2989 3479 3481 3480 7319 7317 7315 7320 
1433 899 3483 3484 898 7321 7322 7323 1644 
1434 897 898 3484 3482 1643 7323 7324 7325 
1435 2753 3482 3484 3483 7326 7324 7322 7327 
1436 1229 3486 3487 1228 7328 7329 7330 1974 
1437 1227 1228 3487 3485 1973 7330 7331 7332 
1438 3089 3485 3487 3486 7333 7331 7329 7334 
1439 2549 3490 3491 3488 7335 7336 7337 7338 
1440 2408 3488 3491 3489 7339 7337 7340 7341 
1441 2658 3489 3491 3490 7342 7340 7336 7343 
1442 893 3493 3494 892 7344 7345 7346 1638 
1443 891 892 3494 3492 1637 7346 7347 7348 
1444 2752 3492 3494 3493 7349 7347 7345 7350 
1445 1235 3496 3497 1234 7351 7352 7353 1980 
1446 1233 1234 3497 3495 1979 7353 7354 7355 
1447 3108 3495 3497 3496 7356 7354 7352 7357 
1448 1215 3499 3500 1214 7358 7359 7360 1960 
1449 1213 1214 3500 3498 1959 7360 7361 7362 
1450 3109 3498 3500 3499 7363 7361 7359 7364 
1451 913 3502 3503 912 7365 7366 7367 1658 
1452 911 912 3503 3501 1657 7367 7368 7369 
1453 2872 3501 3503 3502 7370 7368 7366 7371 
1454 1199 3505 3506 1198 7372 7373 7374 1944 
1455 1197 1198 3506 3504 1943 7374 7375 7376 
1456 3056 3504 3506 3505 7377 7375 7373 7378 
1457 997 3508 3509 996 7379 7380 7381 1742 
1458 995 996 3509 3507 1741 7381 7382 7383 
1459 3012 3507 3509 3508 7384 7382 7380 7385 
1460 833 3511 3512 832 7386 7387 7388 1578 
1461 831 832 3512 3510 1577 7388 7389 7390 
1462 2519 3510 3512 3511 7391 7389 7387 7392 
1463 1041 3514 3515 1040 7393 7394 7395 1786 
1464 1039 1040 3515 3513 1785 7395 7396 7397 
1465 3075 3513 3515 3514 7398 7396 7394 7399 
1466 823 3517 3518 822 7400 7401 7402 1568 
1467 821 822 3518 3516 1567 7402 7403 7404 
1468 2518 3516 3518 3517 7405 7403 7401 7406 
1469 839 3520 3521 838 7407 7408 7409 1584 
1470 837 838 3521 3519 1583 7409 7410 7411 
1471 2517 3519 3521 3520 7412 7410 7408 7413 
1472 1511 3523 3524 1510 7414 7415 7416 2256 
1473 1509 1510 3524 3522 2255 7416 7417 7418 
1474 2787 3522 3524 3523 7419 7417 7415 7420 
1475 871 3526 3527 870 7421 7422 7423 1616 
1476 869 870 3527 3525 1615 7423 7424 7425 
1477 2516 3525 3527 3526 7426 7424 7422 7427 
1478 3052 3530 3531 3528 7428 7429 7430 7431 
1479 3072 3528 3531 3529 7432 7430 7433 7434 
1480 3099 3529 3531 3530 7435 7433 7429 7436 
1481 571 3533 3534 570 7437 7438 7439 720 
1482 569 570 3534 3532 719 7439 7440 7441 
1483 2514 3532 3534 3533 7442 7440 7438 7443 
1484 1435 3536 3537 1434 7444 7445 7446 2180 
1485 1433 1434 3537 3535 2179 7446 7447 7448 
1486 2899 3535 3537 3536 7449 7447 7445 7450 
1487 931 3539 3540 930 7451 7452 7453 1676 
1488 929 930 3540 3538 1675 7453 7454 7455 
1489 2947 3538 3540 3539 7456 7454 7452 7457 
1490 509 3542 3543 508 7458 7459 7460 658 
1491 507 508 3543 3541 657 7460 7461 7462 
1492 2513 3541 3543 3542 7463 7461 7459 7464 
1493 987 3545 3546 986 7465 7466 7467 1732 
1494 985 986 3546 3544 1731 7467 7468 7469 
1495 3055 3544 3546 3545 7470 7468 7466 7471 
1496 887 3548 3549 886 7472 7473 7474 1632 
1497 885 886 3549 3547 1631 7474 7475 7476 
1498 2515 3547 3549 3548 7477 7475 7473 7478 
1499 519 3551 3552 518 7479 7480 7481 668 
1500 517 518 3552 3550 667 7481 7482 7483 
1501 2511 3550 3552 3551 7484 7482 7480 7485 
1502 485 3554 3555 484 7486 7487 7488 634 
1503 483 484 3555 3553 633 7488 7489 7490 
1504 2512 3553 3555 3554 7491 7489 7487 7492 
1505 581 3557 3558 580 7493 7494 7495 730 
1506 579 580 3558 3556 729 7495 7496 7497 
1507 2510 3556 3558 3557 7498 7496 7494 7499 
1508 549 3560 3561 548 7500 7501 7502 698 
1509 547 548 3561 3559 697 7502 7503 7504 
1510 2509 3559 3561 3560 7505 7503 7501 7506 
1511 499 3563 3564 498 7507 7508 7509 648 
1512 497 498 3564 3562 647 7509 7510 7511 
1513 2508 3562 3564 3563 7512 7510 7508 7513 
1514 1487 3566 3567 1486 7514 7515 7516 2232 
1515 1485 1486 3567 3565 2231 7516 7517 7518 
1516 2520 3565 3567 3566 7519 7517 7515 7520 
1517 1171 3569 3570 1170 7521 7522 7523 1916 
1518 1169 1170 3570 3568 1915 7523 7524 7525 
1519 3128 3568 3570 3569 7526 7524 7522 7527 
1520 2557 3573 3574 3571 7528 7529 7530 7531 
1521 2383 3571 3574 3572 7532 7530 7533 7534 
1522 2560 3572 3574 3573 7535 7533 7529 7536 
1523 1205 3576 3577 1204 7537 7538 7539 1950 
1524 1203 1204 3577 3575 1949 7539 7540 7541 
1525 3107 3575 3577 3576 7542 7540 7538 7543 
1526 953 3579 3580 952 7544 7545 7546 1698 
1527 951 952 3580 3578 1697 7546 7547 7548 
1528 2970 3578 3580 3579 7549 7547 7545 7550 
1529 1429 3582 3583 1428 7551 7552 7553 2174 
1530 1427 1428 3583 3581 2173 7553 7554 7555 
1531 2822 3581 3583 3582 7556 7554 7552 7557 
1532 1031 3585 3586 1030 7558 7559 7560 1776 
1533 1029 1030 3586 3584 1775 7560 7561 7562 
1534 3036 3584 3586 3585 7563 7561 7559 7564 
1535 2568 3589 3590 3587 7565 7566 7567 7568 
1536 2437 3587 3590 3588 7569 7567 7570 7571 
1537 2660 3588 3590 3589 7572 7570 7566 7573 
1538 1397 3592 3593 1396 7574 7575 7576 2142 
1539 1395 1396 3593 3591 2141 7576 7577 7578 
1540 2936 3591 3593 3592 7579 7577 7575 7580 
1541 3040 3596 3597 3594 7581 7582 7583 7584 
1542 3069 3594 3597 3595 7585 7583 7586 7587 
1543 3088 3595 3597 3596 7588 7586 7582 7589 
1544 2369 3600 3601 3598 7590 7591 7592 7593 
1545 2558 3598 3601 3599 7594 7592 7595 7596 
1546 2630 3599 3601 3600 7597 7595 7591 7598 
1547 2756 3604 3605 3602 7599 7600 7601 7602 
1548 2861 3602 3605 3603 7603 7601 7604 7605 
1549 2862 3603 3605 3604 7606 7604 7600 7607 
1550 2923 3608 3609 3606 7608 7609 7610 7611 
1551 3122 3606 3609 3607 7612 7610 7613 7614 
1552 3123 3607 3609 3608 7615 7613 7609 7616 
1553 3119 3612 3613 3610 7617 7618 7619 7620 
1554 3127 3610 3613 3611 7621 7619 7622 7623 
1555 3128 3611 3613 3612 7624 7622 7618 7625 
1556 2891 3616 3617 3614 7626 7627 7628 7629 
1557 2900 3614 3617 3615 7630 7628 7631 7632 
1558 2916 3615 3617 3616 7633 7631 7627 7634 
1559 2505 3620 3621 3618 7635 7636 7637 7638 
1560 2367 3618 3621 3619 7639 7637 7640 7641 
1561 2599 3619 3621 3620 7642 7640 7636 7643 
1562 3105 3624 3625 3622 7644 7645 7646 7647 
1563 3107 3622 3625 3623 7648 7646 7649 7650 
1564 3110 3623 3625 3624 7651 7649 7645 7652 
1565 2969 3628 3629 3626 7653 7654 7655 7656 
1566 2943 3626 3629 3627 7657 7655 7658 7659 
1567 3088 3627 3629 3628 7660 7658 7654 7661 
1568 2657 3632 3633 3630 7662 7663 7664 7665 
1569 2615 3630 3633 3631 7666 7664 7667 7668 
1570 2728 3631 3633 3632 7669 7667 7663 7670 
1571 2911 3636 3637 3634 7671 7672 7673 7674 
1572 2936 3634 3637 3635 7675 7673 7676 7677 
1573 3023 3635 3637 3636 7678 7676 7672 7679 
1574 2660 3640 3641 3638 7680 7681 7682 7683 
1575 2505 3638 3641 3639 7684 7682 7685 7686 
1576 2733 3639 3641 3640 7687 7685 7681 7688 
1577 66 3643 3644 67 7689 7690 7691 160 
1578 68 67 3644 3642 161 7691 7692 7693 
1579 2488 3642 3644 3643 7694 7692 7690 7695 
1580 2500 3647 3648 3645 7696 7697 7698 7699 
1581 2657 3645 3648 3646 7700 7698 7701 7702 
1582 2735 3646 3648 3647 7703 7701 7697 7704 
1583 2363 3651 3652 3649 7705 7706 7707 7708 
1584 2938 3649 3652 3650 7709 7707 7710 7711 
1585 2959 3650 3652 3651 7712 7710 7706 7713 
1586 48 3654 3655 49 7714 7715 7716 142 
1587 50 49 3655 3653 143 7716 7717 7718 
1588 2445 3653 3655 3654 7719 7717 7715 7720 
1589 2636 3658 3659 3656 7721 7722 7723 7724 
1590 2706 3656 3659 3657 7725 7723 7726 7727 
1591 2728 3657 3659 3658 7728 7726 7722 7729 
1592 2333 3662 3663 3660 7730 7731 7732 7733 
1593 2442 3660 3663 3661 7734 7732 7735 7736 
1594 2502 3661 3663 3662 7737 7735 7731 7738 
1595 3073 3666 3667 3664 7739 7740 7741 7742 
1596 3079 3664 3667 3665 7743 7741 7744 7745 
1597 3100 3665 3667 3666 7746 7744 7740 7747 
1598 2566 3670 3671 3668 7748 7749 7750 7751 
1599 2359 3668 3671 3669 7752 7750 7753 7754 
1600 2621 3669 3671 3670 7755 7753 7749 7756 
1601 1239 3673 3674 1238 7757 7758 7759 1984 
1602 1237 1238 3674 3672 1983 7759 7760 7761 
1603 3098 3672 3674 3673 7762 7760 7758 7763 
1604 983 3676 3677 982 7764 7765 7766 1728 
1605 981 982 3677 3675 1727 7766 7767 7768 
1606 2377 3675 3677 3676 7769 7767 7765 7770 
1607 1143 3679 3680 1142 7771 7772 7773 1888 
1608 1141 1142 3680 3678 1887 7773 7774 7775 
1609 2304 3678 3680 3679 7776 7774 7772 7777 
1610 447 3682 3683 446 7778 7779 7780 596 
1611 445 446 3683 3681 595 7780 7781 7782 
1612 2430 3681 3683 3682 7783 7781 7779 7784 
1613 457 3685 3686 456 7785 7786 7787 606 
1614 455 456 3686 3684 605 7787 7788 7789 
1615 2360 3684 3686 3685 7790 7788 7786 7791 
1616 465 3688 3689 464 7792 7793 7794 614 
1617 463 464 3689 3687 613 7794 7795 7796 
1618 2484 3687 3689 3688 7797 7795 7793 7798 
1619 939 3691 3692 938 7799 7800 7801 1684 
1620 937 938 3692 3690 1683 7801 7802 7803 
1621 2958 3690 3692 3691 7804 7802 7800 7805 
1622 469 3694 3695 468 7806 7807 7808 618 
1623 467 468 3695 3693 617 7808 7809 7810 
1624 2339 3693 3695 3694 7811 7809 7807 7812 
1625 1175 3697 3698 1174 7813 7814 7815 1920 
1626 1173 1174 3698 3696 1919 7815 7816 7817 
1627 3127 3696 3698 3697 7818 7816 7814 7819 
1628 453 3700 3701 452 7820 7821 7822 602 
1629 451 452 3701 3699 601 7822 7823 7824 
1630 2480 3699 3701 3700 7825 7823 7821 7826 
1631 969 3703 3704 968 7827 7828 7829 1714 
1632 967 968 3704 3702 1713 7829 7830 7831 
1633 2308 3702 3704 3703 7832 7830 7828 7833 
1634 1363 3706 3707 1362 7834 7835 7836 2108 
1635 1361 1362 3707 3705 2107 7836 7837 7838 
1636 2323 3705 3707 3706 7839 7837 7835 7840 
1637 1111 3709 3710 1110 7841 7842 7843 1856 
1638 1109 1110 3710 3708 1855 7843 7844 7845 
1639 3114 3708 3710 3709 7846 7844 7842 7847 
1640 461 3712 3713 460 7848 7849 7850 610 
1641 459 460 3713 3711 609 7850 7851 7852 
1642 2474 3711 3713 3712 7853 7851 7849 7854 
1643 1525 3715 3716 1524 7855 7856 7857 2270 
1644 1523 1524 3716 3714 2269 7857 7858 7859 
1645 2382 3714 3716 3715 7860 7858 7856 7861 
1646 1067 3718 3719 1066 7862 7863 7864 1812 
1647 1065 1066 3719 3717 1811 7864 7865 7866 
1648 3049 3717 3719 3718 7867 7865 7863 7868 
1649 1081 3721 3722 1080 7869 7870 7871 1826 
1650 1079 1080 3722 3720 1825 7871 7872 7873 
1651 2335 3720 3722 3721 7874 7872 7870 7875 
1652 1269 3724 3725 1268 7876 7877 7878 2014 
1653 1267 1268 3725 3723 2013 7878 7879 7880 
1654 2320 3723 3725 3724 7881 7879 7877 7882 
1655 1473 3727 3728 1472 7883 7884 7885 2218 
1656 1471 1472 3728 3726 2217 7885 7886 7887 
1657 2832 3726 3728 3727 7888 7886 7884 7889 
1658 1401 3730 3731 1400 7890 7891 7892 2146 
1659 1399 1400 3731 3729 2145 7892 7893 7894 
1660 2911 3729 3731 3730 7895 7893 7891 7896 
1661 949 3733 3734 948 7897 7898 7899 1694 
1662 947 948 3734 3732 1693 7899 7900 7901 
1663 2329 3732 3734 3733 7902 7900 7898 7903 
1664 1443 3736 3737 1442 7904 7905 7906 2188 
1665 1441 1442 3737 3735 2187 7906 7907 7908 
1666 2346 3735 3737 3736 7909 7907 7905 7910 
1667 957 3739 3740 956 7911 7912 7913 1702 
1668 955 956 3740 3738 1701 7913 7914 7915 
1669 2960 3738 3740 3739 7916 7914 7912 7917 
1670 1045 3742 3743 1044 7918 7919 7920 1790 
1671 1043 1044 3743 3741 1789 7920 7921 7922 
1672 3066 3741 3743 3742 7923 7921 7919 7924 
1673 1027 3745 3746 1026 7925 7926 7927 1772 
1674 1025 1026 3746 3744 1771 7927 7928 7929 
1675 2376 3744 3746 3745 7930 7928 7926 7931 
1676 879 3748 3749 878 7932 7933 7934 1624 
1677 877 878 3749 3747 1623 7934 7935 7936 
1678 2469 3747 3749 3748 7937 7935 7933 7938 
1679 1219 3751 3752 1218 7939 7940 7941 1964 
1680 1217 1218 3752 3750 1963 7941 7942 7943 
1681 3106 3750 3752 3751 7944 7942 7940 7945 
1682 909 3754 3755 908 7946 7947 7948 1654 
1683 907 908 3755 3753 1653 7948 7949 7950 
1684 2340 3753 3755 3754 7951 7949 7947 7952 
1685 1407 3757 3758 1406 7953 7954 7955 2152 
1686 1405 1406 3758 3756 2151 7955 7956 7957 
1687 2374 3756 3758 3757 7958 7956 7954 7959 
1688 883 3760 3761 882 7960 7961 7962 1628 
1689 881 882 3761 3759 1627 7962 7963 7964 
1690 2418 3759 3761 3760 7965 7963 7961 7966 
1691 1007 3763 3764 1006 7967 7968 7969 1752 
1692 1005 1006 3764 3762 1751 7969 7970 7971 
1693 2394 3762 3764 3763 7972 7970 7968 7973 
1694 1515 3766 3767 1514 7974 7975 7976 2260 
1695 1513 1514 3767 3765 2259 7976 7977 7978 
1696 2354 3765 3767 3766 7979 7977 7975 7980 
1697 1023 3769 3770 1022 7981 7982 7983 1768 
1698 1021 1022 3770 3768 1767 7983 7984 7985 
1699 3030 3768 3770 3769 7986 7984 7982 7987 
1700 1329 3772 3773 1328 7988 7989 7990 2074 
1701 1327 1328 3773 3771 2073 7990 7991 7992 
1702 3096 3771 3773 3772 7993 7991 7989 7994 
1703 1547 3775 3776 1546 7995 7996 7997 2292 
1704 1545 1546 3776 3774 2291 7997 7998 7999 
1705 2411 3774 3776 3775 8000 7998 7996 8001 
1706 1311 3778 3779 1310 8002 8003 8004 2056 
1707 1309 1310 3779 3777 2055 8004 8005 8006 
1708 2393 3777 3779 3778 8007 8005 8003 8008 
1709 1057 3781 3782 1056 8009 8010 8011 1802 
1710 1055 1056 3782 3780 1801 8011 8012 8013 
1711 2306 3780 3782 3781 8014 8012 8010 8015 
1712 2972 3785 3786 3783 8016 8017 8018 8019 
1713 3000 3783 3786 3784 8020 8018 8021 8022 
1714 3001 3784 3786 3785 8023 8021 8017 8024 
1715 993 3788 3789 992 8025 8026 8027 1738 
1716 991 992 3789 3787 1737 8027 8028 8029 
1717 2330 3787 3789 3788 8030 8028 8026 8031 
1718 1405 3791 3792 1404 8032 8033 8034 2150 
1719 1403 1404 3792 3790 2149 8034 8035 8036 
1720 2935 3790 3792 3791 8037 8035 8033 8038 
1721 927 3794 3795 926 8039 8040 8041 1672 
1722 925 926 3795 3793 1671 8041 8042 8043 
1723 2309 3793 3795 3794 8044 8042 8040 8045 
1724 1167 3797 3798 1166 8046 8047 8048 1912 
1725 1165 1166 3798 3796 1911 8048 8049 8050 
1726 2332 3796 3798 3797 8051 8049 8047 8052 
1727 1153 3800 3801 1152 8053 8054 8055 1898 
1728 1151 1152 3801 3799 1897 8055 8056 8057 
1729 3063 3799 3801 3800 8058 8056 8054 8059 
1730 1135 3803 3804 1134 8060 8061 8062 1880 
1731 1133 1134 3804 3802 1879 8062 8063 8064 
1732 2387 3802 3804 3803 8065 8063 8061 8066 
1733 1499 3806 3807 1498 8067 8068 8069 2244 
1734 1497 1498 3807 3805 2243 8069 8070 8071 
1735 2355 3805 3807 3806 8072 8070 8068 8073 
1736 1089 3809 3810 1088 8074 8075 8076 1834 
1737 1087 1088 3810 3808 1833 8076 8077 8078 
1738 3083 3808 3810 3809 8079 8077 8075 8080 
1739 1295 3812 3813 1294 8081 8082 8083 2040 
1740 1293 1294 3813 3811 2039 8083 8084 8085 
1741 3061 3811 3813 3812 8086 8084 8082 8087 
1742 2922 3816 3817 3814 8088 8089 8090 8091 
1743 2959 3814 3817 3815 8092 8090 8093 8094 
1744 3050 3815 3817 3816 8095 8093 8089 8096 
1745 2389 3820 3821 3818 8097 8098 8099 8100 
1746 2509 3818 3821 3819 8101 8099 8102 8103 
1747 2676 3819 3821 3820 8104 8102 8098 8105 
1748 2311 3824 3825 3822 8106 8107 8108 8109 
1749 2512 3822 3825 3823 8110 8108 8111 8112 
1750 2620 3823 3825 3824 8113 8111 8107 8114 
1751 2313 3828 3829 3826 8115 8116 8117 8118 
1752 2514 3826 3829 3827 8119 8117 8120 8121 
1753 2667 3827 3829 3828 8122 8120 8116 8123 
1754 2314 3832 3833 3830 8124 8125 8126 8127 
1755 2521 3830 3833 3831 8128 8126 8129 8130 
1756 2622 3831 3833 3832 8131 8129 8125 8132 
1757 2407 3836 3837 3834 8133 8134 8135 8136 
1758 2463 3834 3837 3835 8137 8135 8138 8139 
1759 2600 3835 3837 3836 8140 8138 8134 8141 
1760 2464 3840 3841 3838 8142 8143 8144 8145 
1761 2337 3838 3841 3839 8146 8144 8147 8148 
1762 2562 3839 3841 3840 8149 8147 8143 8150 
1763 2490 3844 3845 3842 8151 8152 8153 8154 
1764 2342 3842 3845 3843 8155 8153 8156 8157 
1765 2563 3843 3845 3844 8158 8156 8152 8159 
1766 2392 3848 3849 3846 8160 8161 8162 8163 
1767 2511 3846 3849 3847 8164 8162 8165 8166 
1768 2652 3847 3849 3848 8167 8165 8161 8168 
1769 2510 3852 3853 3850 8169 8170 8171 8172 
1770 2481 3850 3853 3851 8173 8171 8174 8175 
1771 2668 3851 3853 3852 8176 8174 8170 8177 
1772 2518 3856 3857 3854 8178 8179 8180 8181 
1773 2415 3854 3857 3855 8182 8180 8183 8184 
1774 2603 3855 3857 3856 8185 8183 8179 8186 
1775 2508 3860 3861 3858 8187 8188 8189 8190 
1776 2419 3858 3861 3859 8191 8189 8192 8193 
1777 2617 3859 3861 3860 8194 8192 8188 8195 
1778 2349 3864 3865 3862 8196 8197 8198 8199 
1779 2589 3862 3865 3863 8200 8198 8201 8202 
1780 2669 3863 3865 3864 8203 8201 8197 8204 
1781 2592 3868 3869 3866 8205 8206 8207 8208 
1782 2353 3866 3869 3867 8209 8207 8210 8211 
1783 2632 3867 3869 3868 8212 8210 8206 8213 
1784 2570 3872 3873 3870 8214 8215 8216 8217 
1785 2352 3870 3873 3871 8218 8216 8219 8220 
1786 2605 3871 3873 3872 8221 8219 8215 8222 
1787 2577 3876 3877 3874 8223 8224 8225 8226 
1788 2361 3874 3877 3875 8227 8225 8228 8229 
1789 2608 3875 3877 3876 8230 8228 8224 8231 
1790 2581 3880 3881 3878 8232 8233 8234 8235 
1791 2475 3878 3881 3879 8236 8234 8237 8238 
1792 2638 3879 3881 3880 8239 8237 8233 8240 
1793 2599 3884 3885 3882 8241 8242 8243 8244 
1794 2410 3882 3885 3883 8245 8243 8246 8247 
1795 2674 3883 3885 3884 8248 8246 8242 8249 
1796 2465 3888 3889 3886 8250 8251 8252 8253 
1797 2489 3886 3889 3887 8254 8252 8255 8256 
1798 2500 3887 3889 3888 8257 8255 8251 8258 
1799 2688 3892 3893 3890 8259 8260 8261 8262 
1800 2699 3890 3893 3891 8263 8261 8264 8265 
1801 2775 3891 3893 3892 8266 8264 8260 8267 
1802 76 3896 3897 3894 8268 8269 8270 8271 
1803 2407 3894 3897 3895 8272 8270 8273 8274 
1804 2492 3895 3897 3896 8275 8273 8269 8276 
1805 2683 3900 3901 3898 8277 8278 8279 8280 
1806 2700 3898 3901 3899 8281 8279 8282 8283 
1807 2748 3899 3901 3900 8284 8282 8278 8285 
1808 3067 3904 3905 3902 8286 8287 8288 8289 
1809 2395 3902 3905 3903 8290 8288 8291 8292 
1810 3071 3903 3905 3904 8293 8291 8287 8294 
1811 2373 3908 3909 3906 8295 8296 8297 8298 
1812 2861 3906 3909 3907 8299 8297 8300 8301 
1813 2899 3907 3909 3908 8302 8300 8296 8303 
1814 2413 3912 3913 3910 8304 8305 8306 8307 
1815 2565 3910 3913 3911 8308 8306 8309 8310 
1816 2690 3911 3913 3912 8311 8309 8305 8312 
1817 2301 3916 3917 3914 8313 8314 8315 8316 
1818 2515 3914 3917 3915 8317 8315 8318 8319 
1819 2611 3915 3917 3916 8320 8318 8314 8321 
1820 3128 3920 3921 3918 8322 8323 8324 8325 
1821 2332 3918 3921 3919 8326 8324 8327 8328 
1822 3130 3919 3921 3920 8329 8327 8323 8330 
1823 3112 3924 3925 3922 8331 8332 8333 8334 
1824 2393 3922 3925 3923 8335 8333 8336 8337 
1825 3122 3923 3925 3924 8338 8336 8332 8339 
1826 2614 3928 3929 3926 8340 8341 8342 8343 
1827 2687 3926 3929 3927 8344 8342 8345 8346 
1828 2764 3927 3929 3928 8347 8345 8341 8348 
1829 3068 3932 3933 3930 8349 8350 8351 8352 
1830 2403 3930 3933 3931 8353 8351 8354 8355 
1831 3076 3931 3933 3932 8356 8354 8350 8357 
1832 3021 3936 3937 3934 8358 8359 8360 8361 
1833 2362 3934 3937 3935 8362 8360 8363 8364 
1834 3053 3935 3937 3936 8365 8363 8359 8366 
1835 3080 3940 3941 3938 8367 8368 8369 8370 
1836 2303 3938 3941 3939 8371 8369 8372 8373 
1837 3101 3939 3941 3940 8374 8372 8368 8375 
1838 2515 3944 3945 3942 8376 8377 8378 8379 
1839 2418 3942 3945 3943 8380 8378 8381 8382 
1840 2671 3943 3945 3944 8383 8381 8377 8384 
1841 2605 3948 3949 3946 8385 8386 8387 8388 
1842 2677 3946 3949 3947 8389 8387 8390 8391 
1843 2683 3947 3949 3948 8392 8390 8386 8393 
1844 2831 3952 3953 3950 8394 8395 8396 8397 
1845 2855 3950 3953 3951 8398 8396 8399 8400 
1846 2862 3951 3953 3952 8401 8399 8395 8402 
1847 2390 3956 3957 3954 8403 8404 8405 8406 
1848 2888 3954 3957 3955 8407 8405 8408 8409 
1849 2913 3955 3957 3956 8410 8408 8404 8411 
1850 2655 3960 3961 3958 8412 8413 8414 8415 
1851 2688 3958 3961 3959 8416 8414 8417 8418 
1852 2736 3959 3961 3960 8419 8417 8413 8420 
1853 2679 3964 3965 3962 8421 8422 8423 8424 
1854 2602 3962 3965 3963 8425 8423 8426 8427 
1855 2722 3963 3965 3964 8428 8426 8422 8429 
1856 2694 3968 3969 3966 8430 8431 8432 8433 
1857 2617 3966 3969 3967 8434 8432 8435 8436 
1858 2721 3967 3969 3968 8437 8435 8431 8438 
1859 2669 3972 3973 3970 8439 8440 8441 8442 
1860 2699 3970 3973 3971 8443 8441 8444 8445 
1861 2731 3971 3973 3972 8446 8444 8440 8447 
1862 3097 3976 3977 3974 8448 8449 8450 8451 
1863 3126 3974 3977 3975 8452 8450 8453 8454 
1864 3129 3975 3977 3976 8455 8453 8449 8456 
1865 3104 3980 3981 3978 8457 8458 8459 8460 
1866 3096 3978 3981 3979 8461 8459 8462 8463 
1867 3115 3979 3981 3980 8464 8462 8458 8465 
1868 923 3983 3984 922 8466 8467 8468 1668 
1869 921 922 3984 3982 1667 8468 8469 8470 
1870 2404 3982 3984 3983 8471 8469 8467 8472 
1871 965 3986 3987 964 8473 8474 8475 1710 
1872 963 964 3987 3985 1709 8475 8476 8477 
1873 2391 3985 3987 3986 8478 8476 8474 8479 
1874 1053 3989 3990 1052 8480 8481 8482 1798 
1875 1051 1052 3990 3988 1797 8482 8483 8484 
1876 2401 3988 3990 3989 8485 8483 8481 8486 
1877 1097 3992 3993 1096 8487 8488 8489 1842 
1878 1095 1096 3993 3991 1841 8489 8490 8491 
1879 2402 3991 3993 3992 8492 8490 8488 8493 
1880 1177 3995 3996 1176 8494 8495 8496 1922 
1881 1175 1176 3996 3994 1921 8496 8497 8498 
1882 2399 3994 3996 3995 8499 8497 8495 8500 
1883 1331 3998 3999 1330 8501 8502 8503 2076 
1884 1329 1330 3999 3997 2075 8503 8504 8505 
1885 2322 3997 3999 3998 8506 8504 8502 8507 
1886 299 4001 4002 298 8508 8509 8510 308 
1887 297 298 4002 4000 307 8510 8511 8512 
1888 2412 4000 4002 4001 8513 8511 8509 8514 
1889 2412 4001 4004 4003 8514 8515 8516 8517 
1890 301 4003 4004 300 8518 8516 8519 310 
1891 299 300 4004 4001 309 8519 8515 8508 
1892 2372 4006 4007 4005 8520 8521 8522 8523 
1893 1075 4005 4007 1074 8524 8522 8525 1820 
1894 1073 1074 4007 4006 1819 8525 8521 8526 
1895 1073 4006 4009 1072 8526 8527 8528 1818 
1896 1071 1072 4009 4008 1817 8528 8529 8530 
1897 2372 4008 4009 4006 8531 8529 8527 8520 
1898 2363 4011 4012 4010 8532 8533 8534 8535 
1899 1381 4010 4012 1380 8536 8534 8537 2126 
1900 1379 1380 4012 4011 2125 8537 8533 8538 
1901 1379 4011 4014 1378 8538 8539 8540 2124 
1902 1377 1378 4014 4013 2123 8540 8541 8542 
1903 2363 4013 4014 4011 8543 8541 8539 8532 
1904 2914 4016 4017 4015 8544 8545 8546 8547 
1905 1377 4015 4017 1376 8548 8546 8549 2122 
1906 1375 1376 4017 4016 2121 8549 8545 8550 
1907 1375 4016 4019 1374 8550 8551 8552 2120 
1908 1373 1374 4019 4018 2119 8552 8553 8554 
1909 2914 4018 4019 4016 8555 8553 8551 8544 
1910 2932 4021 4022 4020 8556 8557 8558 8559 
1911 1371 4020 4022 1370 8560 8558 8561 2116 
1912 1369 1370 4022 4021 2115 8561 8557 8562 
1913 1369 4021 4024 1368 8562 8563 8564 2114 
1914 1367 1368 4024 4023 2113 8564 8565 8566 
1915 2932 4023 4024 4021 8567 8565 8563 8556 
1916 1349 4026 4027 1348 8568 8569 8570 2094 
1917 1347 1348 4027 4025 2093 8570 8571 8572 
1918 2362 4025 4027 4026 8573 8571 8569 8574 
1919 2362 4026 4029 4028 8574 8575 8576 8577 
1920 1351 4028 4029 1350 8578 8576 8579 2096 
1921 1349 1350 4029 4026 2095 8579 8575 8568 
1922 2395 4031 4032 4030 8580 8581 8582 8583 
1923 1345 4030 4032 1344 8584 8582 8585 2090 
1924 1343 1344 4032 4031 2089 8585 8581 8586 
1925 1343 4031 4034 1342 8586 8587 8588 2088 
1926 1341 1342 4034 4033 2087 8588 8589 8590 
1927 2395 4033 4034 4031 8591 8589 8587 8580 
1928 2368 4036 4037 4035 8592 8593 8594 8595 
1929 1537 4035 4037 1536 8596 8594 8597 2282 
1930 1535 1536 4037 4036 2281 8597 8593 8598 
1931 1535 4036 4039 1534 8598 8599 8600 2280 
1932 1533 1534 4039 4038 2279 8600 8601 8602 
1933 2368 4038 4039 4036 8603 8601 8599 8592 
1934 2486 4041 4042 4040 8604 8605 8606 8607 
1935 1531 4040 4042 1530 8608 8606 8609 2276 
1936 1529 1530 4042 4041 2275 8609 8605 8610 
1937 1529 4041 4044 1528 8610 8611 8612 2274 
1938 1527 1528 4044 4043 2273 8612 8613 8614 
1939 2486 4043 4044 4041 8615 8613 8611 8604 
1940 2379 4046 4047 4045 8616 8617 8618 8619 
1941 1493 4045 4047 1492 8620 8618 8621 2238 
1942 1491 1492 4047 4046 2237 8621 8617 8622 
1943 1491 4046 4049 1490 8622 8623 8624 2236 
1944 1489 1490 4049 4048 2235 8624 8625 8626 
1945 2379 4048 4049 4046 8627 8625 8623 8616 
1946 2402 4050 4051 3991 8628 8629 8630 8492 
1947 1095 3991 4051 1094 8491 8630 8631 1840 
1948 1093 1094 4051 4050 1839 8631 8629 8632 
1949 1093 4050 4053 1092 8632 8633 8634 1838 
1950 1091 1092 4053 4052 1837 8634 8635 8636 
1951 2402 4052 4053 4050 8637 8635 8633 8628 
1952 1481 4055 4056 1480 8638 8639 8640 2226 
1953 1479 1480 4056 4054 2225 8640 8641 8642 
1954 2423 4054 4056 4055 8643 8641 8639 8644 
1955 2423 4055 4058 4057 8644 8645 8646 8647 
1956 1483 4057 4058 1482 8648 8646 8649 2228 
1957 1481 1482 4058 4055 2227 8649 8645 8638 
1958 2348 4060 4061 4059 8650 8651 8652 8653 
1959 1479 4059 4061 1478 8654 8652 8655 2224 
1960 1477 1478 4061 4060 2223 8655 8651 8656 
1961 1477 4060 4063 1476 8656 8657 8658 2222 
1962 1475 1476 4063 4062 2221 8658 8659 8660 
1963 2348 4062 4063 4060 8661 8659 8657 8650 
1964 1459 4065 4066 1458 8662 8663 8664 2204 
1965 1457 1458 4066 4064 2203 8664 8665 8666 
1966 2351 4064 4066 4065 8667 8665 8663 8668 
1967 2351 4065 4068 4067 8668 8669 8670 8671 
1968 1461 4067 4068 1460 8672 8670 8673 2206 
1969 1459 1460 4068 4065 2205 8673 8669 8662 
1970 2401 4069 4070 3988 8674 8675 8676 8485 
1971 1051 3988 4070 1050 8484 8676 8677 1796 
1972 1049 1050 4070 4069 1795 8677 8675 8678 
1973 1049 4069 4072 1048 8678 8679 8680 1794 
1974 1047 1048 4072 4071 1793 8680 8681 8682 
1975 2401 4071 4072 4069 8683 8681 8679 8674 
1976 1453 4074 4075 1452 8684 8685 8686 2198 
1977 1451 1452 4075 4073 2197 8686 8687 8688 
1978 2390 4073 4075 4074 8689 8687 8685 8690 
1979 2390 4074 4077 4076 8690 8691 8692 8693 
1980 1455 4076 4077 1454 8694 8692 8695 2200 
1981 1453 1454 4077 4074 2199 8695 8691 8684 
1982 2863 4079 4080 4078 8696 8697 8698 8699 
1983 1451 4078 4080 1450 8700 8698 8701 2196 
1984 1449 1450 4080 4079 2195 8701 8697 8702 
1985 1449 4079 4082 1448 8702 8703 8704 2194 
1986 1447 1448 4082 4081 2193 8704 8705 8706 
1987 2863 4081 4082 4079 8707 8705 8703 8696 
1988 1249 4084 4085 1248 8708 8709 8710 1994 
1989 1247 1248 4085 4083 1993 8710 8711 8712 
1990 2345 4083 4085 4084 8713 8711 8709 8714 
1991 2345 4084 4087 4086 8714 8715 8716 8717 
1992 1251 4086 4087 1250 8718 8716 8719 1996 
1993 1249 1250 4087 4084 1995 8719 8715 8708 
1994 2396 4089 4090 4088 8720 8721 8722 8723 
1995 1245 4088 4090 1244 8724 8722 8725 1990 
1996 1243 1244 4090 4089 1989 8725 8721 8726 
1997 1243 4089 4092 1242 8726 8727 8728 1988 
1998 1241 1242 4092 4091 1987 8728 8729 8730 
1999 2396 4091 4092 4089 8731 8729 8727 8720 
2000 2338 4094 4095 4093 8732 8733 8734 8735 
2001 1127 4093 4095 1126 8736 8734 8737 1872 
2002 1125 1126 4095 4094 1871 8737 8733 8738 
2003 1125 4094 4097 1124 8738 8739 8740 1870 
2004 1123 1124 4097 4096 1869 8740 8741 8742 
2005 2338 4096 4097 4094 8743 8741 8739 8732 
2006 1221 4099 4100 1220 8744 8745 8746 1966 
2007 1219 1220 4100 4098 1965 8746 8747 8748 
2008 2403 4098 4100 4099 8749 8747 8745 8750 
2009 2403 4099 4102 4101 8750 8751 8752 8753 
2010 1223 4101 4102 1222 8754 8752 8755 1968 
2011 1221 1222 4102 4099 1967 8755 8751 8744 
2012 1185 4104 4105 1184 8756 8757 8758 1930 
2013 1183 1184 4105 4103 1929 8758 8759 8760 
2014 2303 4103 4105 4104 8761 8759 8757 8762 
2015 2303 4104 4107 4106 8762 8763 8764 8765 
2016 1187 4106 4107 1186 8766 8764 8767 1932 
2017 1185 1186 4107 4104 1931 8767 8763 8756 
2018 2399 4109 4110 4108 8768 8769 8770 8771 
2019 1181 4108 4110 1180 8772 8770 8773 1926 
2020 1179 1180 4110 4109 1925 8773 8769 8774 
2021 1179 4109 4111 1178 8774 8775 8776 1924 
2022 1177 1178 4111 3995 1923 8776 8777 8494 
2023 2399 3995 4111 4109 8500 8777 8775 8768 
2024 3131 4113 4114 4112 8778 8779 8780 8781 
2025 1165 4112 4114 1164 8782 8780 8783 1910 
2026 1163 1164 4114 4113 1909 8783 8779 8784 
2027 1163 4113 4116 1162 8784 8785 8786 1908 
2028 1161 1162 4116 4115 1907 8786 8787 8788 
2029 3131 4115 4116 4113 8789 8787 8785 8778 
2030 2378 4118 4119 4117 8790 8791 8792 8793 
2031 1159 4117 4119 1158 8794 8792 8795 1904 
2032 1157 1158 4119 4118 1903 8795 8791 8796 
2033 1157 4118 4121 1156 8796 8797 8798 1902 
2034 1155 1156 4121 4120 1901 8798 8799 8800 
2035 2378 4120 4121 4118 8801 8799 8797 8790 
2036 1333 4122 4123 1332 8802 8803 8804 2078 
2037 1331 1332 4123 3998 2077 8804 8805 8501 
2038 2322 3998 4123 4122 8507 8805 8803 8806 
2039 2322 4122 4125 4124 8806 8807 8808 8809 
2040 1335 4124 4125 1334 8810 8808 8811 2080 
2041 1333 1334 4125 4122 2079 8811 8807 8802 
2042 1099 4127 4128 1098 8812 8813 8814 1844 
2043 1097 1098 4128 4126 1843 8814 8815 8816 
2044 2305 4126 4128 4127 8817 8815 8813 8818 
2045 2305 4127 4130 4129 8818 8819 8820 8821 
2046 1101 4129 4130 1100 8822 8820 8823 1846 
2047 1099 1100 4130 4127 1845 8823 8819 8812 
2048 2321 4132 4133 4131 8824 8825 8826 8827 
2049 1305 4131 4133 1304 8828 8826 8829 2050 
2050 1303 1304 4133 4132 2049 8829 8825 8830 
2051 1303 4132 4135 1302 8830 8831 8832 2048 
2052 1301 1302 4135 4134 2047 8832 8833 8834 
2053 2321 4134 4135 4132 8835 8833 8831 8824 
2054 1299 4137 4138 1298 8836 8837 8838 2044 
2055 1297 1298 4138 4136 2043 8838 8839 8840 
2056 2321 4136 4138 4137 8841 8839 8837 8842 
2057 2321 4137 4139 4134 8842 8843 8844 8835 
2058 1301 4134 4139 1300 8834 8844 8845 2046 
2059 1299 1300 4139 4137 2045 8845 8843 8836 
2060 2433 4141 4142 4140 8846 8847 8848 8849 
2061 1543 4140 4142 1542 8850 8848 8851 2288 
2062 1541 1542 4142 4141 2287 8851 8847 8852 
2063 1541 4141 4144 1540 8852 8853 8854 2286 
2064 1539 1540 4144 4143 2285 8854 8855 8856 
2065 2433 4143 4144 4141 8857 8855 8853 8846 
2066 2343 4146 4147 4145 8858 8859 8860 8861 
2067 1287 4145 4147 1286 8862 8860 8863 2032 
2068 1285 1286 4147 4146 2031 8863 8859 8864 
2069 1285 4146 4149 1284 8864 8865 8866 2030 
2070 1283 1284 4149 4148 2029 8866 8867 8868 
2071 2343 4148 4149 4146 8869 8867 8865 8858 
2072 2386 4151 4152 4150 8870 8871 8872 8873 
2073 1281 4150 4152 1280 8874 8872 8875 2026 
2074 1279 1280 4152 4151 2025 8875 8871 8876 
2075 1279 4151 4154 1278 8876 8877 8878 2024 
2076 1277 1278 4154 4153 2023 8878 8879 8880 
2077 2386 4153 4154 4151 8881 8879 8877 8870 
2078 1275 4156 4157 1274 8882 8883 8884 2020 
2079 1273 1274 4157 4155 2019 8884 8885 8886 
2080 2386 4155 4157 4156 8887 8885 8883 8888 
2081 2386 4156 4158 4153 8888 8889 8890 8881 
2082 1277 4153 4158 1276 8880 8890 8891 2022 
2083 1275 1276 4158 4156 2021 8891 8889 8882 
2084 1271 4159 4160 1270 8892 8893 8894 2016 
2085 1269 1270 4160 3724 2015 8894 8895 7876 
2086 2320 3724 4160 4159 7882 8895 8893 8896 
2087 2320 4159 4162 4161 8896 8897 8898 8899 
2088 1273 4161 4162 1272 8900 8898 8901 2018 
2089 1271 1272 4162 4159 2017 8901 8897 8892 
2090 2370 4164 4165 4163 8902 8903 8904 8905 
2091 1117 4163 4165 1116 8906 8904 8907 1862 
2092 1115 1116 4165 4164 1861 8907 8903 8908 
2093 1115 4164 4167 1114 8908 8909 8910 1860 
2094 1113 1114 4167 4166 1859 8910 8911 8912 
2095 2370 4166 4167 4164 8913 8911 8909 8902 
2096 443 4169 4170 442 8914 8915 8916 592 
2097 441 442 4170 4168 591 8916 8917 8918 
2098 2430 4168 4170 4169 8919 8917 8915 8920 
2099 2430 4169 4171 3681 8920 8921 8922 7783 
2100 445 3681 4171 444 7782 8922 8923 594 
2101 443 444 4171 4169 593 8923 8921 8914 
2102 2391 4172 4173 3985 8924 8925 8926 8478 
2103 963 3985 4173 962 8477 8926 8927 1708 
2104 961 962 4173 4172 1707 8927 8925 8928 
2105 961 4172 4175 960 8928 8929 8930 1706 
2106 959 960 4175 4174 1705 8930 8931 8932 
2107 2391 4174 4175 4172 8933 8931 8929 8924 
2108 2398 4177 4178 4176 8934 8935 8936 8937 
2109 945 4176 4178 944 8938 8936 8939 1690 
2110 943 944 4178 4177 1689 8939 8935 8940 
2111 943 4177 4180 942 8940 8941 8942 1688 
2112 941 942 4180 4179 1687 8942 8943 8944 
2113 2398 4179 4180 4177 8945 8943 8941 8934 
2114 1011 4182 4183 1010 8946 8947 8948 1756 
2115 1009 1010 4183 4181 1755 8948 8949 8950 
2116 2307 4181 4183 4182 8951 8949 8947 8952 
2117 2307 4182 4185 4184 8952 8953 8954 8955 
2118 1013 4184 4185 1012 8956 8954 8957 1758 
2119 1011 1012 4185 4182 1757 8957 8953 8946 
2120 2400 4187 4188 4186 8958 8959 8960 8961 
2121 905 4186 4188 904 8962 8960 8963 1650 
2122 903 904 4188 4187 1649 8963 8959 8964 
2123 903 4187 4190 902 8964 8965 8966 1648 
2124 901 902 4190 4189 1647 8966 8967 8968 
2125 2400 4189 4190 4187 8969 8967 8965 8958 
2126 919 4192 4193 918 8970 8971 8972 1664 
2127 917 918 4193 4191 1663 8972 8973 8974 
2128 2404 4191 4193 4192 8975 8973 8971 8976 
2129 2404 4192 4194 3982 8976 8977 8978 8471 
2130 921 3982 4194 920 8470 8978 8979 1666 
2131 919 920 4194 4192 1665 8979 8977 8970 
2132 360 361 4198 4195 424 8980 8981 8982 
2133 2453 4195 4198 4196 8983 8981 8984 8985 
2134 2364 4196 4198 4197 8986 8984 8987 8988 
2135 362 4197 4198 361 8989 8987 8980 425 
2136 354 355 4202 4199 418 8990 8991 8992 
2137 2452 4199 4202 4200 8993 8991 8994 8995 
2138 2356 4200 4202 4201 8996 8994 8997 8998 
2139 356 4201 4202 355 8999 8997 8990 419 
2140 340 341 4206 4203 404 9000 9001 9002 
2141 2450 4203 4206 4204 9003 9001 9004 9005 
2142 2318 4204 4206 4205 9006 9004 9007 9008 
2143 342 4205 4206 341 9009 9007 9000 405 
2144 1473 1474 4208 3727 2219 9010 9011 7883 
2145 2832 3727 4208 4207 7889 9011 9012 9013 
2146 2348 4207 4208 4062 9014 9012 9015 8661 
2147 1475 4062 4208 1474 8660 9015 9010 2220 
2148 1003 1004 4211 4209 1749 9016 9017 9018 
2149 3025 4209 4211 4210 9019 9017 9020 9021 
2150 2394 4210 4211 3762 9022 9020 9023 7972 
2151 1005 3762 4211 1004 7971 9023 9016 1750 
2152 2435 4214 4215 4212 9024 9025 9026 9027 
2153 2428 4212 4215 4213 9028 9026 9029 9030 
2154 211 4213 4215 210 9031 9029 9032 232 
2155 209 210 4215 4214 231 9032 9025 9033 
2156 211 212 4217 4213 233 9034 9035 9031 
2157 2428 4213 4217 3410 9030 9035 9036 7162 
2158 2427 3410 4217 4216 7161 9036 9037 9038 
2159 213 4216 4217 212 9039 9037 9034 234 
2160 199 200 4221 4218 221 9040 9041 9042 
2161 2443 4218 4221 4219 9043 9041 9044 9045 
2162 2408 4219 4221 4220 9046 9044 9047 9048 
2163 201 4220 4221 200 9049 9047 9040 222 
2164 2409 4224 4225 4222 9050 9051 9052 9053 
2165 2446 4222 4225 4223 9054 9052 9055 9056 
2166 770 4223 4225 769 9057 9055 9058 805 
2167 768 769 4225 4224 804 9058 9051 9059 
2168 758 759 4229 4226 794 9060 9061 9062 
2169 2325 4226 4229 4227 9063 9061 9064 9065 
2170 2455 4227 4229 4228 9066 9064 9067 9068 
2171 760 4228 4229 759 9069 9067 9060 795 
2172 2965 4233 4234 4230 9070 9071 9072 9073 
2173 3016 4230 4234 4231 9074 9072 9075 9076 
2174 2994 4231 4234 4232 9077 9075 9078 9079 
2175 2939 4232 4234 4233 9080 9078 9071 9081 
2176 2954 4237 4238 4235 9082 9083 9084 9085 
2177 2965 4235 4238 4233 9086 9084 9087 9070 
2178 2939 4233 4238 4236 9081 9087 9088 9089 
2179 2892 4236 4238 4237 9090 9088 9083 9091 
2180 2779 4242 4243 4239 9092 9093 9094 9095 
2181 2678 4239 4243 4240 9096 9094 9097 9098 
2182 2760 4240 4243 4241 9099 9097 9100 9101 
2183 2823 4241 4243 4242 9102 9100 9093 9103 
2184 2823 4242 4247 4244 9103 9104 9105 9106 
2185 2876 4244 4247 4245 9107 9105 9108 9109 
2186 2837 4245 4247 4246 9110 9108 9111 9112 
2187 2779 4246 4247 4242 9113 9111 9104 9092 
2188 2876 4245 4251 4248 9109 9114 9115 9116 
2189 2926 4248 4251 4249 9117 9115 9118 9119 
2190 2893 4249 4251 4250 9120 9118 9121 9122 
2191 2837 4250 4251 4245 9123 9121 9114 9110 
2192 2678 4240 4255 4252 9098 9124 9125 9126 
2193 2493 4252 4255 4253 9127 9125 9128 9129 
2194 2639 4253 4255 4254 9130 9128 9131 9132 
2195 2760 4254 4255 4240 9133 9131 9124 9099 
2196 2624 4258 4259 4256 9134 9135 9136 9137 
2197 2761 4256 4259 3252 9138 9136 9139 6803 
2198 2686 3252 4259 4257 6802 9139 9140 9141 
2199 2499 4257 4259 4258 9142 9140 9135 9143 
2200 2813 4263 4264 4260 9144 9145 9146 9147 
2201 2869 4260 4264 4261 9148 9146 9149 9150 
2202 2844 4261 4264 4262 9151 9149 9152 9153 
2203 2780 4262 4264 4263 9154 9152 9145 9155 
2204 2744 4267 4268 4265 9156 9157 9158 9159 
2205 2813 4265 4268 4263 9160 9158 9161 9144 
2206 2780 4263 4268 4266 9155 9161 9162 9163 
2207 2681 4266 4268 4267 9164 9162 9157 9165 
2208 2681 4267 4272 4269 9165 9166 9167 9168 
2209 2496 4269 4272 4270 9169 9167 9170 9171 
2210 2626 4270 4272 4271 9172 9170 9173 9174 
2211 2744 4271 4272 4267 9175 9173 9166 9156 
2212 2446 4223 4275 4273 9056 9176 9177 9178 
2213 2458 4273 4275 4274 9179 9177 9180 9181 
2214 772 4274 4275 771 9182 9180 9183 807 
2215 770 771 4275 4223 806 9183 9176 9057 
2216 6 313 4277 773 376 9184 9185 809 
2217 772 773 4277 4274 808 9185 9186 9182 
2218 2458 4274 4277 4276 9181 9186 9187 9188 
2219 314 4276 4277 313 9189 9187 9184 377 
2220 314 315 4280 4276 378 9190 9191 9189 
2221 2458 4276 4280 4278 9188 9191 9192 9193 
2222 2425 4278 4280 4279 9194 9192 9195 9196 
2223 316 4279 4280 315 9197 9195 9190 379 
2224 2917 4284 4285 4281 9198 9199 9200 9201 
2225 2940 4281 4285 4282 9202 9200 9203 9204 
2226 2925 4282 4285 4283 9205 9203 9206 9207 
2227 2906 4283 4285 4284 9208 9206 9199 9209 
2228 2996 4289 4290 4286 9210 9211 9212 9213 
2229 3018 4286 4290 4287 9214 9212 9215 9216 
2230 2986 4287 4290 4288 9217 9215 9218 9219 
2231 2966 4288 4290 4289 9220 9218 9211 9221 
2232 2903 4293 4294 4291 9222 9223 9224 9225 
2233 2950 4291 4294 4292 9226 9224 9227 9228 
2234 2926 4292 4294 4248 9229 9227 9230 9117 
2235 2876 4248 4294 4293 9116 9230 9223 9231 
2236 2876 4293 4297 4244 9231 9232 9233 9107 
2237 2823 4244 4297 4295 9106 9233 9234 9235 
2238 2847 4295 4297 4296 9236 9234 9237 9238 
2239 2903 4296 4297 4293 9239 9237 9232 9222 
2240 2788 4299 4300 4298 9240 9241 9242 9243 
2241 2847 4298 4300 4295 9244 9242 9245 9236 
2242 2823 4295 4300 4241 9235 9245 9246 9102 
2243 2760 4241 4300 4299 9101 9246 9241 9247 
2244 2707 4302 4303 4301 9248 9249 9250 9251 
2245 2788 4301 4303 4299 9252 9250 9253 9240 
2246 2760 4299 4303 4254 9247 9253 9254 9133 
2247 2639 4254 4303 4302 9132 9254 9249 9255 
2248 2994 4307 4308 4304 9256 9257 9258 9259 
2249 3038 4304 4308 4305 9260 9258 9261 9262 
2250 3009 4305 4308 4306 9263 9261 9264 9265 
2251 2975 4306 4308 4307 9266 9264 9257 9267 
2252 2939 4310 4311 4232 9268 9269 9270 9080 
2253 2994 4232 4311 4307 9079 9270 9271 9256 
2254 2975 4307 4311 4309 9267 9271 9272 9273 
2255 2927 4309 4311 4310 9274 9272 9269 9275 
2256 2789 4315 4316 4312 9276 9277 9278 9279 
2257 2848 4312 4316 4313 9280 9278 9281 9282 
2258 2815 4313 4316 4314 9283 9281 9284 9285 
2259 2745 4314 4316 4315 9286 9284 9277 9287 
2260 2745 4315 4320 4317 9287 9288 9289 9290 
2261 2644 4317 4320 4318 9291 9289 9292 9293 
2262 2709 4318 4320 4319 9294 9292 9295 9296 
2263 2789 4319 4320 4315 9297 9295 9288 9276 
2264 2712 4323 4324 4321 9298 9299 9300 9301 
2265 2790 4321 4324 4322 9302 9300 9303 9304 
2266 2761 4322 4324 4256 9305 9303 9306 9138 
2267 2624 4256 4324 4323 9137 9306 9299 9307 
2268 2686 4257 4328 4325 9141 9308 9309 9310 
2269 2762 4325 4328 4326 9311 9309 9312 9313 
2270 2647 4326 4328 4327 9314 9312 9315 9316 
2271 2499 4327 4328 4257 9317 9315 9308 9142 
2272 2644 4318 4332 4329 9293 9318 9319 9320 
2273 2448 4329 4332 4330 9321 9319 9322 9323 
2274 2527 4330 4332 4331 9324 9322 9325 9326 
2275 2709 4331 4332 4318 9327 9325 9318 9294 
2276 2606 4336 4337 4333 9328 9329 9330 9331 
2277 2347 4333 4337 4334 9332 9330 9333 9334 
2278 2532 4334 4337 4335 9335 9333 9336 9337 
2279 2702 4335 4337 4336 9338 9336 9329 9339 
2280 2609 4341 4342 4338 9340 9341 9342 9343 
2281 2341 4338 4342 4339 9344 9342 9345 9346 
2282 2526 4339 4342 4340 9347 9345 9348 9349 
2283 2703 4340 4342 4341 9350 9348 9341 9351 
2284 2618 4346 4347 4343 9352 9353 9354 9355 
2285 2357 4343 4347 4344 9356 9354 9357 9358 
2286 2536 4344 4347 4345 9359 9357 9360 9361 
2287 2704 4345 4347 4346 9362 9360 9353 9363 
2288 2893 4250 4351 4348 9122 9364 9365 9366 
2289 2929 4348 4351 4349 9367 9365 9368 9369 
2290 2877 4349 4351 4350 9370 9368 9371 9372 
2291 2837 4350 4351 4250 9373 9371 9364 9123 
2292 2892 4353 4354 4236 9374 9375 9376 9090 
2293 2939 4236 4354 4310 9089 9376 9377 9268 
2294 2927 4310 4354 4352 9275 9377 9378 9379 
2295 2881 4352 4354 4353 9380 9378 9375 9381 
2296 2678 4252 4358 4355 9126 9382 9383 9384 
2297 2763 4355 4358 4356 9385 9383 9386 9387 
2298 2653 4356 4358 4357 9388 9386 9389 9390 
2299 2493 4357 4358 4252 9391 9389 9382 9127 
2300 2837 4246 4361 4350 9112 9392 9393 9373 
2301 2877 4350 4361 4359 9372 9393 9394 9395 
2302 2824 4359 4361 4360 9396 9394 9397 9398 
2303 2779 4360 4361 4246 9399 9397 9392 9113 
2304 2779 4239 4363 4360 9095 9400 9401 9399 
2305 2824 4360 4363 4362 9398 9401 9402 9403 
2306 2763 4362 4363 4355 9404 9402 9405 9385 
2307 2678 4355 4363 4239 9384 9405 9400 9096 
2308 326 4366 4367 325 9406 9407 9408 389 
2309 324 325 4367 4364 388 9408 9409 9410 
2310 2341 4364 4367 4365 9411 9409 9412 9413 
2311 2527 4365 4367 4366 9414 9412 9407 9415 
2312 330 4370 4371 329 9416 9417 9418 393 
2313 328 329 4371 4368 392 9418 9419 9420 
2314 2448 4368 4371 4369 9421 9419 9422 9423 
2315 2528 4369 4371 4370 9424 9422 9417 9425 
2316 334 4374 4375 333 9426 9427 9428 397 
2317 332 333 4375 4372 396 9428 9429 9430 
2318 2317 4372 4375 4373 9431 9429 9432 9433 
2319 2529 4373 4375 4374 9434 9432 9427 9435 
2320 338 4378 4379 337 9436 9437 9438 401 
2321 336 337 4379 4376 400 9438 9439 9440 
2322 2449 4376 4379 4377 9441 9439 9442 9443 
2323 2530 4377 4379 4378 9444 9442 9437 9445 
2324 344 4381 4382 343 9446 9447 9448 407 
2325 342 343 4382 4205 406 9448 9449 9009 
2326 2318 4205 4382 4380 9008 9449 9450 9451 
2327 2531 4380 4382 4381 9452 9450 9447 9453 
2328 348 4385 4386 347 9454 9455 9456 411 
2329 346 347 4386 4383 410 9456 9457 9458 
2330 2451 4383 4386 4384 9459 9457 9460 9461 
2331 2532 4384 4386 4385 9462 9460 9455 9463 
2332 352 4389 4390 351 9464 9465 9466 415 
2333 350 351 4390 4387 414 9466 9467 9468 
2334 2347 4387 4390 4388 9469 9467 9470 9471 
2335 2533 4388 4390 4389 9472 9470 9465 9473 
2336 322 4393 4394 321 9474 9475 9476 385 
2337 320 321 4394 4391 384 9476 9477 9478 
2338 2381 4391 4394 4392 9479 9477 9480 9481 
2339 2526 4392 4394 4393 9482 9480 9475 9483 
2340 318 4396 4397 317 9484 9485 9486 381 
2341 316 317 4397 4279 380 9486 9487 9197 
2342 2425 4279 4397 4395 9196 9487 9488 9489 
2343 2525 4395 4397 4396 9490 9488 9485 9491 
2344 358 4399 4400 357 9492 9493 9494 421 
2345 356 357 4400 4201 420 9494 9495 8999 
2346 2356 4201 4400 4398 8998 9495 9496 9497 
2347 2534 4398 4400 4399 9498 9496 9493 9499 
2348 364 4402 4403 363 9500 9501 9502 427 
2349 362 363 4403 4197 426 9502 9503 8989 
2350 2364 4197 4403 4401 8988 9503 9504 9505 
2351 2535 4401 4403 4402 9506 9504 9501 9507 
2352 368 4406 4407 367 9508 9509 9510 431 
2353 366 367 4407 4404 430 9510 9511 9512 
2354 2454 4404 4407 4405 9513 9511 9514 9515 
2355 2536 4405 4407 4406 9516 9514 9509 9517 
2356 372 4410 4411 371 9518 9519 9520 435 
2357 370 371 4411 4408 434 9520 9521 9522 
2358 2357 4408 4411 4409 9523 9521 9524 9525 
2359 2537 4409 4411 4410 9526 9524 9519 9527 
2360 2796 4415 4416 4412 9528 9529 9530 9531 
2361 2853 4412 4416 4413 9532 9530 9533 9534 
2362 2807 4413 4416 4414 9535 9533 9536 9537 
2363 2737 4414 4416 4415 9538 9536 9529 9539 
2364 2737 4415 4420 4417 9539 9540 9541 9542 
2365 2601 4417 4420 4418 9543 9541 9544 9545 
2366 2714 4418 4420 4419 9546 9544 9547 9548 
2367 2796 4419 4420 4415 9549 9547 9540 9528 
2368 2951 4424 4425 4421 9550 9551 9552 9553 
2369 2993 4421 4425 4422 9554 9552 9555 9556 
2370 2964 4422 4425 4423 9557 9555 9558 9559 
2371 2918 4423 4425 4424 9560 9558 9551 9561 
2372 2918 4424 4429 4426 9561 9562 9563 9564 
2373 2867 4426 4429 4427 9565 9563 9566 9567 
2374 2904 4427 4429 4428 9568 9566 9569 9570 
2375 2951 4428 4429 4424 9571 9569 9562 9550 
2376 2851 4432 4433 4430 9572 9573 9574 9575 
2377 2904 4430 4433 4427 9576 9574 9577 9568 
2378 2867 4427 4433 4431 9567 9577 9578 9579 
2379 2812 4431 4433 4432 9580 9578 9573 9581 
2380 374 375 4436 4434 438 9582 9583 9584 
2381 2444 4434 4436 4435 9585 9583 9586 9587 
2382 240 4435 4436 239 9588 9586 9589 267 
2383 4 239 4436 375 266 9589 9582 439 
2384 2707 4301 4440 4437 9251 9590 9591 9592 
2385 2623 4437 4440 4438 9593 9591 9594 9595 
2386 2743 4438 4440 4439 9596 9594 9597 9598 
2387 2788 4439 4440 4301 9599 9597 9590 9252 
2388 2918 4426 4443 4441 9564 9600 9601 9602 
2389 2950 4441 4443 4291 9603 9601 9604 9226 
2390 2903 4291 4443 4442 9225 9604 9605 9606 
2391 2867 4442 4443 4426 9607 9605 9600 9565 
2392 2847 4296 4445 4444 9238 9608 9609 9610 
2393 2812 4444 4445 4431 9611 9609 9612 9580 
2394 2867 4431 4445 4442 9579 9612 9613 9607 
2395 2903 4442 4445 4296 9606 9613 9608 9239 
2396 2815 4314 4448 4446 9285 9614 9615 9616 
2397 2853 4446 4448 4412 9617 9615 9618 9532 
2398 2796 4412 4448 4447 9531 9618 9619 9620 
2399 2745 4447 4448 4314 9621 9619 9614 9286 
2400 2714 4419 4450 4449 9548 9622 9623 9624 
2401 2644 4449 4450 4317 9625 9623 9626 9291 
2402 2745 4317 4450 4447 9290 9626 9627 9621 
2403 2796 4447 4450 4419 9620 9627 9622 9549 
2404 2788 4298 4452 4439 9243 9628 9629 9599 
2405 2743 4439 4452 4451 9598 9629 9630 9631 
2406 2812 4451 4452 4444 9632 9630 9633 9611 
2407 2847 4444 4452 4298 9610 9633 9628 9244 
2408 2459 4454 4455 4453 9634 9635 9636 9637 
2409 242 4453 4455 241 9638 9636 9639 269 
2410 240 241 4455 4435 268 9639 9640 9588 
2411 2444 4435 4455 4454 9587 9640 9635 9641 
2412 2793 4457 4458 4456 9642 9643 9644 9645 
2413 2851 4456 4458 4432 9646 9644 9647 9572 
2414 2812 4432 4458 4451 9581 9647 9648 9632 
2415 2743 4451 4458 4457 9631 9648 9643 9649 
2416 2807 4414 4461 4459 9537 9650 9651 9652 
2417 2851 4459 4461 4456 9653 9651 9654 9646 
2418 2793 4456 4461 4460 9645 9654 9655 9656 
2419 2737 4460 4461 4414 9657 9655 9650 9538 
2420 2737 4417 4464 4460 9542 9658 9659 9657 
2421 2793 4460 4464 4462 9656 9659 9660 9661 
2422 2710 4462 4464 4463 9662 9660 9663 9664 
2423 2601 4463 4464 4417 9665 9663 9658 9543 
2424 2789 4312 4468 4465 9279 9666 9667 9668 
2425 2766 4465 4468 4466 9669 9667 9670 9671 
2426 2828 4466 4468 4467 9672 9670 9673 9674 
2427 2848 4467 4468 4312 9675 9673 9666 9280 
2428 2917 4281 4472 4469 9201 9676 9677 9678 
2429 2957 4469 4472 4470 9679 9677 9680 9681 
2430 2974 4470 4472 4471 9682 9680 9683 9684 
2431 2940 4471 4472 4281 9685 9683 9676 9202 
2432 2869 4475 4476 4260 9686 9687 9688 9148 
2433 2813 4260 4476 4473 9147 9688 9689 9690 
2434 2852 4473 4476 4474 9691 9689 9692 9693 
2435 2910 4474 4476 4475 9694 9692 9687 9695 
2436 2794 4478 4479 4477 9696 9697 9698 9699 
2437 2852 4477 4479 4473 9700 9698 9701 9691 
2438 2813 4473 4479 4265 9690 9701 9702 9160 
2439 2744 4265 4479 4478 9159 9702 9697 9703 
2440 2951 4421 4483 4480 9553 9704 9705 9706 
2441 2928 4480 4483 4481 9707 9705 9708 9709 
2442 2980 4481 4483 4482 9710 9708 9711 9712 
2443 2993 4482 4483 4421 9713 9711 9704 9554 
2444 2904 4428 4486 4484 9570 9714 9715 9716 
2445 2864 4484 4486 4485 9717 9715 9718 9719 
2446 2928 4485 4486 4480 9720 9718 9721 9707 
2447 2951 4480 4486 4428 9706 9721 9714 9571 
2448 2713 4488 4489 4487 9722 9723 9724 9725 
2449 2794 4487 4489 4478 9726 9724 9727 9696 
2450 2744 4478 4489 4271 9703 9727 9728 9175 
2451 2626 4271 4489 4488 9174 9728 9723 9729 
2452 197 198 4492 4490 219 9730 9731 9732 
2453 2460 4490 4492 4491 9733 9731 9734 9735 
2454 2443 4491 4492 4218 9736 9734 9737 9043 
2455 199 4218 4492 198 9042 9737 9730 220 
2456 264 4495 4496 263 9738 9739 9740 291 
2457 262 263 4496 4493 290 9740 9741 9742 
2458 2426 4493 4496 4494 9743 9741 9744 9745 
2459 2460 4494 4496 4495 9746 9744 9739 9747 
2460 2460 4495 4497 4490 9747 9748 9749 9733 
2461 197 4490 4497 196 9732 9749 9750 218 
2462 2 196 4497 265 217 9750 9751 293 
2463 264 265 4497 4495 292 9751 9748 9738 
2464 2918 4441 4500 4423 9602 9752 9753 9560 
2465 2964 4423 4500 4498 9559 9753 9754 9755 
2466 2995 4498 4500 4499 9756 9754 9757 9758 
2467 2950 4499 4500 4441 9759 9757 9752 9603 
2468 2849 4504 4505 4501 9760 9761 9762 9763 
2469 2905 4501 4505 4502 9764 9762 9765 9766 
2470 2866 4502 4505 4503 9767 9765 9768 9769 
2471 2809 4503 4505 4504 9770 9768 9761 9771 
2472 2905 4502 4509 4506 9766 9772 9773 9774 
2473 2952 4506 4509 4507 9775 9773 9776 9777 
2474 2919 4507 4509 4508 9778 9776 9779 9780 
2475 2866 4508 4509 4502 9781 9779 9772 9767 
2476 2791 4512 4513 4510 9782 9783 9784 9785 
2477 2849 4510 4513 4504 9786 9784 9787 9760 
2478 2809 4504 4513 4511 9771 9787 9788 9789 
2479 2739 4511 4513 4512 9790 9788 9783 9791 
2480 2739 4512 4517 4514 9791 9792 9793 9794 
2481 2607 4514 4517 4515 9795 9793 9796 9797 
2482 2705 4515 4517 4516 9798 9796 9799 9800 
2483 2791 4516 4517 4512 9801 9799 9792 9782 
2484 2607 4515 4521 4518 9797 9802 9803 9804 
2485 2456 4518 4521 4519 9805 9803 9806 9807 
2486 2541 4519 4521 4520 9808 9806 9809 9810 
2487 2705 4520 4521 4515 9811 9809 9802 9798 
2488 2780 4266 4525 4522 9163 9812 9813 9814 
2489 2826 4522 4525 4523 9815 9813 9816 9817 
2490 2747 4523 4525 4524 9818 9816 9819 9820 
2491 2681 4524 4525 4266 9821 9819 9812 9164 
2492 756 4528 4529 755 9822 9823 9824 791 
2493 754 755 4529 4526 790 9824 9825 9826 
2494 2456 4526 4529 4527 9827 9825 9828 9829 
2495 2538 4527 4529 4528 9830 9828 9823 9831 
2496 766 4532 4533 765 9832 9833 9834 801 
2497 764 765 4533 4530 800 9834 9835 9836 
2498 2358 4530 4533 4531 9837 9835 9838 9839 
2499 2540 4531 4533 4532 9840 9838 9833 9841 
2500 762 4535 4536 761 9842 9843 9844 797 
2501 760 761 4536 4228 796 9844 9845 9069 
2502 2455 4228 4536 4534 9068 9845 9846 9847 
2503 2539 4534 4536 4535 9848 9846 9843 9849 
2504 2681 4269 4539 4524 9168 9850 9851 9821 
2505 2747 4524 4539 4537 9820 9851 9852 9853 
2506 2648 4537 4539 4538 9854 9852 9855 9856 
2507 2496 4538 4539 4269 9857 9855 9850 9169 
2508 752 4542 4543 751 9858 9859 9860 787 
2509 750 751 4543 4540 786 9860 9861 9862 
2510 2380 4540 4543 4541 9863 9861 9864 9865 
2511 2541 4541 4543 4542 9866 9864 9859 9867 
2512 2809 4511 4546 4544 9789 9868 9869 9870 
2513 2852 4544 4546 4477 9871 9869 9872 9700 
2514 2794 4477 4546 4545 9699 9872 9873 9874 
2515 2739 4545 4546 4511 9875 9873 9868 9790 
2516 2852 4474 4548 4544 9693 9876 9877 9871 
2517 2809 4544 4548 4503 9870 9877 9878 9770 
2518 2866 4503 4548 4547 9769 9878 9879 9880 
2519 2910 4547 4548 4474 9881 9879 9876 9694 
2520 2739 4514 4550 4545 9794 9882 9883 9875 
2521 2794 4545 4550 4487 9874 9883 9884 9726 
2522 2713 4487 4550 4549 9725 9884 9885 9886 
2523 2607 4549 4550 4514 9887 9885 9882 9795 
2524 2767 4553 4554 4551 9888 9889 9890 9891 
2525 2798 4551 4554 4552 9892 9890 9893 9894 
2526 2828 4552 4554 4466 9895 9893 9896 9672 
2527 2766 4466 4554 4553 9671 9896 9889 9897 
2528 2868 4557 4558 4555 9898 9899 9900 9901 
2529 2905 4555 4558 4501 9902 9900 9903 9764 
2530 2849 4501 4558 4556 9763 9903 9904 9905 
2531 2810 4556 4558 4557 9906 9904 9899 9907 
2532 2920 4560 4561 4559 9908 9909 9910 9911 
2533 2952 4559 4561 4506 9912 9910 9913 9775 
2534 2905 4506 4561 4555 9774 9913 9914 9902 
2535 2868 4555 4561 4560 9901 9914 9909 9915 
2536 2810 4563 4564 4556 9916 9917 9918 9906 
2537 2849 4556 4564 4510 9905 9918 9919 9786 
2538 2791 4510 4564 4562 9785 9919 9920 9921 
2539 2742 4562 4564 4563 9922 9920 9917 9923 
2540 2931 4567 4568 4565 9924 9925 9926 9927 
2541 2955 4565 4568 4566 9928 9926 9929 9930 
2542 2980 4566 4568 4481 9931 9929 9932 9710 
2543 2928 4481 4568 4567 9709 9932 9925 9933 
2544 2636 3656 4572 4569 7724 9934 9935 9936 
2545 2457 4569 4572 4570 9937 9935 9938 9939 
2546 2545 4570 4572 4571 9940 9938 9941 9942 
2547 2706 4571 4572 3656 9943 9941 9934 7725 
2548 2708 4576 4577 4573 9944 9945 9946 9947 
2549 2741 4573 4577 4574 9948 9946 9949 9950 
2550 2689 4574 4577 4575 9951 9949 9952 9953 
2551 2650 4575 4577 4576 9954 9952 9945 9955 
2552 244 4579 4580 243 9956 9957 9958 271 
2553 242 243 4580 4453 270 9958 9959 9638 
2554 2459 4453 4580 4578 9637 9959 9960 9961 
2555 2543 4578 4580 4579 9962 9960 9957 9963 
2556 256 4583 4584 255 9964 9965 9966 283 
2557 254 255 4584 4581 282 9966 9967 9968 
2558 2414 4581 4584 4582 9969 9967 9970 9971 
2559 2542 4582 4584 4583 9972 9970 9965 9973 
2560 248 4587 4588 247 9974 9975 9976 275 
2561 246 247 4588 4585 274 9976 9977 9978 
2562 2405 4585 4588 4586 9979 9977 9980 9981 
2563 2545 4586 4588 4587 9982 9980 9975 9983 
2564 252 4591 4592 251 9984 9985 9986 279 
2565 250 251 4592 4589 278 9986 9987 9988 
2566 2457 4589 4592 4590 9989 9987 9990 9991 
2567 2546 4590 4592 4591 9992 9990 9985 9993 
2568 260 4595 4596 259 9994 9995 9996 287 
2569 258 259 4596 4593 286 9996 9997 9998 
2570 2406 4593 4596 4594 9999 9997 10000 10001 
2571 2544 4594 4596 4595 10002 10000 9995 10003 
2572 2781 4600 4601 4597 10004 10005 10006 10007 
2573 2825 4597 4601 4598 10008 10006 10009 10010 
2574 2768 4598 4601 4599 10011 10009 10012 10013 
2575 2716 4599 4601 4600 10014 10012 10005 10015 
2576 2898 4604 4605 4602 10016 10017 10018 10019 
2577 2841 4602 4605 4603 10020 10018 10021 10022 
2578 2877 4603 4605 4349 10023 10021 10024 9370 
2579 2929 4349 4605 4604 9369 10024 10017 10025 
2580 2825 4608 4609 4597 10026 10027 10028 10008 
2581 2781 4597 4609 4606 10007 10028 10029 10030 
2582 2841 4606 4609 4607 10031 10029 10032 10033 
2583 2885 4607 4609 4608 10034 10032 10027 10035 
2584 2763 4611 4612 4362 10036 10037 10038 9404 
2585 2824 4362 4612 4610 9403 10038 10039 10040 
2586 2781 4610 4612 4600 10041 10039 10042 10004 
2587 2716 4600 4612 4611 10015 10042 10037 10043 
2588 2705 4516 4615 4613 9800 10044 10045 10046 
2589 2646 4613 4615 4614 10047 10045 10048 10049 
2590 2742 4614 4615 4562 10050 10048 10051 9922 
2591 2791 4562 4615 4516 9921 10051 10044 9801 
2592 2449 4377 4618 4616 9443 10052 10053 10054 
2593 2623 4616 4618 4437 10055 10053 10056 9593 
2594 2707 4437 4618 4617 9592 10056 10057 10058 
2595 2530 4617 4618 4377 10059 10057 10052 9444 
2596 2381 4392 4621 4619 9481 10060 10061 10062 
2597 2641 4619 4621 4620 10063 10061 10064 10065 
2598 2703 4620 4621 4340 10066 10064 10067 9350 
2599 2526 4340 4621 4392 9349 10067 10060 9482 
2600 2451 4384 4624 4622 9461 10068 10069 10070 
2601 2640 4622 4624 4623 10071 10069 10072 10073 
2602 2702 4623 4624 4335 10074 10072 10075 9338 
2603 2532 4335 4624 4384 9337 10075 10068 9462 
2604 2454 4405 4627 4625 9515 10076 10077 10078 
2605 2642 4625 4627 4626 10079 10077 10080 10081 
2606 2704 4626 4627 4345 10082 10080 10083 9362 
2607 2536 4345 4627 4405 9361 10083 10076 9516 
2608 2624 4629 4630 4258 10084 10085 10086 9134 
2609 2499 4258 4630 4628 9143 10086 10087 10088 
2610 2356 4628 4630 4200 10089 10087 10090 8996 
2611 2452 4200 4630 4629 8995 10090 10085 10091 
2612 2364 4632 4633 4196 10092 10093 10094 8986 
2613 2453 4196 4633 4631 8985 10094 10095 10096 
2614 2625 4631 4633 3370 10097 10095 10098 7070 
2615 2503 3370 4633 4632 7069 10098 10093 10099 
2616 2318 4635 4636 4204 10100 10101 10102 9006 
2617 2450 4204 4636 4634 9005 10102 10103 10104 
2618 2639 4634 4636 4253 10105 10103 10106 9130 
2619 2493 4253 4636 4635 9129 10106 10101 10107 
2620 2450 4637 4638 4203 10108 10109 10110 9003 
2621 340 4203 4638 339 9002 10110 10111 403 
2622 338 339 4638 4378 402 10111 10112 9436 
2623 2530 4378 4638 4637 9445 10112 10109 10113 
2624 2444 4639 4640 4434 10114 10115 10116 9585 
2625 374 4434 4640 373 9584 10116 10117 437 
2626 372 373 4640 4410 436 10117 10118 9518 
2627 2537 4410 4640 4639 9527 10118 10115 10119 
2628 2347 4334 4641 4387 9334 10120 10121 9469 
2629 350 4387 4641 349 9468 10121 10122 413 
2630 348 349 4641 4385 412 10122 10123 9454 
2631 2532 4385 4641 4334 9463 10123 10120 9335 
2632 2357 4344 4642 4408 9358 10124 10125 9523 
2633 370 4408 4642 369 9522 10125 10126 433 
2634 368 369 4642 4406 432 10126 10127 9508 
2635 2536 4406 4642 4344 9517 10127 10124 9359 
2636 2454 4643 4644 4404 10128 10129 10130 9513 
2637 366 4404 4644 365 9512 10130 10131 429 
2638 364 365 4644 4402 428 10131 10132 9500 
2639 2535 4402 4644 4643 9507 10132 10129 10133 
2640 2451 4645 4646 4383 10134 10135 10136 9459 
2641 346 4383 4646 345 9458 10136 10137 409 
2642 344 345 4646 4381 408 10137 10138 9446 
2643 2531 4381 4646 4645 9453 10138 10135 10139 
2644 2453 4647 4648 4195 10140 10141 10142 8983 
2645 360 4195 4648 359 8982 10142 10143 423 
2646 358 359 4648 4399 422 10143 10144 9492 
2647 2534 4399 4648 4647 9499 10144 10141 10145 
2648 2452 4649 4650 4199 10146 10147 10148 8993 
2649 354 4199 4650 353 8992 10148 10149 417 
2650 352 353 4650 4389 416 10149 10150 9464 
2651 2533 4389 4650 4649 9473 10150 10147 10151 
2652 2381 4651 4652 4391 10152 10153 10154 9479 
2653 320 4391 4652 319 9478 10154 10155 383 
2654 318 319 4652 4396 382 10155 10156 9484 
2655 2525 4396 4652 4651 9491 10156 10153 10157 
2656 2449 4653 4654 4376 10158 10159 10160 9441 
2657 336 4376 4654 335 9440 10160 10161 399 
2658 334 335 4654 4374 398 10161 10162 9426 
2659 2529 4374 4654 4653 9435 10162 10159 10163 
2660 2317 4655 4656 4372 10164 10165 10166 9431 
2661 332 4372 4656 331 9430 10166 10167 395 
2662 330 331 4656 4370 394 10167 10168 9416 
2663 2528 4370 4656 4655 9425 10168 10165 10169 
2664 2341 4339 4657 4364 9346 10170 10171 9411 
2665 324 4364 4657 323 9410 10171 10172 387 
2666 322 323 4657 4393 386 10172 10173 9474 
2667 2526 4393 4657 4339 9483 10173 10170 9347 
2668 2448 4330 4658 4368 9323 10174 10175 9421 
2669 328 4368 4658 327 9420 10175 10176 391 
2670 326 327 4658 4366 390 10176 10177 9406 
2671 2527 4366 4658 4330 9415 10177 10174 9324 
2672 2720 4662 4663 4659 10178 10179 10180 10181 
2673 2769 4659 4663 4660 10182 10180 10183 10184 
2674 2708 4660 4663 4661 10185 10183 10186 10187 
2675 2649 4661 4663 4662 10188 10186 10179 10189 
2676 2533 4649 4665 4664 10151 10190 10191 10192 
2677 2712 4664 4665 4323 10193 10191 10194 9298 
2678 2624 4323 4665 4629 9307 10194 10195 10084 
2679 2452 4629 4665 4649 10091 10195 10190 10146 
2680 2530 4637 4666 4617 10113 10196 10197 10059 
2681 2707 4617 4666 4302 10058 10197 10198 9248 
2682 2639 4302 4666 4634 9255 10198 10199 10105 
2683 2450 4634 4666 4637 10104 10199 10196 10108 
2684 2537 4668 4669 4409 10200 10201 10202 9526 
2685 2357 4409 4669 4343 9525 10202 10203 9356 
2686 2618 4343 4669 4667 9355 10203 10204 10205 
2687 2643 4667 4669 4668 10206 10204 10201 10207 
2688 2527 4331 4671 4365 9326 10208 10209 9414 
2689 2341 4365 4671 4338 9413 10209 10210 9344 
2690 2609 4338 4671 4670 9343 10210 10211 10212 
2691 2709 4670 4671 4331 10213 10211 10208 9327 
2692 2533 4664 4673 4388 10192 10214 10215 9472 
2693 2347 4388 4673 4333 9471 10215 10216 9332 
2694 2606 4333 4673 4672 9331 10216 10217 10218 
2695 2712 4672 4673 4664 10219 10217 10214 10193 
2696 2710 4674 4675 4462 10220 10221 10222 9662 
2697 2793 4462 4675 4457 9661 10222 10223 9642 
2698 2743 4457 4675 4438 9649 10223 10224 9596 
2699 2623 4438 4675 4674 9595 10224 10221 10225 
2700 2380 4541 4677 4676 9865 10226 10227 10228 
2701 2646 4676 4677 4613 10229 10227 10230 10047 
2702 2705 4613 4677 4520 10046 10230 10231 9811 
2703 2541 4520 4677 4541 9810 10231 10226 9866 
2704 2741 4574 4680 4678 9950 10232 10233 10234 
2705 2798 4678 4680 4551 10235 10233 10236 9892 
2706 2767 4551 4680 4679 9891 10236 10237 10238 
2707 2689 4679 4680 4574 10239 10237 10232 9951 
2708 2846 4683 4684 4681 10240 10241 10242 10243 
2709 2797 4681 4684 4682 10244 10242 10245 10246 
2710 2825 4682 4684 4608 10247 10245 10248 10026 
2711 2885 4608 4684 4683 10035 10248 10241 10249 
2712 2626 4686 4687 4270 10250 10251 10252 9172 
2713 2496 4270 4687 4685 9171 10252 10253 10254 
2714 2455 4685 4687 4227 10255 10253 10256 9066 
2715 2325 4227 4687 4686 9065 10256 10251 10257 
2716 2765 4690 4691 4688 10258 10259 10260 10261 
2717 2704 4688 4691 4626 10262 10260 10263 10082 
2718 2642 4626 4691 4689 10081 10263 10264 10265 
2719 2759 4689 4691 4690 10266 10264 10259 10267 
2720 2358 4692 4693 4530 10268 10269 10270 9837 
2721 764 4530 4693 763 9836 10270 10271 799 
2722 762 763 4693 4535 798 10271 10272 9842 
2723 2539 4535 4693 4692 9849 10272 10269 10273 
2724 2325 4694 4695 4226 10274 10275 10276 9063 
2725 758 4226 4695 757 9062 10276 10277 793 
2726 756 757 4695 4528 792 10277 10278 9822 
2727 2538 4528 4695 4694 9831 10278 10275 10279 
2728 2456 4519 4696 4526 9807 10280 10281 9827 
2729 754 4526 4696 753 9826 10281 10282 789 
2730 752 753 4696 4542 788 10282 10283 9858 
2731 2541 4542 4696 4519 9867 10283 10280 9808 
2732 2409 4697 4698 4224 10284 10285 10286 9050 
2733 768 4224 4698 767 9059 10286 10287 803 
2734 766 767 4698 4532 802 10287 10288 9832 
2735 2540 4532 4698 4697 9841 10288 10285 10289 
2736 2405 4586 4700 4699 9981 10290 10291 10292 
2737 2619 4699 4700 3159 10293 10291 10294 6592 
2738 2706 3159 4700 4571 6591 10294 10295 9943 
2739 2545 4571 4700 4586 9942 10295 10290 9982 
2740 2538 4694 4702 4701 10279 10296 10297 10298 
2741 2713 4701 4702 4488 10299 10297 10300 9722 
2742 2626 4488 4702 4686 9729 10300 10301 10250 
2743 2325 4686 4702 4694 10257 10301 10296 10274 
2744 2609 4670 4704 4703 10212 10302 10303 10304 
2745 2766 4703 4704 4465 10305 10303 10306 9669 
2746 2789 4465 4704 4319 9668 10306 10307 9297 
2747 2709 4319 4704 4670 9296 10307 10302 10213 
2748 2538 4701 4705 4527 10298 10308 10309 9830 
2749 2456 4527 4705 4518 9829 10309 10310 9805 
2750 2607 4518 4705 4549 9804 10310 10311 9887 
2751 2713 4549 4705 4701 9886 10311 10308 10299 
2752 3018 4287 4709 4706 9216 10312 10313 10314 
2753 3044 4706 4709 4707 10315 10313 10316 10317 
2754 3024 4707 4709 4708 10318 10316 10319 10320 
2755 2986 4708 4709 4287 10321 10319 10312 9217 
2756 2317 4373 4712 4710 9433 10322 10323 10324 
2757 2601 4710 4712 4463 10325 10323 10326 9665 
2758 2710 4463 4712 4711 9664 10326 10327 10328 
2759 2529 4711 4712 4373 10329 10327 10322 9434 
2760 2448 4369 4714 4329 9423 10330 10331 9321 
2761 2644 4329 4714 4449 9320 10331 10332 9625 
2762 2714 4449 4714 4713 9624 10332 10333 10334 
2763 2528 4713 4714 4369 10335 10333 10330 9424 
2764 203 4715 4716 202 10336 10337 10338 224 
2765 201 202 4716 4220 223 10338 10339 9049 
2766 2408 4220 4716 3488 9048 10339 10340 7339 
2767 2549 3488 4716 4715 7338 10340 10337 10341 
2768 207 4719 4720 206 10342 10343 10344 228 
2769 205 206 4720 4717 227 10344 10345 10346 
2770 2424 4717 4720 4718 10347 10345 10348 10349 
2771 2550 4718 4720 4719 10350 10348 10343 10351 
2772 2999 4724 4725 4721 10352 10353 10354 10355 
2773 3011 4721 4725 4722 10356 10354 10357 10358 
2774 2990 4722 4725 4723 10359 10357 10360 10361 
2775 2973 4723 4725 4724 10362 10360 10353 10363 
2776 2880 4729 4730 4726 10364 10365 10366 10367 
2777 2879 4726 4730 4727 10368 10366 10369 10370 
2778 2906 4727 4730 4728 10371 10369 10372 10373 
2779 2909 4728 4730 4729 10374 10372 10365 10375 
2780 2405 4731 4732 4585 10376 10377 10378 9979 
2781 246 4585 4732 245 9978 10378 10379 273 
2782 244 245 4732 4579 272 10379 10380 9956 
2783 2543 4579 4732 4731 9963 10380 10377 10381 
2784 2406 3426 4733 4593 7197 10382 10383 9999 
2785 258 4593 4733 257 9998 10383 10384 285 
2786 256 257 4733 4583 284 10384 10385 9964 
2787 2542 4583 4733 3426 9973 10385 10382 7198 
2788 2426 4734 4735 4493 10386 10387 10388 9743 
2789 262 4493 4735 261 9742 10388 10389 289 
2790 260 261 4735 4595 288 10389 10390 9994 
2791 2544 4595 4735 4734 10003 10390 10387 10391 
2792 2414 4736 4737 4581 10392 10393 10394 9969 
2793 254 4581 4737 253 9968 10394 10395 281 
2794 252 253 4737 4591 280 10395 10396 9984 
2795 2546 4591 4737 4736 9993 10396 10393 10397 
2796 2457 4570 4738 4589 9939 10398 10399 9989 
2797 250 4589 4738 249 9988 10399 10400 277 
2798 248 249 4738 4587 276 10400 10401 9974 
2799 2545 4587 4738 4570 9983 10401 10398 9940 
2800 2824 4610 4739 4359 10040 10402 10403 9396 
2801 2877 4359 4739 4603 9395 10403 10404 10023 
2802 2841 4603 4739 4606 10022 10404 10405 10031 
2803 2781 4606 4739 4610 10030 10405 10402 10041 
2804 2547 4743 4744 4740 10406 10407 10408 10409 
2805 2650 4740 4744 4741 10410 10408 10411 10412 
2806 2651 4741 4744 4742 10413 10411 10414 10415 
2807 2548 4742 4744 4743 10416 10414 10407 10417 
2808 2857 4748 4749 4745 10418 10419 10420 10421 
2809 2880 4745 4749 4746 10422 10420 10423 10424 
2810 2843 4746 4749 4747 10425 10423 10426 10427 
2811 2814 4747 4749 4748 10428 10426 10419 10429 
2812 2409 4222 4752 4750 9053 10430 10431 10432 
2813 2547 4750 4752 4743 10433 10431 10434 10406 
2814 2548 4743 4752 4751 10417 10434 10435 10436 
2815 2446 4751 4752 4222 10437 10435 10430 9054 
2816 2950 4292 4755 4499 9228 10438 10439 9759 
2817 2995 4499 4755 4753 9758 10439 10440 10441 
2818 2976 4753 4755 4754 10442 10440 10443 10444 
2819 2926 4754 4755 4292 10445 10443 10438 9229 
2820 2544 4734 4759 4756 10391 10446 10447 10448 
2821 2656 4756 4759 4757 10449 10447 10450 10451 
2822 2551 4757 4759 4758 10452 10450 10453 10454 
2823 2426 4758 4759 4734 10455 10453 10446 10386 
2824 2933 4762 4763 4760 10456 10457 10458 10459 
2825 2957 4760 4763 4469 10460 10458 10461 9679 
2826 2917 4469 4763 4761 9678 10461 10462 10463 
2827 2896 4761 4763 4762 10464 10462 10457 10465 
2828 2606 4672 4766 4764 10218 10466 10467 10468 
2829 2740 4764 4766 4765 10469 10467 10470 10471 
2830 2790 4765 4766 4321 10472 10470 10473 9302 
2831 2712 4321 4766 4672 9301 10473 10466 10219 
2832 2807 4459 4768 4767 9652 10474 10475 10476 
2833 2864 4767 4768 4484 10477 10475 10478 9717 
2834 2904 4484 4768 4430 9716 10478 10479 9576 
2835 2851 4430 4768 4459 9575 10479 10474 9653 
2836 2647 4770 4771 4769 10480 10481 10482 10483 
2837 2625 4769 4771 4631 10484 10482 10485 10097 
2838 2453 4631 4771 4647 10096 10485 10486 10140 
2839 2534 4647 4771 4770 10145 10486 10481 10487 
2840 2641 4773 4774 4619 10488 10489 10490 10063 
2841 2381 4619 4774 4651 10062 10490 10491 10152 
2842 2525 4651 4774 4772 10157 10491 10492 10493 
2843 2651 4772 4774 4773 10494 10492 10489 10495 
2844 2640 4776 4777 4622 10496 10497 10498 10071 
2845 2451 4622 4777 4645 10070 10498 10499 10134 
2846 2531 4645 4777 4775 10139 10499 10500 10501 
2847 2653 4775 4777 4776 10502 10500 10497 10503 
2848 2642 4779 4780 4625 10504 10505 10506 10079 
2849 2454 4625 4780 4643 10078 10506 10507 10128 
2850 2535 4643 4780 4778 10133 10507 10508 10509 
2851 2654 4778 4780 4779 10510 10508 10505 10511 
2852 2838 4784 4785 4781 10512 10513 10514 10515 
2853 2854 4781 4785 4782 10516 10514 10517 10518 
2854 2786 4782 4785 4783 10519 10517 10520 10521 
2855 2818 4783 4785 4784 10522 10520 10513 10523 
2856 2625 3371 4787 4769 7072 10524 10525 10484 
2857 2647 4769 4787 4326 10483 10525 10526 9314 
2858 2762 4326 4787 4786 9313 10526 10527 10528 
2859 2725 4786 4787 3371 10529 10527 10524 7073 
2860 2425 4788 4789 4278 10530 10531 10532 9194 
2861 2458 4278 4789 4273 9193 10532 10533 9179 
2862 2446 4273 4789 4751 9178 10533 10534 10437 
2863 2548 4751 4789 4788 10436 10534 10531 10535 
2864 2649 4790 4791 4661 10536 10537 10538 10188 
2865 2708 4661 4791 4576 10187 10538 10539 9944 
2866 2650 4576 4791 4740 9955 10539 10540 10410 
2867 2547 4740 4791 4790 10409 10540 10537 10541 
2868 2704 4346 4794 4688 9363 10542 10543 10262 
2869 2765 4688 4794 4792 10261 10543 10544 10545 
2870 2718 4792 4794 4793 10546 10544 10547 10548 
2871 2618 4793 4794 4346 10549 10547 10542 9352 
2872 2601 4418 4795 4710 9545 10550 10551 10325 
2873 2317 4710 4795 4655 10324 10551 10552 10164 
2874 2528 4655 4795 4713 10169 10552 10553 10335 
2875 2714 4713 4795 4418 10334 10553 10550 9546 
2876 2623 4674 4796 4616 10225 10554 10555 10055 
2877 2449 4616 4796 4653 10054 10555 10556 10158 
2878 2529 4653 4796 4711 10163 10556 10557 10329 
2879 2710 4711 4796 4674 10328 10557 10554 10220 
2880 2537 4639 4798 4668 10119 10558 10559 10200 
2881 2643 4668 4798 4797 10207 10559 10560 10561 
2882 2459 4797 4798 4454 10562 10560 10563 9634 
2883 2444 4454 4798 4639 9641 10563 10558 10114 
2884 2926 4249 4801 4754 9119 10564 10565 10445 
2885 2976 4754 4801 4799 10444 10565 10566 10567 
2886 2944 4799 4801 4800 10568 10566 10569 10570 
2887 2893 4800 4801 4249 10571 10569 10564 9120 
2888 2966 4289 4804 4802 9221 10572 10573 10574 
2889 2940 4802 4804 4471 10575 10573 10576 9685 
2890 2974 4471 4804 4803 9684 10576 10577 10578 
2891 2996 4803 4804 4289 10579 10577 10572 9210 
2892 2769 4806 4807 4659 10580 10581 10582 10182 
2893 2720 4659 4807 4805 10181 10582 10583 10584 
2894 2648 4805 4807 4537 10585 10583 10586 9854 
2895 2747 4537 4807 4806 9853 10586 10581 10587 
2896 2896 4808 4809 4761 10588 10589 10590 10464 
2897 2917 4761 4809 4284 10463 10590 10591 9198 
2898 2906 4284 4809 4727 9209 10591 10592 10371 
2899 2879 4727 4809 4808 10370 10592 10589 10593 
2900 2880 4746 4812 4729 10424 10594 10595 10364 
2901 2909 4729 4812 4810 10375 10595 10596 10597 
2902 2878 4810 4812 4811 10598 10596 10599 10600 
2903 2843 4811 4812 4746 10601 10599 10594 10425 
2904 2525 4772 4813 4395 10493 10602 10603 9490 
2905 2425 4395 4813 4788 9489 10603 10604 10530 
2906 2548 4788 4813 4742 10535 10604 10605 10416 
2907 2651 4742 4813 4772 10415 10605 10602 10494 
2908 2547 4790 4815 4750 10541 10606 10607 10433 
2909 2409 4750 4815 4697 10432 10607 10608 10284 
2910 2540 4697 4815 4814 10289 10608 10609 10610 
2911 2649 4814 4815 4790 10611 10609 10606 10536 
2912 2435 3306 4816 4214 6924 10612 10613 9024 
2913 209 4214 4816 208 9033 10613 10614 230 
2914 207 208 4816 4719 229 10614 10615 10342 
2915 2550 4719 4816 3306 10351 10615 10612 6925 
2916 2424 3450 4817 4717 7251 10616 10617 10347 
2917 205 4717 4817 204 10346 10617 10618 226 
2918 203 204 4817 4715 225 10618 10619 10336 
2919 2549 4715 4817 3450 10341 10619 10616 7252 
2920 2931 4565 4821 4818 9927 10620 10621 10622 
2921 2907 4818 4821 4819 10623 10621 10624 10625 
2922 2925 4819 4821 4820 10626 10624 10627 10628 
2923 2955 4820 4821 4565 10629 10627 10620 9928 
2924 2893 4348 4824 4800 9366 10630 10631 10571 
2925 2944 4800 4824 4822 10570 10631 10632 10633 
2926 2953 4822 4824 4823 10634 10632 10635 10636 
2927 2929 4823 4824 4348 10637 10635 10630 9367 
2928 2535 4778 4826 4401 10509 10638 10639 9506 
2929 2364 4401 4826 4632 9505 10639 10640 10092 
2930 2503 4632 4826 4825 10099 10640 10641 10642 
2931 2654 4825 4826 4778 10643 10641 10638 10510 
2932 2531 4775 4827 4380 10501 10644 10645 9452 
2933 2318 4380 4827 4635 9451 10645 10646 10100 
2934 2493 4635 4827 4357 10107 10646 10647 9391 
2935 2653 4357 4827 4775 9390 10647 10644 10502 
2936 2534 4770 4828 4398 10487 10648 10649 9498 
2937 2356 4398 4828 4628 9497 10649 10650 10089 
2938 2499 4628 4828 4327 10088 10650 10651 9317 
2939 2647 4327 4828 4770 9316 10651 10648 10480 
2940 2853 4413 4831 4829 9534 10652 10653 10654 
2941 2908 4829 4831 4830 10655 10653 10656 10657 
2942 2864 4830 4831 4767 10658 10656 10659 10477 
2943 2807 4767 4831 4413 10476 10659 10652 9535 
2944 2815 4446 4834 4832 9616 10660 10661 10662 
2945 2882 4832 4834 4833 10663 10661 10664 10665 
2946 2908 4833 4834 4829 10666 10664 10667 10655 
2947 2853 4829 4834 4446 10654 10667 10660 9617 
2948 2999 4721 4838 4835 10355 10668 10669 10670 
2949 2998 4835 4838 4836 10671 10669 10672 10673 
2950 3042 4836 4838 4837 10674 10672 10675 10676 
2951 3011 4837 4838 4721 10677 10675 10668 10356 
2952 2940 4282 4840 4802 9204 10678 10679 10575 
2953 2966 4802 4840 4839 10574 10679 10680 10681 
2954 2955 4839 4840 4820 10682 10680 10683 10629 
2955 2925 4820 4840 4282 10628 10683 10678 9205 
2956 3043 4843 4844 4841 10684 10685 10686 10687 
2957 3044 4841 4844 4706 10688 10686 10689 10315 
2958 3018 4706 4844 4842 10314 10689 10690 10691 
2959 3017 4842 4844 4843 10692 10690 10685 10693 
2960 2358 4531 4846 4845 9839 10694 10695 10696 
2961 2720 4845 4846 4662 10697 10695 10698 10178 
2962 2649 4662 4846 4814 10189 10698 10699 10611 
2963 2540 4814 4846 4531 10610 10699 10694 9840 
2964 2996 4286 4849 4847 9213 10700 10701 10702 
2965 2990 4847 4849 4848 10703 10701 10704 10705 
2966 3017 4848 4849 4842 10706 10704 10707 10692 
2967 3018 4842 4849 4286 10691 10707 10700 9214 
2968 2643 4797 4852 4850 10561 10708 10709 10710 
2969 2719 4850 4852 4851 10711 10709 10712 10713 
2970 2543 4851 4852 4578 10714 10712 10715 9962 
2971 2459 4578 4852 4797 9961 10715 10708 10562 
2972 2763 4356 4854 4611 9387 10716 10717 10036 
2973 2716 4611 4854 4853 10043 10717 10718 10719 
2974 2640 4853 4854 4776 10720 10718 10721 10496 
2975 2653 4776 4854 4356 10503 10721 10716 9388 
2976 2767 4855 4856 4553 10722 10723 10724 9888 
2977 2766 4553 4856 4703 9897 10724 10725 10305 
2978 2609 4703 4856 4341 10304 10725 10726 9340 
2979 2703 4341 4856 4855 9351 10726 10723 10727 
2980 2768 4858 4859 4857 10728 10729 10730 10731 
2981 2740 4857 4859 4764 10732 10730 10733 10469 
2982 2606 4764 4859 4336 10468 10733 10734 9328 
2983 2702 4336 4859 4858 9339 10734 10729 10735 
2984 2976 4862 4863 4753 10736 10737 10738 10442 
2985 2995 4753 4863 4860 10441 10738 10739 10740 
2986 3019 4860 4863 4861 10741 10739 10742 10743 
2987 2988 4861 4863 4862 10744 10742 10737 10745 
2988 2619 3363 4864 4699 7054 10746 10747 10293 
2989 2405 4699 4864 4731 10292 10747 10748 10376 
2990 2543 4731 4864 4851 10381 10748 10749 10714 
2991 2719 4851 4864 3363 10713 10749 10746 7055 
2992 2522 4868 4869 4865 10750 10751 10752 10753 
2993 2501 4865 4869 4866 10754 10752 10755 10756 
2994 2684 4866 4869 4867 10757 10755 10758 10759 
2995 2629 4867 4869 4868 10760 10758 10751 10761 
2996 2682 4871 4872 4870 10762 10763 10764 10765 
2997 2784 4870 4872 3454 10766 10764 10767 7261 
2998 2819 3454 4872 3341 7260 10767 10768 7004 
2999 2782 3341 4872 4871 7003 10768 10763 10769 
3000 2641 4873 4874 4773 10770 10771 10772 10488 
3001 2651 4773 4874 4741 10495 10772 10773 10413 
3002 2650 4741 4874 4575 10412 10773 10774 9954 
3003 2689 4575 4874 4873 9953 10774 10771 10775 
3004 2539 4875 4876 4534 10776 10777 10778 9848 
3005 2455 4534 4876 4685 9847 10778 10779 10255 
3006 2496 4685 4876 4538 10254 10779 10780 9857 
3007 2648 4538 4876 4875 9856 10780 10777 10781 
3008 2990 4723 4878 4847 10361 10782 10783 10703 
3009 2996 4847 4878 4803 10702 10783 10784 10579 
3010 2974 4803 4878 4877 10578 10784 10785 10786 
3011 2973 4877 4878 4723 10787 10785 10782 10362 
3012 2925 4283 4880 4819 9207 10788 10789 10626 
3013 2907 4819 4880 4879 10625 10789 10790 10791 
3014 2909 4879 4880 4728 10792 10790 10793 10374 
3015 2906 4728 4880 4283 10373 10793 10788 9208 
3016 2957 4470 4883 4881 9681 10794 10795 10796 
3017 2956 4881 4883 4882 10797 10795 10798 10799 
3018 2973 4882 4883 4877 10800 10798 10801 10787 
3019 2974 4877 4883 4470 10786 10801 10794 9682 
3020 2814 4885 4886 4747 10802 10803 10804 10428 
3021 2843 4747 4886 4884 10427 10804 10805 10806 
3022 2828 4884 4886 4552 10807 10805 10808 9895 
3023 2798 4552 4886 4885 9894 10808 10803 10809 
3024 2998 4836 4890 4887 10673 10810 10811 10812 
3025 2992 4887 4890 4888 10813 10811 10814 10815 
3026 3010 4888 4890 4889 10816 10814 10817 10818 
3027 3042 4889 4890 4836 10819 10817 10810 10674 
3028 2818 3400 4893 4783 7138 10820 10821 10522 
3029 2786 4783 4893 4891 10521 10821 10822 10823 
3030 2680 4891 4893 4892 10824 10822 10825 10826 
3031 2758 4892 4893 3400 10827 10825 10820 7139 
3032 2443 4894 4895 4491 10828 10829 10830 9736 
3033 2460 4491 4895 4494 9735 10830 10831 9746 
3034 2426 4494 4895 4758 9745 10831 10832 10455 
3035 2551 4758 4895 4894 10454 10832 10829 10833 
3036 3011 4722 4898 4896 10358 10834 10835 10836 
3037 3039 4896 4898 4897 10837 10835 10838 10839 
3038 3017 4897 4898 4848 10840 10838 10841 10706 
3039 2990 4848 4898 4722 10705 10841 10834 10359 
3040 2414 4901 4902 4736 10842 10843 10844 10392 
3041 2546 4736 4902 4899 10397 10844 10845 10846 
3042 2701 4899 4902 4900 10847 10845 10848 10849 
3043 2672 4900 4902 4901 10850 10848 10843 10851 
3044 2689 4873 4903 4679 10775 10852 10853 10239 
3045 2767 4679 4903 4855 10238 10853 10854 10722 
3046 2703 4855 4903 4620 10727 10854 10855 10066 
3047 2641 4620 4903 4873 10065 10855 10852 10770 
3048 2848 4313 4906 4904 9282 10856 10857 10858 
3049 2878 4904 4906 4905 10859 10857 10860 10861 
3050 2882 4905 4906 4832 10862 10860 10863 10663 
3051 2815 4832 4906 4313 10662 10863 10856 9283 
3052 2539 4692 4907 4875 10273 10864 10865 10776 
3053 2648 4875 4907 4805 10781 10865 10866 10585 
3054 2720 4805 4907 4845 10584 10866 10867 10697 
3055 2358 4845 4907 4692 10696 10867 10864 10268 
3056 2921 4911 4912 4908 10868 10869 10870 10871 
3057 2901 4908 4912 4909 10872 10870 10873 10874 
3058 2838 4909 4912 4910 10875 10873 10876 10877 
3059 2874 4910 4912 4911 10878 10876 10869 10879 
3060 2892 4237 4916 4913 9091 10880 10881 10882 
3061 2865 4913 4916 4914 10883 10881 10884 10885 
3062 2924 4914 4916 4915 10886 10884 10887 10888 
3063 2954 4915 4916 4237 10889 10887 10880 9082 
3064 2702 4858 4917 4623 10735 10890 10891 10074 
3065 2640 4623 4917 4853 10073 10891 10892 10720 
3066 2716 4853 4917 4599 10719 10892 10893 10014 
3067 2768 4599 4917 4858 10013 10893 10890 10728 
3068 2684 4919 4920 4866 10894 10895 10896 10757 
3069 2501 4866 4920 4918 10756 10896 10897 10898 
3070 2715 4918 4920 3377 10899 10897 10900 7086 
3071 2757 3377 4920 4919 7085 10900 10895 10901 
3072 2825 4598 4922 4682 10010 10902 10903 10247 
3073 2797 4682 4922 4921 10246 10903 10904 10905 
3074 2740 4921 4922 4857 10906 10904 10907 10732 
3075 2768 4857 4922 4598 10731 10907 10902 10011 
3076 2843 4884 4923 4811 10806 10908 10909 10601 
3077 2878 4811 4923 4904 10600 10909 10910 10859 
3078 2848 4904 4923 4467 10858 10910 10911 9675 
3079 2828 4467 4923 4884 9674 10911 10908 10807 
3080 2865 4925 4926 4913 10912 10913 10914 10883 
3081 2892 4913 4926 4353 10882 10914 10915 9374 
3082 2881 4353 4926 4924 9381 10915 10916 10917 
3083 2808 4924 4926 4925 10918 10916 10913 10919 
3084 2979 4928 4929 4927 10920 10921 10922 10923 
3085 2999 4927 4929 4724 10924 10922 10925 10352 
3086 2973 4724 4929 4882 10363 10925 10926 10800 
3087 2956 4882 4929 4928 10799 10926 10921 10927 
3088 2380 4676 4932 4930 10228 10928 10929 10930 
3089 2555 4930 4932 3430 10931 10929 10932 7207 
3090 2616 3430 4932 4931 7206 10932 10933 10934 
3091 2646 4931 4932 4676 10935 10933 10928 10229 
3092 2870 4934 4935 4933 10936 10937 10938 10939 
3093 2854 4933 4935 4781 10940 10938 10941 10516 
3094 2838 4781 4935 4909 10515 10941 10942 10875 
3095 2901 4909 4935 4934 10874 10942 10937 10943 
3096 2985 4938 4939 4936 10944 10945 10946 10947 
3097 3037 4936 4939 4937 10948 10946 10949 10950 
3098 3016 4937 4939 4230 10951 10949 10952 9074 
3099 2965 4230 4939 4938 9073 10952 10945 10953 
3100 2384 4941 4942 3153 10954 10955 10956 6570 
3101 2524 3153 4942 4940 6578 10956 10957 10958 
3102 80 4940 4942 81 10959 10957 10960 174 
3103 82 81 4942 4941 175 10960 10955 10961 
3104 2971 4944 4945 4943 10962 10963 10964 10965 
3105 2985 4943 4945 4938 10966 10964 10967 10944 
3106 2965 4938 4945 4235 10953 10967 10968 9086 
3107 2954 4235 4945 4944 9085 10968 10963 10969 
3108 2551 4894 4947 4946 10833 10970 10971 10972 
3109 2658 4946 4947 3489 10973 10971 10974 7342 
3110 2408 3489 4947 4219 7341 10974 10975 9046 
3111 2443 4219 4947 4894 9045 10975 10970 10828 
3112 3039 4949 4950 4896 10976 10977 10978 10837 
3113 3011 4896 4950 4837 10836 10978 10979 10677 
3114 3042 4837 4950 4948 10676 10979 10980 10981 
3115 3058 4948 4950 4949 10982 10980 10977 10983 
3116 2909 4810 4952 4879 10597 10984 10985 10792 
3117 2907 4879 4952 4951 10791 10985 10986 10987 
3118 2882 4951 4952 4905 10988 10986 10989 10862 
3119 2878 4905 4952 4810 10861 10989 10984 10598 
3120 2995 4860 4955 4498 10740 10990 10991 9756 
3121 2964 4498 4955 4953 9755 10991 10992 10993 
3122 3014 4953 4955 4954 10994 10992 10995 10996 
3123 3019 4954 4955 4860 10997 10995 10990 10741 
3124 90 89 4959 4956 183 10998 10999 11000 
3125 2507 4956 4959 4957 11001 10999 11002 11003 
3126 2383 4957 4959 4958 11004 11002 11005 11006 
3127 88 4958 4959 89 11007 11005 10998 182 
3128 3058 4949 4962 4960 10983 11008 11009 11010 
3129 3009 4960 4962 4305 11011 11009 11012 9263 
3130 3038 4305 4962 4961 9262 11012 11013 11014 
3131 3039 4961 4962 4949 11015 11013 11008 10976 
3132 2802 4964 4965 4963 11016 11017 11018 11019 
3133 2814 4963 4965 4885 11020 11018 11021 10802 
3134 2798 4885 4965 4678 10809 11021 11022 10235 
3135 2741 4678 4965 4964 10234 11022 11017 11023 
3136 3038 4967 4968 4304 11024 11025 11026 9260 
3137 2994 4304 4968 4231 9259 11026 11027 9077 
3138 3016 4231 4968 4966 9076 11027 11028 11029 
3139 3043 4966 4968 4967 11030 11028 11025 11031 
3140 2319 4971 4972 4969 11032 11033 11034 11035 
3141 2552 4969 4972 4970 11036 11034 11037 11038 
3142 96 4970 4972 97 11039 11037 11040 190 
3143 98 97 4972 4971 191 11040 11033 11041 
3144 2992 4975 4976 4887 11042 11043 11044 10813 
3145 2998 4887 4976 4973 10812 11044 11045 11046 
3146 2967 4973 4976 4974 11047 11045 11048 11049 
3147 2943 4974 4976 4975 11050 11048 11043 11051 
3148 2943 4979 4980 4974 11052 11053 11054 11050 
3149 2967 4974 4980 4977 11049 11054 11055 11056 
3150 2920 4977 4980 4978 11057 11055 11058 11059 
3151 2894 4978 4980 4979 11060 11058 11053 11061 
3152 2894 4982 4983 4978 11062 11063 11064 11060 
3153 2920 4978 4983 4560 11059 11064 11065 9908 
3154 2868 4560 4983 4981 9915 11065 11066 11067 
3155 2839 4981 4983 4982 11068 11066 11063 11069 
3156 2839 4985 4986 4981 11070 11071 11072 11068 
3157 2868 4981 4986 4557 11067 11072 11073 9898 
3158 2810 4557 4986 4984 9907 11073 11074 11075 
3159 2783 4984 4986 4985 11076 11074 11071 11077 
3160 2742 4563 4989 4987 9923 11078 11079 11080 
3161 2685 4987 4989 4988 11081 11079 11082 11083 
3162 2783 4988 4989 4984 11084 11082 11085 11076 
3163 2810 4984 4989 4563 11075 11085 11078 9916 
3164 2523 4992 4993 4990 11086 11087 11088 11089 
3165 2331 4990 4993 4991 11090 11088 11091 11092 
3166 28 4991 4993 29 11093 11091 11094 122 
3167 30 29 4993 4992 123 11094 11087 11095 
3168 2934 3349 4996 4994 7021 11096 11097 11098 
3169 2942 4994 4996 3275 11099 11097 11100 6855 
3170 2308 3275 4996 4995 6854 11100 11101 11102 
3171 2391 4995 4996 3349 11103 11101 11096 7022 
3172 2646 4614 4998 4931 10049 11104 11105 10935 
3173 2616 4931 4998 4997 10934 11105 11106 11107 
3174 2685 4997 4998 4987 11108 11106 11109 11081 
3175 2742 4987 4998 4614 11080 11109 11104 10050 
3176 2826 4523 5001 4999 9817 11110 11111 11112 
3177 2802 4999 5001 5000 11113 11111 11114 11115 
3178 2769 5000 5001 4806 11116 11114 11117 10580 
3179 2747 4806 5001 4523 10587 11117 11110 9818 
3180 2866 4547 5004 4508 9880 11118 11119 9781 
3181 2919 4508 5004 5002 9780 11119 11120 11121 
3182 2933 5002 5004 5003 11122 11120 11123 11124 
3183 2910 5003 5004 4547 11125 11123 11118 9881 
3184 2546 4899 5005 4590 10846 11126 11127 9992 
3185 2457 4590 5005 4569 9991 11127 11128 9937 
3186 2636 4569 5005 3258 9936 11128 11129 6808 
3187 2701 3258 5005 4899 6816 11129 11126 10847 
3188 2780 4522 5008 4262 9814 11130 11131 9154 
3189 2844 4262 5008 5006 9153 11131 11132 11133 
3190 2857 5006 5008 5007 11134 11132 11135 11136 
3191 2826 5007 5008 4522 11137 11135 11130 9815 
3192 2967 5009 5010 4973 11138 11139 11140 11047 
3193 2998 4973 5010 4835 11046 11140 11141 10671 
3194 2999 4835 5010 4927 10670 11141 11142 10924 
3195 2979 4927 5010 5009 10923 11142 11139 11143 
3196 2844 5006 5012 5011 11133 11144 11145 11146 
3197 2879 5011 5012 4726 11147 11145 11148 10368 
3198 2880 4726 5012 4745 10367 11148 11149 10422 
3199 2857 4745 5012 5006 10421 11149 11144 11134 
3200 2830 5016 5017 5013 11150 11151 11152 11153 
3201 2806 5013 5017 5014 11154 11152 11155 11156 
3202 2749 5014 5017 5015 11157 11155 11158 11159 
3203 2792 5015 5017 5016 11160 11158 11151 11161 
3204 3043 4967 5018 4843 11031 11162 11163 10684 
3205 3017 4843 5018 4897 10693 11163 11164 10840 
3206 3039 4897 5018 4961 10839 11164 11165 11015 
3207 3038 4961 5018 4967 11014 11165 11162 11024 
3208 2920 4559 5020 4977 9911 11166 11167 11057 
3209 2967 4977 5020 5009 11056 11167 11168 11138 
3210 2979 5009 5020 5019 11143 11168 11169 11170 
3211 2952 5019 5020 4559 11171 11169 11166 9912 
3212 2931 5021 5022 4567 11172 11173 11174 9924 
3213 2928 4567 5022 4485 9933 11174 11175 9720 
3214 2864 4485 5022 4830 9719 11175 11176 10658 
3215 2908 4830 5022 5021 10657 11176 11173 11177 
3216 2719 3364 5023 4850 7056 11178 11179 10711 
3217 2643 4850 5023 4667 10710 11179 11180 10206 
3218 2618 4667 5023 4793 10205 11180 11181 10549 
3219 2718 4793 5023 3364 10548 11181 11178 7048 
3220 2910 4475 5025 5003 9695 11182 11183 11125 
3221 2933 5003 5025 4762 11124 11183 11184 10456 
3222 2896 4762 5025 5024 10465 11184 11185 11186 
3223 2869 5024 5025 4475 11187 11185 11182 9686 
3224 2919 5002 5027 5026 11121 11188 11189 11190 
3225 2956 5026 5027 4881 11191 11189 11192 10797 
3226 2957 4881 5027 4760 10796 11192 11193 10460 
3227 2933 4760 5027 5002 10459 11193 11188 11122 
3228 2522 4865 5031 5028 10753 11194 11195 11196 
3229 2447 5028 5031 5029 11197 11195 11198 11199 
3230 2369 5029 5031 5030 11200 11198 11201 11202 
3231 2501 5030 5031 4865 11203 11201 11194 10754 
3232 2751 3443 5034 5032 7236 11204 11205 11206 
3233 2803 5032 5034 3458 11207 11205 11208 7270 
3234 2811 3458 5034 5033 7269 11208 11209 11210 
3235 2834 5033 5034 3443 11211 11209 11204 7237 
3236 2835 5037 5038 5035 11212 11213 11214 11215 
3237 2746 5035 5038 5036 11216 11214 11217 11218 
3238 2786 5036 5038 4782 11219 11217 11220 10519 
3239 2854 4782 5038 5037 10518 11220 11213 11221 
3240 14 13 5042 5039 107 11222 11223 11224 
3241 2554 5039 5042 5040 11225 11223 11226 11227 
3242 2462 5040 5042 5041 11228 11226 11229 11230 
3243 12 5041 5042 13 11231 11229 11222 106 
3244 2840 5045 5046 5043 11232 11233 11234 11235 
3245 2858 5043 5046 5044 11236 11234 11237 11238 
3246 2834 5044 5046 5033 11239 11237 11240 11211 
3247 2811 5033 5046 5045 11210 11240 11233 11241 
3248 2946 5048 5049 3424 11242 11243 11244 7185 
3249 2984 3424 5049 3178 7193 11244 11245 6636 
3250 2329 3178 5049 5047 6635 11245 11246 11247 
3251 2398 5047 5049 5048 11248 11246 11243 11249 
3252 24 23 5053 5050 117 11250 11251 11252 
3253 2556 5050 5053 5051 11253 11251 11254 11255 
3254 2327 5051 5053 5052 11256 11254 11257 11258 
3255 22 5052 5053 23 11259 11257 11250 116 
3256 2930 3332 5057 5054 6983 11260 11261 11262 
3257 2941 5054 5057 5055 11263 11261 11264 11265 
3258 2924 5055 5057 5056 11266 11264 11267 11268 
3259 2902 5056 5057 3332 11269 11267 11260 6975 
3260 2869 4261 5058 5024 9150 11270 11271 11187 
3261 2896 5024 5058 4808 11186 11271 11272 10588 
3262 2879 4808 5058 5011 10593 11272 11273 11147 
3263 2844 5011 5058 4261 11146 11273 11270 9151 
3264 2890 5060 5061 5059 11274 11275 11276 11277 
3265 2840 5059 5061 5045 11278 11276 11279 11232 
3266 2811 5045 5061 3460 11241 11279 11280 7266 
3267 2835 3460 5061 5060 7274 11280 11275 11281 
3268 3083 5064 5065 3248 11282 11283 11284 6794 
3269 3062 3248 5065 5062 6793 11284 11285 11286 
3270 3091 5062 5065 5063 11287 11285 11288 11289 
3271 2402 5063 5065 5064 11290 11288 11283 11291 
3272 86 5066 5067 87 11292 11293 11294 180 
3273 88 87 5067 4958 181 11294 11295 11007 
3274 2383 4958 5067 3571 11006 11295 11296 7532 
3275 2557 3571 5067 5066 7531 11296 11293 11297 
3276 2930 5069 5070 3331 11298 11299 11300 6982 
3277 2870 3331 5070 4934 6981 11300 11301 10936 
3278 2901 4934 5070 5068 10943 11301 11302 11303 
3279 2949 5068 5070 5069 11304 11302 11299 11305 
3280 2826 4999 5071 5007 11112 11306 11307 11137 
3281 2857 5007 5071 4748 11136 11307 11308 10418 
3282 2814 4748 5071 4963 10429 11308 11309 11020 
3283 2802 4963 5071 4999 11019 11309 11306 11113 
3284 44 43 5075 5072 137 11310 11311 11312 
3285 2569 5072 5075 5073 11313 11311 11314 11315 
3286 2489 5073 5075 5074 11316 11314 11317 11318 
3287 42 5074 5075 43 11319 11317 11310 136 
3288 2988 5077 5078 4861 11320 11321 11322 10744 
3289 3019 4861 5078 5076 10743 11322 11323 11324 
3290 2985 5076 5078 4943 11325 11323 11326 10966 
3291 2971 4943 5078 5077 10965 11326 11321 11327 
3292 2627 5081 5082 5079 11328 11329 11330 11331 
3293 2671 5079 5082 3943 11332 11330 11333 8383 
3294 2418 3943 5082 5080 8382 11333 11334 11335 
3295 2469 5080 5082 5081 11336 11334 11329 11337 
3296 2941 5055 5084 5083 11265 11338 11339 11340 
3297 2971 5083 5084 4944 11341 11339 11342 10962 
3298 2954 4944 5084 4915 10969 11342 11343 10889 
3299 2924 4915 5084 5055 10888 11343 11338 11266 
3300 2708 4573 5085 4660 9947 11344 11345 10185 
3301 2769 4660 5085 5000 10184 11345 11346 11116 
3302 2802 5000 5085 4964 11115 11346 11347 11016 
3303 2741 4964 5085 4573 11023 11347 11344 9948 
3304 2506 5088 5089 5086 11348 11349 11350 11351 
3305 2324 5086 5089 5087 11352 11350 11353 11354 
3306 18 5087 5089 19 11355 11353 11356 112 
3307 20 19 5089 5088 113 11356 11349 11357 
3308 2959 3210 5090 3814 6707 11358 11359 8092 
3309 2922 3814 5090 3227 8091 11359 11360 6747 
3310 1387 3227 5090 1386 6746 11360 11361 2132 
3311 1385 1386 5090 3210 2131 11361 11358 6701 
3312 2682 3436 5093 4871 7220 11362 11363 10762 
3313 2782 4871 5093 5091 10769 11363 11364 11365 
3314 2758 5091 5093 5092 11366 11364 11367 11368 
3315 2604 5092 5093 3436 11369 11367 11362 7212 
3316 2792 3254 5096 5015 6807 11370 11371 11160 
3317 2749 5015 5096 5094 11159 11371 11372 11373 
3318 2697 5094 5096 5095 11374 11372 11375 11376 
3319 2686 5095 5096 3254 11377 11375 11370 6799 
3320 2953 5099 5100 4822 11378 11379 11380 10634 
3321 2944 4822 5100 5097 10633 11380 11381 11382 
3322 2968 5097 5100 5098 11383 11381 11384 11385 
3323 2949 5098 5100 5099 11386 11384 11379 11387 
3324 2908 5021 5101 4833 11177 11388 11389 10666 
3325 2882 4833 5101 4951 10665 11389 11390 10988 
3326 2907 4951 5101 4818 10987 11390 11391 10623 
3327 2931 4818 5101 5021 10622 11391 11388 11172 
3328 3024 5103 5104 5102 11392 11393 11394 11395 
3329 3014 5102 5104 4953 11396 11394 11397 10994 
3330 2964 4953 5104 4422 10993 11397 11398 9557 
3331 2993 4422 5104 5103 9556 11398 11393 11399 
3332 2966 4839 5106 4288 10681 11400 11401 9220 
3333 2986 4288 5106 5105 9219 11401 11402 11403 
3334 2980 5105 5106 4566 11404 11402 11405 9931 
3335 2955 4566 5106 4839 9930 11405 11400 10682 
3336 2884 5110 5111 5107 11406 11407 11408 11409 
3337 2724 5107 5111 5108 11410 11408 11411 11412 
3338 2888 5108 5111 5109 11413 11411 11414 11415 
3339 2900 5109 5111 5110 11416 11414 11407 11417 
3340 2337 5113 5114 3838 11418 11419 11420 8146 
3341 2464 3838 5114 5112 8145 11420 11421 11422 
3342 32 5112 5114 33 11423 11421 11424 126 
3343 34 33 5114 5113 127 11424 11419 11425 
3344 78 77 5116 5115 171 11426 11427 11428 
3345 2463 5115 5116 3834 11429 11427 11430 8137 
3346 2407 3834 5116 3894 8136 11430 11431 8272 
3347 76 3894 5116 77 8271 11431 11426 170 
3348 2889 5119 5120 5117 11432 11433 11434 11435 
3349 2821 5117 5120 5118 11436 11434 11437 11438 
3350 2797 5118 5120 4681 11439 11437 11440 10244 
3351 2846 4681 5120 5119 10243 11440 11433 11441 
3352 2898 5122 5123 4604 11442 11443 11444 10016 
3353 2929 4604 5123 4823 10025 11444 11445 10637 
3354 2953 4823 5123 5121 10636 11445 11446 11447 
3355 2921 5121 5123 5122 11448 11446 11443 11449 
3356 3098 5126 5127 3193 11450 11451 11452 6669 
3357 3084 3193 5127 5124 6668 11452 11453 11454 
3358 3069 5124 5127 5125 11455 11453 11456 11457 
3359 2396 5125 5127 5126 11458 11456 11451 11459 
3360 2838 4910 5129 4784 10877 11460 11461 10512 
3361 2818 4784 5129 3402 10523 11461 11462 7135 
3362 2836 3402 5129 5128 7143 11462 11463 11464 
3363 2874 5128 5129 4910 11465 11463 11460 10878 
3364 2948 3438 5133 5130 7224 11466 11467 11468 
3365 3052 5130 5133 5131 11469 11467 11470 11471 
3366 2386 5131 5133 5132 11472 11470 11473 11474 
3367 3027 5132 5133 3438 11475 11473 11466 7225 
3368 2968 5135 5136 5134 11476 11477 11478 11479 
3369 2988 5134 5136 5077 11480 11478 11481 11320 
3370 2971 5077 5136 5083 11327 11481 11482 11341 
3371 2941 5083 5136 5135 11340 11482 11477 11483 
3372 2784 3455 5138 5137 7263 11484 11485 11486 
3373 2806 5137 5138 5013 11487 11485 11488 11154 
3374 2830 5013 5138 3446 11153 11488 11489 7243 
3375 2860 3446 5138 3455 7242 11489 11484 7264 
3376 2630 3600 5140 5139 7598 11490 11491 11492 
3377 2715 5139 5140 4918 11493 11491 11494 10899 
3378 2501 4918 5140 5030 10898 11494 11495 11203 
3379 2369 5030 5140 3600 11202 11495 11490 7590 
3380 42 41 5142 5074 135 11496 11497 11319 
3381 2489 5074 5142 3886 11318 11497 11498 8254 
3382 2465 3886 5142 5141 8253 11498 11499 11500 
3383 40 5141 5142 41 11501 11499 11496 134 
3384 2385 5144 5145 5143 11502 11503 11504 11505 
3385 2488 5143 5145 3642 11506 11504 11507 7694 
3386 68 3642 5145 69 7693 11507 11508 162 
3387 70 69 5145 5144 163 11508 11503 11509 
3388 3037 4937 5147 5146 10950 11510 11511 11512 
3389 3044 5146 5147 4841 11513 11511 11514 10688 
3390 3043 4841 5147 4966 10687 11514 11515 11030 
3391 3016 4966 5147 4937 11029 11515 11510 10951 
3392 2633 5151 5152 5148 11516 11517 11518 11519 
3393 2494 5148 5152 5149 11520 11518 11521 11522 
3394 2711 5149 5152 5150 11523 11521 11524 11525 
3395 2777 5150 5152 5151 11526 11524 11517 11527 
3396 2746 5036 5155 5153 11218 11528 11529 11530 
3397 2711 5153 5155 5154 11531 11529 11532 11533 
3398 2680 5154 5155 4891 11534 11532 11535 10824 
3399 2786 4891 5155 5036 10823 11535 11528 11219 
3400 3014 5156 5157 5102 11536 11537 11538 11396 
3401 3024 5102 5157 4707 11395 11538 11539 10318 
3402 3044 4707 5157 5146 10317 11539 11540 11513 
3403 3037 5146 5157 5156 11512 11540 11537 11541 
3404 2333 5159 5160 5158 11542 11543 11544 11545 
3405 2507 5158 5160 4956 11546 11544 11547 11001 
3406 90 4956 5160 91 11000 11547 11548 184 
3407 92 91 5160 5159 185 11548 11543 11549 
3408 2614 5162 5163 5161 11550 11551 11552 11553 
3409 2698 5161 5163 3166 11554 11552 11555 6609 
3410 1493 3166 5163 4045 6608 11555 11556 8620 
3411 2379 4045 5163 5162 8619 11556 11551 11557 
3412 1347 4025 5166 5164 8572 11558 11559 11560 
3413 3067 5164 5166 5165 11561 11559 11562 11563 
3414 3053 5165 5166 3935 11564 11562 11565 8365 
3415 2362 3935 5166 4025 8364 11565 11558 8573 
3416 1457 4064 5170 5167 8666 11566 11567 11568 
3417 2913 5167 5170 5168 11569 11567 11570 11571 
3418 2887 5168 5170 5169 11572 11570 11573 11574 
3419 2351 5169 5170 4064 11575 11573 11566 8667 
3420 1183 4103 5173 5171 8760 11576 11577 11578 
3421 3116 5171 5173 5172 11579 11577 11580 11581 
3422 3101 5172 5173 3939 11582 11580 11583 8374 
3423 2303 3939 5173 4103 8373 11583 11576 8761 
3424 3037 5156 5174 4936 11541 11584 11585 10948 
3425 2985 4936 5174 5076 10947 11585 11586 11325 
3426 3019 5076 5174 4954 11324 11586 11587 10997 
3427 3014 4954 5174 5156 10996 11587 11584 11536 
3428 2952 4507 5175 5019 9777 11588 11589 11171 
3429 2979 5019 5175 4928 11170 11589 11590 10920 
3430 2956 4928 5175 5026 10927 11590 11591 11191 
3431 2919 5026 5175 4507 11190 11591 11588 9778 
3432 2986 5105 5176 4708 11403 11592 11593 10321 
3433 3024 4708 5176 5103 10320 11593 11594 11392 
3434 2993 5103 5176 4482 11399 11594 11595 9713 
3435 2980 4482 5176 5105 9712 11595 11592 11404 
3436 3073 5178 5179 5177 11596 11597 11598 11599 
3437 3093 5177 5179 3163 11600 11598 11601 6602 
3438 1075 3163 5179 4005 6601 11601 11602 8524 
3439 2372 4005 5179 5178 8523 11602 11597 11603 
3440 3069 5125 5181 3594 11457 11604 11605 7585 
3441 3040 3594 5181 3291 7584 11605 11606 6892 
3442 2345 3291 5181 5180 6891 11606 11607 11608 
3443 2396 5180 5181 5125 11609 11607 11604 11458 
3444 2842 5183 5184 3464 11610 11611 11612 7275 
3445 2912 3464 5184 5182 7283 11612 11613 11614 
3446 2874 5182 5184 5128 11615 11613 11616 11465 
3447 2836 5128 5184 5183 11464 11616 11611 11617 
3448 2599 3620 5186 3884 7643 11618 11619 8241 
3449 2674 3884 5186 3190 8249 11619 11620 6663 
3450 2635 3190 5186 5185 6662 11620 11621 11622 
3451 2505 5185 5186 3620 11623 11621 11618 7635 
3452 2437 5188 5189 3587 11624 11625 11626 7569 
3453 2568 3587 5189 5187 7568 11626 11627 11628 
3454 54 5187 5189 55 11629 11627 11630 148 
3455 56 55 5189 5188 149 11630 11625 11631 
3456 2656 3189 5191 4756 6659 11632 11633 10449 
3457 2544 4756 5191 4594 10448 11633 11634 10002 
3458 2406 4594 5191 5190 10001 11634 11635 11636 
3459 2635 5190 5191 3189 11637 11635 11632 6660 
3460 2785 5195 5196 5192 11638 11639 11640 11641 
3461 2816 5192 5196 5193 11642 11640 11643 11644 
3462 2340 5193 5196 5194 11645 11643 11646 11647 
3463 2400 5194 5196 5195 11648 11646 11639 11649 
3464 1001 1002 5199 5197 1747 11650 11651 11652 
3465 3032 5197 5199 5198 11653 11651 11654 11655 
3466 3025 5198 5199 4209 11656 11654 11657 9019 
3467 1003 4209 5199 1002 9018 11657 11650 1748 
3468 2478 5202 5203 5200 11658 11659 11660 11661 
3469 2573 5200 5203 5201 11662 11660 11663 11664 
3470 493 5201 5203 492 11665 11663 11666 642 
3471 491 492 5203 5202 641 11666 11659 11667 
3472 2361 5205 5206 3874 11668 11669 11670 8227 
3473 2577 3874 5206 5204 8226 11670 11671 11672 
3474 531 5204 5206 530 11673 11671 11674 680 
3475 529 530 5206 5205 679 11674 11669 11675 
3476 2312 5209 5210 5207 11676 11677 11678 11679 
3477 2575 5207 5210 5208 11680 11678 11681 11682 
3478 543 5208 5210 542 11683 11681 11684 692 
3479 541 542 5210 5209 691 11684 11677 11685 
3480 2475 5212 5213 3878 11686 11687 11688 8236 
3481 2581 3878 5213 5211 8235 11688 11689 11690 
3482 475 5211 5213 474 11691 11689 11692 624 
3483 473 474 5213 5212 623 11692 11687 11693 
3484 2313 5216 5217 5214 11694 11695 11696 11697 
3485 2580 5214 5217 5215 11698 11696 11699 11700 
3486 575 5215 5217 574 11701 11699 11702 724 
3487 573 574 5217 5216 723 11702 11695 11703 
3488 2352 5219 5220 3870 11704 11705 11706 8218 
3489 2570 3870 5220 5218 8217 11706 11707 11708 
3490 561 5218 5220 560 11709 11707 11710 710 
3491 559 560 5220 5219 709 11710 11705 11711 
3492 2310 5223 5224 5221 11712 11713 11714 11715 
3493 2588 5221 5224 5222 11716 11714 11717 11718 
3494 513 5222 5224 512 11719 11717 11720 662 
3495 511 512 5224 5223 661 11720 11713 11721 
3496 2471 5227 5228 5225 11722 11723 11724 11725 
3497 2586 5225 5228 5226 11726 11724 11727 11728 
3498 557 5226 5228 556 11729 11727 11730 706 
3499 555 556 5228 5227 705 11730 11723 11731 
3500 2392 5231 5232 5229 11732 11733 11734 11735 
3501 2571 5229 5232 5230 11736 11734 11737 11738 
3502 523 5230 5232 522 11739 11737 11740 672 
3503 521 522 5232 5231 671 11740 11733 11741 
3504 2482 5235 5236 5233 11742 11743 11744 11745 
3505 2572 5233 5236 5234 11746 11744 11747 11748 
3506 479 5234 5236 478 11749 11747 11750 628 
3507 477 478 5236 5235 627 11750 11743 11751 
3508 2479 5239 5240 5237 11752 11753 11754 11755 
3509 2574 5237 5240 5238 11756 11754 11757 11758 
3510 535 5238 5240 534 11759 11757 11760 684 
3511 533 534 5240 5239 683 11760 11753 11761 
3512 2311 5243 5244 5241 11762 11763 11764 11765 
3513 2582 5241 5244 5242 11766 11764 11767 11768 
3514 489 5242 5244 488 11769 11767 11770 638 
3515 487 488 5244 5243 637 11770 11763 11771 
3516 2429 5247 5248 5245 11772 11773 11774 11775 
3517 2583 5245 5248 5246 11776 11774 11777 11778 
3518 539 5246 5248 538 11779 11777 11780 688 
3519 537 538 5248 5247 687 11780 11773 11781 
3520 2397 5251 5252 5249 11782 11783 11784 11785 
3521 2576 5249 5252 5250 11786 11784 11787 11788 
3522 585 5250 5252 584 11789 11787 11790 734 
3523 583 584 5252 5251 733 11790 11783 11791 
3524 2473 5255 5256 5253 11792 11793 11794 11795 
3525 2584 5253 5256 5254 11796 11794 11797 11798 
3526 527 5254 5256 526 11799 11797 11800 676 
3527 525 526 5256 5255 675 11800 11793 11801 
3528 2371 5259 5260 5257 11802 11803 11804 11805 
3529 2579 5257 5260 5258 11806 11804 11807 11808 
3530 503 5258 5260 502 11809 11807 11810 652 
3531 501 502 5260 5259 651 11810 11803 11811 
3532 2339 3694 5263 5261 7812 11812 11813 11814 
3533 2585 5261 5263 5262 11815 11813 11816 11817 
3534 471 5262 5263 470 11818 11816 11819 620 
3535 469 470 5263 3694 619 11819 11812 7806 
3536 2389 5266 5267 5264 11820 11821 11822 11823 
3537 2578 5264 5267 5265 11824 11822 11825 11826 
3538 553 5265 5267 552 11827 11825 11828 702 
3539 551 552 5267 5266 701 11828 11821 11829 
3540 2476 5270 5271 5268 11830 11831 11832 11833 
3541 2587 5268 5271 5269 11834 11832 11835 11836 
3542 565 5269 5271 564 11837 11835 11838 714 
3543 563 564 5271 5270 713 11838 11831 11839 
3544 2790 5272 5273 4765 11840 11841 11842 10472 
3545 2740 4765 5273 4921 10471 11842 11843 10906 
3546 2797 4921 5273 5118 10905 11843 11844 11439 
3547 2821 5118 5273 5272 11438 11844 11841 11845 
3548 3129 5276 5277 3975 11846 11847 11848 8455 
3549 3126 3975 5277 5274 8454 11848 11849 11850 
3550 2370 5274 5277 5275 11851 11849 11852 11853 
3551 3114 5275 5277 5276 11854 11852 11847 11855 
3552 3003 5280 5281 5278 11856 11857 11858 11859 
3553 3033 5278 5281 5279 11860 11858 11861 11862 
3554 1265 5279 5281 1264 11863 11861 11864 2010 
3555 1263 1264 5281 5280 2009 11864 11857 11865 
3556 2314 5284 5285 5282 11866 11867 11868 11869 
3557 2590 5282 5285 5283 11870 11868 11871 11872 
3558 857 5283 5285 856 11873 11871 11874 1602 
3559 855 856 5285 5284 1601 11874 11867 11875 
3560 2891 5287 5288 3616 11876 11877 11878 7626 
3561 2916 3616 5288 5286 7634 11878 11879 11880 
3562 1439 5286 5288 1438 11881 11879 11882 2184 
3563 1437 1438 5288 5287 2183 11882 11877 11883 
3564 935 936 5291 5289 1681 11884 11885 11886 
3565 2962 5289 5291 5290 11887 11885 11888 11889 
3566 2958 5290 5291 3690 11890 11888 11891 7804 
3567 937 3690 5291 936 7803 11891 11884 1682 
3568 2470 5294 5295 5292 11892 11893 11894 11895 
3569 2589 5292 5295 5293 11896 11894 11897 11898 
3570 7 5293 5295 588 11899 11897 11900 738 
3571 587 588 5295 5294 737 11900 11893 11901 
3572 2761 3253 5297 4322 6805 11902 11903 9305 
3573 2790 4322 5297 5272 9304 11903 11904 11840 
3574 2821 5272 5297 5296 11845 11904 11905 11906 
3575 2792 5296 5297 3253 11907 11905 11902 6806 
3576 2316 5300 5301 5298 11908 11909 11910 11911 
3577 2591 5298 5301 5299 11912 11910 11913 11914 
3578 827 5299 5301 826 11915 11913 11916 1572 
3579 825 826 5301 5300 1571 11916 11909 11917 
3580 1445 1446 5304 5302 2191 11918 11919 11920 
3581 2883 5302 5304 5303 11921 11919 11922 11923 
3582 2863 5303 5304 4081 11924 11922 11925 8707 
3583 1447 4081 5304 1446 8706 11925 11918 2192 
3584 80 79 5306 4940 173 11926 11927 10959 
3585 2524 4940 5306 5305 10958 11927 11928 11929 
3586 2463 5305 5306 5115 11930 11928 11931 11429 
3587 78 5115 5306 79 11428 11931 11926 172 
3588 2353 5308 5309 3866 11932 11933 11934 8209 
3589 2592 3866 5309 5307 8208 11934 11935 11936 
3590 843 5307 5309 842 11937 11935 11938 1588 
3591 841 842 5309 5308 1587 11938 11933 11939 
3592 213 214 5311 4216 235 11940 11941 9039 
3593 2427 4216 5311 3271 9038 11941 11942 6846 
3594 2558 3271 5311 5310 6845 11942 11943 11944 
3595 215 5310 5311 214 11945 11943 11940 236 
3596 2344 5314 5315 5312 11946 11947 11948 11949 
3597 2593 5312 5315 5313 11950 11948 11951 11952 
3598 875 5313 5315 874 11953 11951 11954 1620 
3599 873 874 5315 5314 1619 11954 11947 11955 
3600 2553 5318 5319 5316 11956 11957 11958 11959 
3601 2424 5316 5319 3452 11960 11958 11961 7248 
3602 2659 3452 5319 5317 7256 11961 11962 11963 
3603 2564 5317 5319 5318 11964 11962 11957 11965 
3604 2726 3316 5321 5320 6947 11966 11967 11968 
3605 2748 5320 5321 3345 11969 11967 11970 7013 
3606 2775 3345 5321 3891 7012 11970 11971 8266 
3607 2699 3891 5321 3316 8265 11971 11966 6939 
3608 3105 5324 5325 5322 11972 11973 11974 11975 
3609 3117 5322 5325 5323 11976 11974 11977 11978 
3610 1209 5323 5325 1208 11979 11977 11980 1954 
3611 1207 1208 5325 5324 1953 11980 11973 11981 
3612 2445 5329 5330 5326 11982 11983 11984 11985 
3613 2366 5326 5330 5327 11986 11984 11987 11988 
3614 2628 5327 5330 5328 11989 11987 11990 11991 
3615 2637 5328 5330 5329 11992 11990 11983 11993 
3616 2432 5333 5334 5331 11994 11995 11996 11997 
3617 2597 5331 5334 5332 11998 11996 11999 12000 
3618 865 5332 5334 864 12001 11999 12002 1610 
3619 863 864 5334 5333 1609 12002 11995 12003 
3620 1261 1262 5337 5335 2007 12004 12005 12006 
3621 3007 5335 5337 5336 12007 12005 12008 12009 
3622 3003 5336 5337 5280 12010 12008 12011 11856 
3623 1263 5280 5337 1262 11865 12011 12004 2008 
3624 3031 5339 5340 3262 12012 12013 12014 6817 
3625 3054 3262 5340 5338 6825 12014 12015 12016 
3626 1035 5338 5340 1034 12017 12015 12018 1780 
3627 1033 1034 5340 5339 1779 12018 12013 12019 
3628 2466 5343 5344 5341 12020 12021 12022 12023 
3629 2596 5341 5344 5342 12024 12022 12025 12026 
3630 817 5342 5344 816 12027 12025 12028 1562 
3631 815 816 5344 5343 1561 12028 12021 12029 
3632 2349 5347 5348 5345 12030 12031 12032 12033 
3633 2594 5345 5348 5346 12034 12032 12035 12036 
3634 813 5346 5348 812 12037 12035 12038 1558 
3635 811 812 5348 5347 1557 12038 12031 12039 
3636 2483 5351 5352 5349 12040 12041 12042 12043 
3637 2595 5349 5352 5350 12044 12042 12045 12046 
3638 861 5350 5352 860 12047 12045 12048 1606 
3639 859 860 5352 5351 1605 12048 12041 12049 
3640 2751 5354 5355 3442 12050 12051 12052 7234 
3641 2801 3442 5355 5353 7233 12052 12053 12054 
3642 2629 5353 5355 4867 12055 12053 12056 10760 
3643 2684 4867 5355 5354 10759 12056 12051 12057 
3644 2968 5134 5356 5097 11479 12058 12059 11383 
3645 2944 5097 5356 4799 11382 12059 12060 10568 
3646 2976 4799 5356 4862 10567 12060 12061 10736 
3647 2988 4862 5356 5134 10745 12061 12058 11480 
3648 3048 5359 5360 3181 12062 12063 12064 6642 
3649 3026 3181 5360 5357 6641 12064 12065 12066 
3650 2977 5357 5360 5358 12067 12065 12068 12069 
3651 2330 5358 5360 5359 12070 12068 12063 12071 
3652 977 978 5364 5361 1723 12072 12073 12074 
3653 3008 5361 5364 5362 12075 12073 12076 12077 
3654 3004 5362 5364 5363 12078 12076 12079 12080 
3655 979 5363 5364 978 12081 12079 12072 1724 
3656 2871 5368 5369 5365 12082 12083 12084 12085 
3657 2895 5365 5369 5366 12086 12084 12087 12088 
3658 2309 5366 5369 5367 12089 12087 12090 12091 
3659 2404 5367 5369 5368 12092 12090 12083 12093 
3660 2619 3160 5372 3362 6594 12094 12095 7052 
3661 2718 3362 5372 5370 7051 12095 12096 12097 
3662 2773 5370 5372 5371 12098 12096 12099 12100 
3663 2735 5371 5372 3160 12101 12099 12094 6595 
3664 2468 5375 5376 5373 12102 12103 12104 12105 
3665 2598 5373 5376 5374 12106 12104 12107 12108 
3666 847 5374 5376 846 12109 12107 12110 1592 
3667 845 846 5376 5375 1591 12110 12103 12111 
3668 2555 5377 5378 4930 12112 12113 12114 10931 
3669 2380 4930 5378 4540 10930 12114 12115 9863 
3670 750 4540 5378 749 9862 12115 12116 785 
3671 748 749 5378 5377 784 12116 12113 12117 
3672 2631 5381 5382 5379 12118 12119 12120 12121 
3673 2729 5379 5382 5380 12122 12120 12123 12124 
3674 2621 5380 5382 3669 12125 12123 12126 7755 
3675 2359 3669 5382 5381 7754 12126 12119 12127 
3676 1315 1316 5385 3231 2061 12128 12129 6749 
3677 3112 3231 5385 5383 6755 12129 12130 12131 
3678 3102 5383 5385 5384 12132 12130 12133 12134 
3679 1317 5384 5385 1316 12135 12133 12128 2062 
3680 2697 5389 5390 5386 12136 12137 12138 12139 
3681 2610 5386 5390 5387 12140 12138 12141 12142 
3682 2634 5387 5390 5388 12143 12141 12144 12145 
3683 2776 5388 5390 5389 12146 12144 12137 12147 
3684 2921 5122 5392 4911 11449 12148 12149 10868 
3685 2874 4911 5392 5182 10879 12149 12150 11615 
3686 2912 5182 5392 5391 11614 12150 12151 12152 
3687 2898 5391 5392 5122 12153 12151 12148 11442 
3688 2599 5394 5395 3619 12154 12155 12156 7642 
3689 2367 3619 5395 5393 7641 12156 12157 12158 
3690 58 5393 5395 59 12159 12157 12160 152 
3691 60 59 5395 5394 153 12160 12155 12161 
3692 2677 5397 5398 3946 12162 12163 12164 8389 
3693 2605 3946 5398 3871 8388 12164 12165 8221 
3694 2352 3871 5398 5396 8220 12165 12166 12167 
3695 2586 5396 5398 5397 12168 12166 12163 12169 
3696 2749 5401 5402 5014 12170 12171 12172 11157 
3697 2806 5014 5402 5399 11156 12172 12173 12174 
3698 2692 5399 5402 5400 12175 12173 12176 12177 
3699 2778 5400 5402 5401 12178 12176 12171 12179 
3700 2902 5404 5405 5056 12180 12181 12182 11269 
3701 2924 5056 5405 4914 11268 12182 12183 10886 
3702 2865 4914 5405 5403 10885 12183 12184 12185 
3703 2845 5403 5405 5404 12186 12184 12181 12187 
3704 2808 4925 5408 5406 10919 12188 12189 12190 
3705 2795 5406 5408 5407 12191 12189 12192 12193 
3706 2845 5407 5408 5403 12194 12192 12195 12186 
3707 2865 5403 5408 4925 12185 12195 12188 10912 
3708 3042 4948 5410 4889 10981 12196 12197 10819 
3709 3010 4889 5410 5409 10818 12197 12198 12199 
3710 3059 5409 5410 3367 12200 12198 12201 7064 
3711 3058 3367 5410 4948 7063 12201 12196 10982 
3712 2801 5412 5413 3444 12202 12203 12204 7230 
3713 2834 3444 5413 5411 7238 12204 12205 12206 
3714 2817 5411 5413 3346 12207 12205 12208 7016 
3715 2748 3346 5413 5412 7015 12208 12203 12209 
3716 2636 3256 5415 3658 6811 12210 12211 7721 
3717 2728 3658 5415 3631 7729 12211 12212 7669 
3718 2615 3631 5415 5414 7668 12212 12213 12214 
3719 2637 5414 5415 3256 12215 12213 12210 6812 
3720 2464 5112 5417 5416 11422 12216 12217 12218 
3721 2523 5416 5417 4992 12219 12217 12220 11086 
3722 30 4992 5417 31 11095 12220 12221 124 
3723 32 31 5417 5112 125 12221 12216 11423 
3724 2870 5419 5420 3330 12222 12223 12224 6979 
3725 2902 3330 5420 5418 6978 12224 12225 12226 
3726 2840 5418 5420 5059 12227 12225 12228 11278 
3727 2890 5059 5420 5419 11277 12228 12223 12229 
3728 3029 5423 5424 5421 12230 12231 12232 12233 
3729 2820 5421 5424 5422 12234 12232 12235 12236 
3730 2932 5422 5424 3218 12237 12235 12238 6717 
3731 3001 3218 5424 5423 6725 12238 12231 12239 
3732 3074 5427 5428 5425 12240 12241 12242 12243 
3733 3070 5425 5428 5426 12244 12242 12245 12246 
3734 1291 5426 5428 1290 12247 12245 12248 2036 
3735 1289 1290 5428 5427 2035 12248 12241 12249 
3736 2401 5431 5432 5429 12250 12251 12252 12253 
3737 3035 5429 5432 5430 12254 12252 12255 12256 
3738 3020 5430 5432 3236 12257 12255 12258 6767 
3739 2306 3236 5432 5431 6766 12258 12251 12259 
3740 1413 1414 5434 3339 2159 12260 12261 6993 
3741 2963 3339 5434 3142 6999 12261 12262 6545 
3742 2983 3142 5434 5433 6553 12262 12263 12264 
3743 1415 5433 5434 1414 12265 12263 12260 2160 
3744 2439 5435 5436 3322 12266 12267 12268 6961 
3745 2556 3322 5436 5050 6960 12268 12269 11253 
3746 24 5050 5436 25 11252 12269 12270 118 
3747 26 25 5436 5435 119 12270 12267 12271 
3748 1505 1506 5440 5437 2251 12272 12273 12274 
3749 2804 5437 5440 5438 12275 12273 12276 12277 
3750 2771 5438 5440 5439 12278 12276 12279 12280 
3751 1507 5439 5440 1506 12281 12279 12272 2252 
3752 3005 5442 5443 5441 12282 12283 12284 12285 
3753 3032 5441 5443 5197 12286 12284 12287 11653 
3754 1001 5197 5443 1000 11652 12287 12288 1746 
3755 999 1000 5443 5442 1745 12288 12283 12289 
3756 2477 5445 5446 5444 12290 12291 12292 12293 
3757 2509 5444 5446 3559 12294 12292 12295 7505 
3758 547 3559 5446 546 7504 12295 12296 696 
3759 545 546 5446 5445 695 12296 12291 12297 
3760 2419 5447 5448 3858 12298 12299 12300 8191 
3761 2508 3858 5448 3562 8190 12300 12301 7512 
3762 497 3562 5448 496 7511 12301 12302 646 
3763 495 496 5448 5447 645 12302 12299 12303 
3764 543 544 5450 5208 693 12304 12305 11683 
3765 2575 5208 5450 5449 11682 12305 12306 12307 
3766 2477 5449 5450 5445 12308 12306 12309 12290 
3767 545 5445 5450 544 12297 12309 12304 694 
3768 493 494 5452 5201 643 12310 12311 11665 
3769 2573 5201 5452 5451 11664 12311 12312 12313 
3770 2419 5451 5452 5447 12314 12312 12315 12298 
3771 495 5447 5452 494 12303 12315 12310 644 
3772 531 532 5454 5204 681 12316 12317 11673 
3773 2577 5204 5454 5453 11672 12317 12318 12319 
3774 2479 5453 5454 5239 12320 12318 12321 11752 
3775 533 5239 5454 532 11761 12321 12316 682 
3776 475 476 5456 5211 625 12322 12323 11691 
3777 2581 5211 5456 5455 11690 12323 12324 12325 
3778 2482 5455 5456 5235 12326 12324 12327 11742 
3779 477 5235 5456 476 11751 12327 12322 626 
3780 2481 5457 5458 3850 12328 12329 12330 8173 
3781 2510 3850 5458 3556 8172 12330 12331 7498 
3782 579 3556 5458 578 7497 12331 12332 728 
3783 577 578 5458 5457 727 12332 12329 12333 
3784 575 576 5460 5215 725 12334 12335 11701 
3785 2580 5215 5460 5459 11700 12335 12336 12337 
3786 2481 5459 5460 5457 12338 12336 12339 12328 
3787 577 5457 5460 576 12333 12339 12334 726 
3788 513 514 5463 5222 663 12340 12341 11719 
3789 2588 5222 5463 5461 11718 12341 12342 12343 
3790 2485 5461 5463 5462 12344 12342 12345 12346 
3791 515 5462 5463 514 12347 12345 12340 664 
3792 2485 5462 5465 5464 12346 12348 12349 12350 
3793 2511 5464 5465 3550 12351 12349 12352 7484 
3794 517 3550 5465 516 7483 12352 12353 666 
3795 515 516 5465 5462 665 12353 12348 12347 
3796 561 562 5467 5218 711 12354 12355 11709 
3797 2570 5218 5467 5466 11708 12355 12356 12357 
3798 2476 5466 5467 5270 12358 12356 12359 11830 
3799 563 5270 5467 562 11839 12359 12354 712 
3800 557 558 5468 5226 707 12360 12361 11729 
3801 2586 5226 5468 5396 11728 12361 12362 12168 
3802 2352 5396 5468 5219 12167 12362 12363 11704 
3803 559 5219 5468 558 11711 12363 12360 708 
3804 1171 1172 5469 3569 1917 12364 12365 7521 
3805 3128 3569 5469 3611 7527 12365 12366 7624 
3806 3127 3611 5469 3696 7623 12366 12367 7818 
3807 1173 3696 5469 1172 7817 12367 12364 1918 
3808 523 524 5471 5230 673 12368 12369 11739 
3809 2571 5230 5471 5470 11738 12369 12370 12371 
3810 2473 5470 5471 5255 12372 12370 12373 11792 
3811 525 5255 5471 524 11801 12373 12368 674 
3812 1205 1206 5472 3576 1951 12374 12375 7537 
3813 3107 3576 5472 3622 7543 12375 12376 7648 
3814 3105 3622 5472 5324 7647 12376 12377 11972 
3815 1207 5324 5472 1206 11981 12377 12374 1952 
3816 2420 5474 5475 5473 12378 12379 12380 12381 
3817 2512 5473 5475 3553 12382 12380 12383 7491 
3818 483 3553 5475 482 7490 12383 12384 632 
3819 481 482 5475 5474 631 12384 12379 12385 
3820 479 480 5477 5234 629 12386 12387 11749 
3821 2572 5234 5477 5476 11748 12387 12388 12389 
3822 2420 5476 5477 5474 12390 12388 12391 12378 
3823 481 5474 5477 480 12385 12391 12386 630 
3824 7 810 5478 5293 1555 12392 12393 11899 
3825 2589 5293 5478 3862 11898 12393 12394 8200 
3826 2349 3862 5478 5347 8199 12394 12395 12030 
3827 811 5347 5478 810 12039 12395 12392 1556 
3828 539 540 5480 5246 689 12396 12397 11779 
3829 2583 5246 5480 5479 11778 12397 12398 12399 
3830 2312 5479 5480 5209 12400 12398 12401 11676 
3831 541 5209 5480 540 11685 12401 12396 690 
3832 535 536 5482 5238 685 12402 12403 11759 
3833 2574 5238 5482 5481 11758 12403 12404 12405 
3834 2429 5481 5482 5247 12406 12404 12407 11772 
3835 537 5247 5482 536 11781 12407 12402 686 
3836 489 490 5484 5242 639 12408 12409 11769 
3837 2582 5242 5484 5483 11768 12409 12410 12411 
3838 2478 5483 5484 5202 12412 12410 12413 11658 
3839 491 5202 5484 490 11667 12413 12408 640 
3840 585 586 5486 5250 735 12414 12415 11789 
3841 2576 5250 5486 5485 11788 12415 12416 12417 
3842 2470 5485 5486 5294 12418 12416 12419 11892 
3843 587 5294 5486 586 11901 12419 12414 736 
3844 527 528 5488 5254 677 12420 12421 11799 
3845 2584 5254 5488 5487 11798 12421 12422 12423 
3846 2361 5487 5488 5205 12424 12422 12425 11668 
3847 529 5205 5488 528 11675 12425 12420 678 
3848 1107 1108 5491 5489 1853 12426 12427 12428 
3849 3121 5489 5491 5490 12429 12427 12430 12431 
3850 3114 5490 5491 3708 12432 12430 12433 7846 
3851 1109 3708 5491 1108 7845 12433 12426 1854 
3852 503 504 5494 5258 653 12434 12435 11809 
3853 2579 5258 5494 5492 11808 12435 12436 12437 
3854 2472 5492 5494 5493 12438 12436 12439 12440 
3855 505 5493 5494 504 12441 12439 12434 654 
3856 2472 5493 5496 5495 12440 12442 12443 12444 
3857 2513 5495 5496 3541 12445 12443 12446 7463 
3858 507 3541 5496 506 7462 12446 12447 656 
3859 505 506 5496 5493 655 12447 12442 12441 
3860 471 472 5498 5262 621 12448 12449 11818 
3861 2585 5262 5498 5497 11817 12449 12450 12451 
3862 2475 5497 5498 5212 12452 12450 12453 11686 
3863 473 5212 5498 472 11693 12453 12448 622 
3864 553 554 5500 5265 703 12454 12455 11827 
3865 2578 5265 5500 5499 11826 12455 12456 12457 
3866 2471 5499 5500 5227 12458 12456 12459 11722 
3867 555 5227 5500 554 11731 12459 12454 704 
3868 565 566 5503 5269 715 12460 12461 11837 
3869 2587 5269 5503 5501 11836 12461 12462 12463 
3870 2421 5501 5503 5502 12464 12462 12465 12466 
3871 567 5502 5503 566 12467 12465 12460 716 
3872 2421 5502 5505 5504 12466 12468 12469 12470 
3873 2514 5504 5505 3532 12471 12469 12472 7442 
3874 569 3532 5505 568 7441 12472 12473 718 
3875 567 568 5505 5502 717 12473 12468 12467 
3876 1031 1032 5506 3585 1777 12474 12475 7558 
3877 3036 3585 5506 3260 7564 12475 12476 6821 
3878 3031 3260 5506 5339 6820 12476 12477 12012 
3879 1033 5339 5506 1032 12019 12477 12474 1778 
3880 1063 1064 5509 5507 1809 12478 12479 12480 
3881 3064 5507 5509 5508 12481 12479 12482 12483 
3882 3049 5508 5509 3717 12484 12482 12485 7867 
3883 1065 3717 5509 1064 7866 12485 12478 1810 
3884 3059 3418 5512 5409 7179 12486 12487 12200 
3885 3010 5409 5512 5510 12199 12487 12488 12489 
3886 3041 5510 5512 5511 12490 12488 12491 12492 
3887 3077 5511 5512 3418 12493 12491 12486 7180 
3888 1265 1266 5514 5279 2011 12494 12495 11863 
3889 3033 5279 5514 5513 11862 12495 12496 12497 
3890 2320 5513 5514 3723 12498 12496 12499 7881 
3891 1267 3723 5514 1266 7880 12499 12494 2012 
3892 857 858 5516 5283 1603 12500 12501 11873 
3893 2590 5283 5516 5515 11872 12501 12502 12503 
3894 2483 5515 5516 5351 12504 12502 12505 12040 
3895 859 5351 5516 858 12049 12505 12500 1604 
3896 1487 1488 5518 3566 2233 12506 12507 7514 
3897 2520 3566 5518 5517 7520 12507 12508 12509 
3898 2379 5517 5518 4048 12510 12508 12511 8627 
3899 1489 4048 5518 1488 8626 12511 12506 2234 
3900 1397 1398 5519 3592 2143 12512 12513 7574 
3901 2936 3592 5519 3634 7580 12513 12514 7675 
3902 2911 3634 5519 3729 7674 12514 12515 7895 
3903 1399 3729 5519 1398 7894 12515 12512 2144 
3904 1439 1440 5521 5286 2185 12516 12517 11881 
3905 2916 5286 5521 5520 11880 12517 12518 12519 
3906 2346 5520 5521 3735 12520 12518 12521 7909 
3907 1441 3735 5521 1440 7908 12521 12516 2186 
3908 931 932 5524 3539 1677 12522 12523 7451 
3909 2947 3539 5524 5522 7457 12523 12524 12525 
3910 2937 5522 5524 5523 12526 12524 12527 12528 
3911 933 5523 5524 932 12529 12527 12522 1678 
3912 2937 5523 5526 5525 12528 12530 12531 12532 
3913 2962 5525 5526 5289 12533 12531 12534 11887 
3914 935 5289 5526 934 11886 12534 12535 1680 
3915 933 934 5526 5523 1679 12535 12530 12529 
3916 2373 5527 5528 3908 12536 12537 12538 8295 
3917 2899 3908 5528 3535 8303 12538 12539 7449 
3918 1433 3535 5528 1432 7448 12539 12540 2178 
3919 1431 1432 5528 5527 2177 12540 12537 12541 
3920 1423 1424 5532 5529 2169 12542 12543 12544 
3921 2831 5529 5532 5530 12545 12543 12546 12547 
3922 2800 5530 5532 5531 12548 12546 12549 12550 
3923 1425 5531 5532 1424 12551 12549 12542 2170 
3924 2800 5531 5534 5533 12550 12552 12553 12554 
3925 2822 5533 5534 3581 12555 12553 12556 7556 
3926 1427 3581 5534 1426 7555 12556 12557 2172 
3927 1425 1426 5534 5531 2171 12557 12552 12551 
3928 953 954 5536 3579 1699 12558 12559 7544 
3929 2970 3579 5536 5535 7550 12559 12560 12561 
3930 2960 5535 5536 3738 12562 12560 12563 7916 
3931 955 3738 5536 954 7915 12563 12558 1700 
3932 2783 5538 5539 4988 12564 12565 12566 11084 
3933 2685 4988 5539 3294 11083 12566 12567 6898 
3934 2756 3294 5539 5537 6897 12567 12568 12569 
3935 2886 5537 5539 5538 12570 12568 12565 12571 
3936 1041 1042 5541 3514 1787 12572 12573 7393 
3937 3075 3514 5541 5540 7399 12573 12574 12575 
3938 3066 5540 5541 3741 12576 12574 12577 7923 
3939 1043 3741 5541 1042 7922 12577 12572 1788 
3940 2467 5543 5544 5542 12578 12579 12580 12581 
3941 2519 5542 5544 3510 12582 12580 12583 7391 
3942 831 3510 5544 830 7390 12583 12584 1576 
3943 829 830 5544 5543 1575 12584 12579 12585 
3944 827 828 5546 5299 1573 12586 12587 11915 
3945 2591 5299 5546 5545 11914 12587 12588 12589 
3946 2467 5545 5546 5543 12590 12588 12591 12578 
3947 829 5543 5546 828 12585 12591 12586 1574 
3948 843 844 5548 5307 1589 12592 12593 11937 
3949 2592 5307 5548 5547 11936 12593 12594 12595 
3950 2468 5547 5548 5375 12596 12594 12597 12102 
3951 845 5375 5548 844 12111 12597 12592 1590 
3952 2806 5399 5551 5137 12174 12598 12599 11487 
3953 2784 5137 5551 5549 11486 12599 12600 12601 
3954 2755 5549 5551 5550 12602 12600 12603 12604 
3955 2692 5550 5551 5399 12605 12603 12598 12175 
3956 3122 5554 5555 3606 12606 12607 12608 7612 
3957 2923 3606 5555 5552 7611 12608 12609 12610 
3958 3078 5552 5555 5553 12611 12609 12612 12613 
3959 3103 5553 5555 5554 12614 12612 12607 12615 
3960 3013 5558 5559 5556 12616 12617 12618 12619 
3961 3095 5556 5559 5557 12620 12618 12621 12622 
3962 3110 5557 5559 3299 12623 12621 12624 6910 
3963 3086 3299 5559 5558 6909 12624 12617 12625 
3964 875 876 5561 5313 1621 12626 12627 11953 
3965 2593 5313 5561 5560 11952 12627 12628 12629 
3966 2469 5560 5561 3747 12630 12628 12631 7937 
3967 877 3747 5561 876 7936 12631 12626 1622 
3968 1415 1416 5563 5433 2161 12632 12633 12265 
3969 2983 5433 5563 3148 12264 12633 12634 6568 
3970 2328 3148 5563 5562 6567 12634 12635 12636 
3971 1417 5562 5563 1416 12637 12635 12632 2162 
3972 3118 5566 5567 5564 12638 12639 12640 12641 
3973 1121 5564 5567 1120 12642 12640 12643 1866 
3974 1119 1120 5567 5565 1865 12643 12644 12645 
3975 3126 5565 5567 5566 12646 12644 12639 12647 
3976 1193 1194 5571 5568 1939 12648 12649 12650 
3977 3065 5568 5571 5569 12651 12649 12652 12653 
3978 3045 5569 5571 5570 12654 12652 12655 12656 
3979 1195 5570 5571 1194 12657 12655 12648 1940 
3980 3045 5570 5573 5572 12656 12658 12659 12660 
3981 3056 5572 5573 3504 12661 12659 12662 7377 
3982 1197 3504 5573 1196 7376 12662 12663 1942 
3983 1195 1196 5573 5570 1941 12663 12658 12657 
3984 913 914 5576 3502 1659 12664 12665 7365 
3985 2872 3502 5576 5574 7371 12665 12666 12667 
3986 2859 5574 5576 5575 12668 12666 12669 12670 
3987 915 5575 5576 914 12671 12669 12664 1660 
3988 1209 1210 5579 5323 1955 12672 12673 11979 
3989 3117 5323 5579 5577 11978 12673 12674 12675 
3990 2336 5577 5579 5578 12676 12674 12677 12678 
3991 1211 5578 5579 1210 12679 12677 12672 1956 
3992 2336 5578 5580 3283 12678 12680 12681 6873 
3993 3109 3283 5580 3498 6872 12681 12682 7363 
3994 1213 3498 5580 1212 7362 12682 12683 1958 
3995 1211 1212 5580 5578 1957 12683 12680 12679 
3996 2418 3760 5581 3942 7966 12684 12685 8380 
3997 2515 3942 5581 3547 8379 12685 12686 7477 
3998 885 3547 5581 884 7476 12686 12687 1630 
3999 883 884 5581 3760 1629 12687 12684 7960 
4000 987 988 5583 3545 1733 12688 12689 7465 
4001 3055 3545 5583 3182 7471 12689 12690 6645 
4002 3048 3182 5583 5582 6644 12690 12691 12692 
4003 989 5582 5583 988 12693 12691 12688 1734 
4004 2513 5587 5588 5584 12694 12695 12696 12697 
4005 2666 5584 5588 5585 12698 12696 12699 12700 
4006 2613 5585 5588 5586 12701 12699 12702 12703 
4007 2310 5586 5588 5587 12704 12702 12695 12705 
4008 2417 5590 5591 5589 12706 12707 12708 12709 
4009 2516 5589 5591 3525 12710 12708 12711 7426 
4010 869 3525 5591 868 7425 12711 12712 1614 
4011 867 868 5591 5590 1613 12712 12707 12713 
4012 865 866 5593 5332 1611 12714 12715 12001 
4013 2597 5332 5593 5592 12000 12715 12716 12717 
4014 2417 5592 5593 5590 12718 12716 12719 12706 
4015 867 5590 5593 866 12713 12719 12714 1612 
4016 1357 1358 5596 5594 2103 12720 12721 12722 
4017 3000 5594 5596 3783 12723 12721 12724 8020 
4018 2972 3783 5596 5595 8019 12724 12725 12726 
4019 1359 5595 5596 1358 12727 12725 12720 2104 
4020 2978 5598 5599 5597 12728 12729 12730 12731 
4021 3007 5597 5599 5335 12732 12730 12733 12007 
4022 1261 5335 5599 1260 12006 12733 12734 2006 
4023 1259 1260 5599 5598 2005 12734 12729 12735 
4024 1257 1258 5602 5600 2003 12736 12737 12738 
4025 3002 5600 5602 5601 12739 12737 12740 12741 
4026 2978 5601 5602 5598 12742 12740 12743 12728 
4027 1259 5598 5602 1258 12735 12743 12736 2004 
4028 1511 1512 5604 3523 2257 12744 12745 7414 
4029 2787 3523 5604 5603 7420 12745 12746 12747 
4030 2354 5603 5604 3765 12748 12746 12749 7979 
4031 1513 3765 5604 1512 7978 12749 12744 2258 
4032 1019 1020 5607 5605 1765 12750 12751 12752 
4033 3047 5605 5607 5606 12753 12751 12754 12755 
4034 3030 5606 5607 3768 12756 12754 12757 7986 
4035 1021 3768 5607 1020 7985 12757 12750 1766 
4036 2416 5608 5609 3384 12758 12759 12760 7102 
4037 2517 3384 5609 3519 7101 12760 12761 7412 
4038 837 3519 5609 836 7411 12761 12762 1582 
4039 835 836 5609 5608 1581 12762 12759 12763 
4040 1325 1326 5611 5610 2071 12764 12765 12766 
4041 3115 5610 5611 3979 12767 12765 12768 8464 
4042 3096 3979 5611 3771 8463 12768 12769 7993 
4043 1327 3771 5611 1326 7992 12769 12764 2072 
4044 1035 1036 5613 5338 1781 12770 12771 12017 
4045 3054 5338 5613 3265 12016 12771 12772 6833 
4046 2334 3265 5613 5612 6832 12772 12773 12774 
4047 1037 5612 5613 1036 12775 12773 12770 1782 
4048 2415 5614 5615 3854 12776 12777 12778 8182 
4049 2518 3854 5615 3516 8181 12778 12779 7405 
4050 821 3516 5615 820 7404 12779 12780 1566 
4051 819 820 5615 5614 1565 12780 12777 12781 
4052 817 818 5617 5342 1563 12782 12783 12027 
4053 2596 5342 5617 5616 12026 12783 12784 12785 
4054 2415 5616 5617 5614 12786 12784 12787 12776 
4055 819 5614 5617 818 12781 12787 12782 1564 
4056 813 814 5619 5346 1559 12788 12789 12037 
4057 2594 5346 5619 5618 12036 12789 12790 12791 
4058 2466 5618 5619 5343 12792 12790 12793 12020 
4059 815 5343 5619 814 12029 12793 12788 1560 
4060 2377 5621 5622 3201 12794 12795 12796 6687 
4061 2991 3201 5622 5620 6686 12796 12797 12798 
4062 3026 5620 5622 3183 12799 12797 12800 6638 
4063 3055 3183 5622 5621 6646 12800 12795 12801 
4064 861 862 5624 5350 1607 12802 12803 12047 
4065 2595 5350 5624 5623 12046 12803 12804 12805 
4066 2432 5623 5624 5333 12806 12804 12807 11994 
4067 863 5333 5624 862 12003 12807 12802 1608 
4068 2330 3788 5626 5625 8031 12808 12809 12810 
4069 3012 5625 5626 3507 12811 12809 12812 7384 
4070 995 3507 5626 994 7383 12812 12813 1740 
4071 993 994 5626 3788 1739 12813 12808 8025 
4072 2302 5628 5629 5627 12814 12815 12816 12817 
4073 3108 5627 5629 3495 12818 12816 12819 7356 
4074 1233 3495 5629 1232 7355 12819 12820 1978 
4075 1231 1232 5629 5628 1977 12820 12815 12821 
4076 1229 1230 5631 3486 1975 12822 12823 7328 
4077 3089 3486 5631 5630 7334 12823 12824 12825 
4078 2302 5630 5631 5628 12826 12824 12827 12814 
4079 1231 5628 5631 1230 12821 12827 12822 1976 
4080 1467 1468 5635 5632 2213 12828 12829 12830 
4081 2833 5632 5635 5633 12831 12829 12832 12833 
4082 2799 5633 5635 5634 12834 12832 12835 12836 
4083 1469 5634 5635 1468 12837 12835 12828 2214 
4084 893 894 5638 3493 1639 12838 12839 7344 
4085 2752 3493 5638 5636 7350 12839 12840 12841 
4086 2734 5636 5638 5637 12842 12840 12843 12844 
4087 895 5637 5638 894 12845 12843 12838 1640 
4088 2734 5637 5640 5639 12844 12846 12847 12848 
4089 2753 5639 5640 3482 12849 12847 12850 7326 
4090 897 3482 5640 896 7325 12850 12851 1642 
4091 895 896 5640 5637 1641 12851 12846 12845 
4092 3104 5644 5645 5641 12852 12853 12854 12855 
4093 3078 5641 5645 5642 12856 12854 12857 12858 
4094 2873 5642 5645 5643 12859 12857 12860 12861 
4095 3071 5643 5645 5644 12862 12860 12853 12863 
4096 2975 5648 5649 4306 12864 12865 12866 9266 
4097 3009 4306 5649 5646 9265 12866 12867 12868 
4098 2987 5646 5649 5647 12869 12867 12870 12871 
4099 2945 5647 5649 5648 12872 12870 12865 12873 
4100 3009 5646 5650 4960 12868 12874 12875 11011 
4101 3058 4960 5650 3366 11010 12875 12876 7061 
4102 3034 3366 5650 3212 7060 12876 12877 6712 
4103 2987 3212 5650 5646 6711 12877 12874 12869 
4104 2927 5652 5653 4309 12878 12879 12880 9274 
4105 2975 4309 5653 5648 9273 12880 12881 12864 
4106 2945 5648 5653 5651 12873 12881 12882 12883 
4107 2897 5651 5653 5652 12884 12882 12879 12885 
4108 2621 3670 5656 5654 7756 12886 12887 12888 
4109 2674 5654 5656 3883 12889 12887 12890 8248 
4110 2410 3883 5656 5655 8247 12890 12891 12892 
4111 2566 5655 5656 3670 12893 12891 12886 7748 
4112 1149 1150 5658 5657 1895 12894 12895 12896 
4113 3082 5657 5658 3156 12897 12895 12898 6586 
4114 3063 3156 5658 3799 6585 12898 12899 8058 
4115 1151 3799 5658 1150 8057 12899 12894 1896 
4116 2949 5099 5659 5068 11387 12900 12901 11304 
4117 2901 5068 5659 4908 11303 12901 12902 10872 
4118 2921 4908 5659 5121 10871 12902 12903 11448 
4119 2953 5121 5659 5099 11447 12903 12900 11378 
4120 973 974 5662 3480 1719 12904 12905 7314 
4121 2989 3480 5662 5660 7320 12905 12906 12907 
4122 2982 5660 5662 5661 12908 12906 12909 12910 
4123 975 5661 5662 974 12911 12909 12904 1720 
4124 2982 5661 5664 5663 12910 12912 12913 12914 
4125 3008 5663 5664 5361 12915 12913 12916 12075 
4126 977 5361 5664 976 12074 12916 12917 1722 
4127 975 976 5664 5661 1721 12917 12912 12911 
4128 301 5667 5668 4003 12918 12919 12920 8518 
4129 2412 4003 5668 5665 8517 12920 12921 12922 
4130 2561 5665 5668 5666 12923 12921 12924 12925 
4131 2430 5666 5668 5667 12926 12924 12919 12927 
4132 2422 5670 5671 5669 12928 12929 12930 12931 
4133 2521 5669 5671 3476 12932 12930 12933 7312 
4134 851 3476 5671 850 7311 12933 12934 1596 
4135 849 850 5671 5670 1595 12934 12929 12935 
4136 847 848 5673 5374 1593 12936 12937 12109 
4137 2598 5374 5673 5672 12108 12937 12938 12939 
4138 2422 5672 5673 5670 12940 12938 12941 12928 
4139 849 5670 5673 848 12935 12941 12936 1594 
4140 2333 3660 5675 5159 7733 12942 12943 11542 
4141 92 5159 5675 93 11549 12943 12944 186 
4142 94 93 5675 5674 187 12944 12945 12946 
4143 2442 5674 5675 3660 12947 12945 12942 7734 
4144 16 5677 5678 17 12948 12949 12950 110 
4145 18 17 5678 5087 111 12950 12951 11355 
4146 2324 5087 5678 5676 11354 12951 12952 12953 
4147 2441 5676 5678 5677 12954 12952 12949 12955 
4148 1085 1086 5679 3474 1831 12956 12957 7300 
4149 3092 3474 5679 3249 7306 12957 12958 6797 
4150 3083 3249 5679 3808 6796 12958 12959 8079 
4151 1087 3808 5679 1086 8078 12959 12956 1832 
4152 2897 5652 5682 5680 12885 12960 12961 12962 
4153 2850 5680 5682 5681 12963 12961 12964 12965 
4154 2881 5681 5682 4352 12966 12964 12967 9380 
4155 2927 4352 5682 5652 9379 12967 12960 12878 
4156 1069 1070 5684 3467 1815 12968 12969 7284 
4157 3057 3467 5684 5683 7290 12969 12970 12971 
4158 2372 5683 5684 4008 12972 12970 12973 8531 
4159 1071 4008 5684 1070 8530 12973 12968 1816 
4160 2560 3273 5687 5685 6850 12974 12975 12976 
4161 2663 5685 5687 5686 12977 12975 12978 12979 
4162 2630 5686 5687 3599 12980 12978 12981 7597 
4163 2558 3599 5687 3273 7596 12981 12974 6842 
4164 2403 3931 5689 4098 8355 12982 12983 8749 
4165 1219 4098 5689 3751 8748 12983 12984 7939 
4166 3106 3751 5689 5688 7945 12984 12985 12986 
4167 3076 5688 5689 3931 12987 12985 12982 8356 
4168 2661 3175 5692 5690 6628 12988 12989 12990 
4169 2727 5690 5692 3170 12991 12989 12992 6618 
4170 2360 3170 5692 5691 6617 12992 12993 12994 
4171 2480 5691 5692 3175 12995 12993 12988 6620 
4172 2407 3895 5695 3836 8274 12996 12997 8133 
4173 2600 3836 5695 5693 8141 12997 12998 12999 
4174 2553 5693 5695 5694 13000 12998 13001 13002 
4175 2492 5694 5695 3895 13003 13001 12996 8275 
4176 2441 5677 5696 3279 12955 13004 13005 6864 
4177 2554 3279 5696 5039 6863 13005 13006 11225 
4178 14 5039 5696 15 11224 13006 13007 108 
4179 16 15 5696 5677 109 13007 13004 12948 
4180 20 5088 5698 21 11357 13008 13009 114 
4181 22 21 5698 5052 115 13009 13010 11259 
4182 2327 5052 5698 5697 11258 13010 13011 13012 
4183 2506 5697 5698 5088 13013 13011 13008 11348 
4184 26 5435 5700 27 12271 13014 13015 120 
4185 28 27 5700 4991 121 13015 13016 11093 
4186 2331 4991 5700 5699 11092 13016 13017 13018 
4187 2439 5699 5700 5435 13019 13017 13014 12266 
4188 2384 5702 5703 4941 13020 13021 13022 10954 
4189 82 4941 5703 83 10961 13022 13023 176 
4190 84 83 5703 5701 177 13023 13024 13025 
4191 2438 5701 5703 5702 13026 13024 13021 13027 
4192 2564 5705 5706 5704 13028 13029 13030 13031 
4193 2385 5704 5706 5144 13032 13030 13033 11502 
4194 70 5144 5706 71 11509 13033 13034 164 
4195 72 71 5706 5705 165 13034 13029 13035 
4196 2733 3640 5708 3427 7688 13036 13037 7201 
4197 2542 3427 5708 4582 7200 13037 13038 9972 
4198 2414 4582 5708 5707 9971 13038 13039 13040 
4199 2660 5707 5708 3640 13041 13039 13036 7680 
4200 3113 5711 5712 5709 13042 13043 13044 13045 
4201 3090 5709 5712 5710 13046 13044 13047 13048 
4202 1131 5710 5712 1130 13049 13047 13050 1876 
4203 1129 1130 5712 5711 1875 13050 13043 13051 
4204 2682 4870 5714 3435 10765 13052 13053 7219 
4205 2495 3435 5714 5713 7218 13053 13054 13055 
4206 2755 5713 5714 5549 13056 13054 13057 12602 
4207 2784 5549 5714 4870 12601 13057 13052 10766 
4208 2604 5716 5717 5092 13058 13059 13060 11369 
4209 2758 5092 5717 4892 11368 13060 13061 10827 
4210 2680 4892 5717 5715 10826 13061 13062 13063 
4211 2664 5715 5717 5716 13064 13062 13059 13065 
4212 2961 5718 5719 3216 13066 13067 13068 6721 
4213 2932 3216 5719 4023 6720 13068 13069 8567 
4214 1367 4023 5719 1366 8566 13069 13070 2112 
4215 1365 1366 5719 5718 2111 13070 13067 13071 
4216 1371 1372 5721 4020 2117 13072 13073 8560 
4217 2932 4020 5721 5720 8559 13073 13074 13075 
4218 2914 5720 5721 4018 13076 13074 13077 8555 
4219 1373 4018 5721 1372 8554 13077 13072 2118 
4220 2728 3632 5722 3657 7670 13078 13079 7728 
4221 2706 3657 5722 3161 7727 13079 13080 6588 
4222 2735 3161 5722 3646 6596 13080 13081 7703 
4223 2657 3646 5722 3632 7702 13081 13078 7662 
4224 2502 3662 5725 5723 7738 13082 13083 13084 
4225 2663 5723 5725 5724 13085 13083 13086 13087 
4226 2507 5724 5725 5158 13088 13086 13089 11546 
4227 2333 5158 5725 3662 11545 13089 13082 7730 
4228 86 85 5727 5066 179 13090 13091 11292 
4229 2557 5066 5727 5726 11297 13091 13092 13093 
4230 2438 5726 5727 5701 13094 13092 13095 13026 
4231 84 5701 5727 85 13025 13095 13090 178 
4232 2554 5040 5728 3281 11227 13096 13097 6860 
4233 2755 3281 5728 5713 6868 13097 13098 13056 
4234 2495 5713 5728 3470 13055 13098 13099 7298 
4235 2462 3470 5728 5040 7297 13099 13096 11228 
4236 3015 5731 5732 3416 13100 13101 13102 7167 
4237 3046 3416 5732 5729 7175 13102 13103 13104 
4238 2307 5729 5732 5730 13105 13103 13106 13107 
4239 2394 5730 5732 5731 13108 13106 13101 13109 
4240 2981 5734 5735 5733 13110 13111 13112 13113 
4241 2963 5733 5735 3338 13114 13112 13115 6998 
4242 1411 3338 5735 1410 6997 13115 13116 2156 
4243 1409 1410 5735 5734 2155 13116 13111 13117 
4244 2746 5737 5738 5035 13118 13119 13120 11216 
4245 2835 5035 5738 3459 11215 13120 13121 7273 
4246 2803 3459 5738 5736 7272 13121 13122 13123 
4247 2757 5736 5738 5737 13124 13122 13119 13125 
4248 3095 5557 5742 5739 12622 13126 13127 13128 
4249 2969 5739 5742 5740 13129 13127 13130 13131 
4250 3076 5740 5742 5741 13132 13130 13133 13134 
4251 3110 5741 5742 5557 13135 13133 13126 12623 
4252 96 95 5744 4970 189 13136 13137 11039 
4253 2552 4970 5744 5743 11038 13137 13138 13139 
4254 2442 5743 5744 5674 13140 13138 13141 12947 
4255 94 5674 5744 95 12946 13141 13136 188 
4256 2367 5393 5746 5745 12158 13142 13143 13144 
4257 2437 5745 5746 5188 13145 13143 13146 11624 
4258 56 5188 5746 57 11631 13146 13147 150 
4259 58 57 5746 5393 151 13147 13142 12159 
4260 2610 5749 5750 5747 13148 13149 13150 13151 
4261 2778 5747 5750 5748 13152 13150 13153 13154 
4262 2506 5748 5750 5697 13155 13153 13156 13013 
4263 2327 5697 5750 5749 13012 13156 13149 13157 
4264 3111 5753 5754 5751 13158 13159 13160 13161 
4265 3013 5751 5754 5752 13162 13160 13163 13164 
4266 3101 5752 5754 5172 13165 13163 13166 11582 
4267 3116 5172 5754 5753 11581 13166 13159 13167 
4268 2785 5192 5758 5755 11641 13168 13169 13170 
4269 2738 5755 5758 5756 13171 13169 13172 13173 
4270 2850 5756 5758 5757 13174 13172 13175 13176 
4271 2816 5757 5758 5192 13177 13175 13168 11642 
4272 2724 5759 5760 5107 13178 13179 13180 11410 
4273 2884 5107 5760 3295 11409 13180 13181 6901 
4274 2685 3295 5760 4997 6900 13181 13182 11108 
4275 2616 4997 5760 5759 11107 13182 13179 13183 
4276 2629 3137 5763 5353 6542 13184 13185 12055 
4277 2801 5353 5763 5761 12054 13185 13186 13187 
4278 2754 5761 5763 5762 13188 13186 13189 13190 
4279 2694 5762 5763 3137 13191 13189 13184 6543 
4280 2846 5765 5766 5764 13192 13193 13194 13195 
4281 2875 5764 5766 3462 13196 13194 13197 7279 
4282 2842 3462 5766 3342 7278 13197 13198 7007 
4283 2819 3342 5766 5765 7006 13198 13193 13199 
4284 3077 5768 5769 5511 13200 13201 13202 12493 
4285 3041 5511 5769 3157 12492 13202 13203 6579 
4286 3082 3157 5769 5767 6587 13203 13204 13205 
4287 3094 5767 5769 5768 13206 13204 13201 13207 
4288 54 53 5772 5187 147 13208 13209 11629 
4289 2568 5187 5772 5770 11628 13209 13210 13211 
4290 2366 5770 5772 5771 13212 13210 13213 13214 
4291 52 5771 5772 53 13215 13213 13208 146 
4292 3056 5775 5776 5773 13216 13217 13218 13219 
4293 3086 5773 5776 3298 13220 13218 13221 6907 
4294 3085 3298 5776 5774 6906 13221 13222 13223 
4295 2375 5774 5776 5775 13224 13222 13217 13225 
4296 2430 5778 5779 5666 13226 13227 13228 12926 
4297 2561 5666 5779 5777 12925 13228 13229 13230 
4298 2661 5777 5779 3174 13231 13229 13232 6627 
4299 2388 3174 5779 5778 6626 13232 13227 13233 
4300 2873 5782 5783 5780 13234 13235 13236 13237 
4301 3029 5780 5783 5423 13238 13236 13239 12230 
4302 3001 5423 5783 5781 12239 13239 13240 13241 
4303 3053 5781 5783 5782 13242 13240 13235 13243 
4304 2915 5786 5787 5784 13244 13245 13246 13247 
4305 3050 5784 5787 5785 13248 13246 13249 13250 
4306 3023 5785 5787 3635 13251 13249 13252 7678 
4307 2936 3635 5787 5786 7677 13252 13245 13253 
4308 2861 5788 5789 3602 13254 13255 13256 7603 
4309 2756 3602 5789 3296 7602 13256 13257 6894 
4310 2884 3296 5789 5110 6902 13257 13258 11406 
4311 2900 5110 5789 5788 11417 13258 13255 13259 
4312 2735 3647 5792 5371 7704 13260 13261 12101 
4313 2773 5371 5792 5790 12100 13261 13262 13263 
4314 2612 5790 5792 5791 13264 13262 13265 13266 
4315 2500 5791 5792 3647 13267 13265 13260 7696 
4316 2941 5135 5793 5054 11483 13268 13269 11263 
4317 2930 5054 5793 5069 11262 13269 13270 11298 
4318 2949 5069 5793 5098 11305 13270 13271 11386 
4319 2968 5098 5793 5135 11385 13271 13268 11476 
4320 2695 5797 5798 5794 13272 13273 13274 13275 
4321 2774 5794 5798 5795 13276 13274 13277 13278 
4322 2645 5795 5798 5796 13279 13277 13280 13281 
4323 2562 5796 5798 5797 13282 13280 13273 13283 
4324 2759 5800 5801 4689 13284 13285 13286 10266 
4325 2642 4689 5801 4779 10265 13286 13287 10504 
4326 2654 4779 5801 5799 10511 13287 13288 13289 
4327 2695 5799 5801 5800 13290 13288 13285 13291 
4328 2634 5388 5805 5802 12145 13292 13293 13294 
4329 2498 5802 5805 5803 13295 13293 13296 13297 
4330 2691 5803 5805 5804 13298 13296 13299 13300 
4331 2776 5804 5805 5388 13301 13299 13292 12146 
4332 2923 5552 5808 5806 12610 13302 13303 13304 
4333 2894 5806 5808 4982 13305 13303 13306 11062 
4334 2839 4982 5808 5807 11069 13306 13307 13308 
4335 3078 5807 5808 5552 13309 13307 13302 12611 
4336 2690 5811 5812 3911 13310 13311 13312 8311 
4337 2565 3911 5812 5809 8310 13312 13313 13314 
4338 2673 5809 5812 5810 13315 13313 13316 13317 
4339 2696 5810 5812 5811 13318 13316 13311 13319 
4340 2738 5815 5816 5813 13320 13321 13322 13323 
4341 2770 5813 5816 5814 13324 13322 13325 13326 
4342 2795 5814 5816 5406 13327 13325 13328 12191 
4343 2808 5406 5816 5815 12190 13328 13321 13329 
4344 2497 5818 5819 3205 13330 13331 13332 6696 
4345 2562 3205 5819 3839 6695 13332 13333 8149 
4346 2337 3839 5819 5817 8148 13333 13334 13335 
4347 2491 5817 5819 5818 13336 13334 13331 13337 
4348 2655 5821 5822 3960 13338 13339 13340 8412 
4349 2736 3960 5822 3385 8420 13340 13341 7105 
4350 2416 3385 5822 5820 7104 13341 13342 13343 
4351 2519 5820 5822 5821 13344 13342 13339 13345 
4352 3071 5644 5825 5823 12863 13346 13347 13348 
4353 1339 5823 5825 1338 13349 13347 13350 2084 
4354 1337 1338 5825 5824 2083 13350 13351 13352 
4355 3104 5824 5825 5644 13353 13351 13346 12852 
4356 2765 5828 5829 4690 13354 13355 13356 10258 
4357 2759 4690 5829 5826 10267 13356 13357 13358 
4358 2732 5826 5829 5827 13359 13357 13360 13361 
4359 2612 5827 5829 5828 13362 13360 13355 13363 
4360 2313 5214 5832 3828 11697 13364 13365 8115 
4361 2667 3828 5832 5830 8123 13365 13366 13367 
4362 2726 5830 5832 5831 13368 13366 13369 13370 
4363 2580 5831 5832 5214 13371 13369 13364 11698 
4364 2461 5835 5836 5833 13372 13373 13374 13375 
4365 2433 5833 5836 5834 13376 13374 13377 13378 
4366 2368 5834 5836 3134 13379 13377 13380 6527 
4367 2565 3134 5836 5835 6535 13380 13373 13381 
4368 2859 5839 5840 5837 13382 13383 13384 13385 
4369 2816 5837 5840 5838 13386 13384 13387 13388 
4370 2871 5838 5840 5368 13389 13387 13390 12082 
4371 2404 5368 5840 5839 12093 13390 13383 13391 
4372 1 101 5844 5841 195 13392 13393 13394 
4373 2559 5841 5844 5842 13395 13393 13396 13397 
4374 2440 5842 5844 5843 13398 13396 13399 13400 
4375 100 5843 5844 101 13401 13399 13392 194 
4376 2659 5846 5847 3451 13402 13403 13404 7255 
4377 2549 3451 5847 3490 7254 13404 13405 7335 
4378 2658 3490 5847 5845 7343 13405 13406 13407 
4379 2504 5845 5847 5846 13408 13406 13403 13409 
4380 2775 3892 5850 5848 8267 13410 13411 13412 
4381 2795 5848 5850 5814 13413 13411 13414 13327 
4382 2770 5814 5850 5849 13326 13414 13415 13416 
4383 2688 5849 5850 3892 13417 13415 13410 8259 
4384 1519 1520 5852 3288 2265 13418 13419 6878 
4385 2696 3288 5852 5810 6884 13419 13420 13318 
4386 2673 5810 5852 5851 13317 13420 13421 13422 
4387 1521 5851 5852 1520 13423 13421 13418 2266 
4388 2580 5459 5853 5831 12337 13424 13425 13371 
4389 2726 5831 5853 3315 13370 13425 13426 6946 
4390 2668 3315 5853 3851 6945 13426 13427 8176 
4391 2481 3851 5853 5459 8175 13427 13424 12338 
4392 3123 5854 5855 3607 13428 13429 13430 7615 
4393 3122 3607 5855 3144 7614 13430 13431 6559 
4394 1305 3144 5855 4131 6558 13431 13432 8828 
4395 2321 4131 5855 5854 8827 13432 13429 13433 
4396 2435 4212 5857 3151 9027 13434 13435 6574 
4397 2384 3151 5857 5856 6573 13435 13436 13437 
4398 2670 5856 5857 3411 13438 13436 13439 7165 
4399 2428 3411 5857 4212 7164 13439 13434 9028 
4400 2628 5858 5859 5327 13440 13441 13442 11989 
4401 2366 5327 5859 5770 11988 13442 13443 13212 
4402 2568 5770 5859 3589 13211 13443 13444 7565 
4403 2660 3589 5859 5858 7573 13444 13441 13445 
4404 2764 3334 5863 5860 6987 13446 13447 13448 
4405 2805 5860 5863 5861 13449 13447 13450 13451 
4406 2665 5861 5863 5862 13452 13450 13453 13454 
4407 2690 5862 5863 3334 13455 13453 13446 6988 
4408 2593 5560 5866 5864 12629 13456 13457 13458 
4409 2662 5864 5866 5865 13459 13457 13460 13461 
4410 2627 5865 5866 5081 13462 13460 13463 11328 
4411 2469 5081 5866 5560 11337 13463 13456 12630 
4412 2399 5867 5868 3994 13464 13465 13466 8499 
4413 1175 3994 5868 3697 8498 13466 13467 7813 
4414 3127 3697 5868 3610 7819 13467 13468 7621 
4415 3119 3610 5868 5867 7620 13468 13465 13469 
4416 3036 3261 5870 5869 6823 13470 13471 13472 
4417 2997 5869 5870 3246 13473 13471 13474 6781 
4418 3051 3246 5870 3266 6789 13474 13475 6826 
4419 3054 3266 5870 3261 6834 13475 13470 6824 
4420 2507 4957 5871 5724 11003 13476 13477 13088 
4421 2663 5724 5871 5685 13087 13477 13478 12977 
4422 2560 5685 5871 3572 12976 13478 13479 7535 
4423 2383 3572 5871 4957 7534 13479 13476 11004 
4424 3072 5873 5874 5872 13480 13481 13482 13483 
4425 3123 5872 5874 5854 13484 13482 13485 13428 
4426 2321 5854 5874 4136 13433 13485 13486 8841 
4427 1297 4136 5874 5873 8840 13486 13481 13487 
4428 2732 3207 5875 5826 6700 13488 13489 13359 
4429 2759 5826 5875 5800 13358 13489 13490 13284 
4430 2695 5800 5875 5797 13291 13490 13491 13272 
4431 2562 5797 5875 3207 13283 13491 13488 6692 
4432 1147 1148 5876 3408 1893 13492 13493 7151 
4433 3094 3408 5876 5767 7157 13493 13494 13206 
4434 3082 5767 5876 5657 13205 13494 13495 12897 
4435 1149 5657 5876 1148 12896 13495 13492 1894 
4436 1465 1466 5878 3405 2211 13496 13497 7144 
4437 2856 3405 5878 5877 7150 13497 13498 13499 
4438 2833 5877 5878 5632 13500 13498 13501 12831 
4439 1467 5632 5878 1466 12830 13501 13496 2212 
4440 1323 1324 5879 3398 2069 13502 13503 7128 
4441 3120 3398 5879 3327 7134 13503 13504 6973 
4442 3115 3327 5879 5610 6972 13504 13505 12767 
4443 1325 5610 5879 1324 12766 13505 13502 2070 
4444 1017 1018 5881 3392 1763 13506 13507 7114 
4445 3060 3392 5881 5880 7120 13507 13508 13509 
4446 3047 5880 5881 5605 13510 13508 13511 12753 
4447 1019 5605 5881 1018 12752 13511 13506 1764 
4448 1255 1256 5883 3389 2001 13512 13513 7107 
4449 3022 3389 5883 5882 7113 13513 13514 13515 
4450 3002 5882 5883 5600 13516 13514 13517 12739 
4451 1257 5600 5883 1256 12738 13517 13512 2002 
4452 1355 1356 5885 3395 2101 13518 13519 7121 
4453 3021 3395 5885 5884 7127 13519 13520 13521 
4454 3000 5884 5885 5594 13522 13520 13523 12723 
4455 1357 5594 5885 1356 12722 13523 13518 2102 
4456 1191 1192 5886 3382 1937 13524 13525 7091 
4457 3080 3382 5886 3240 7097 13525 13526 6776 
4458 3065 3240 5886 5568 6775 13526 13527 12651 
4459 1193 5568 5886 1192 12650 13527 13524 1938 
4460 2795 5407 5888 5848 12193 13528 13529 13413 
4461 2775 5848 5888 3347 13412 13529 13530 7009 
4462 2817 3347 5888 5887 7017 13530 13531 13532 
4463 2845 5887 5888 5407 13533 13531 13528 12194 
4464 2500 3888 5891 5889 8258 13534 13535 13536 
4465 2563 5889 5891 3843 13537 13535 13538 8158 
4466 2342 3843 5891 5890 8157 13538 13539 13540 
4467 2465 5890 5891 3888 13541 13539 13534 8250 
4468 1421 1422 5892 3375 2167 13542 13543 7075 
4469 2855 3375 5892 3950 7081 13543 13544 8398 
4470 2831 3950 5892 5529 8397 13544 13545 12545 
4471 1423 5529 5892 1422 12544 13545 13542 2168 
4472 2612 5791 5894 5827 13266 13546 13547 13362 
4473 2732 5827 5894 5893 13361 13547 13548 13549 
4474 2563 5893 5894 5889 13550 13548 13551 13537 
4475 2500 5889 5894 5791 13536 13551 13546 13267 
4476 1061 1062 5896 3357 1807 13552 13553 7034 
4477 3081 3357 5896 5895 7040 13553 13554 13555 
4478 3064 5895 5896 5507 13556 13554 13557 12481 
4479 1063 5507 5896 1062 12480 13557 13552 1808 
4480 1105 1106 5898 3360 1851 13558 13559 7041 
4481 3124 3360 5898 5897 7047 13559 13560 13561 
4482 3121 5897 5898 5489 13562 13560 13563 12429 
4483 1107 5489 5898 1106 12428 13563 13558 1852 
4484 1503 1504 5900 3354 2249 13564 13565 7027 
4485 2829 3354 5900 5899 7033 13565 13566 13567 
4486 2804 5899 5900 5437 13568 13566 13569 12275 
4487 1505 5437 5900 1504 12274 13569 13564 2250 
4488 1145 3407 5902 1144 7155 13570 13571 1890 
4489 1143 1144 5902 3679 1889 13571 13572 7771 
4490 2304 3679 5902 5901 7777 13572 13573 13574 
4491 3094 5901 5902 3407 13575 13573 13570 7156 
4492 1463 3404 5904 1462 7148 13576 13577 2208 
4493 1461 1462 5904 4067 2207 13577 13578 8672 
4494 2351 4067 5904 5903 8671 13578 13579 13580 
4495 2856 5903 5904 3404 13581 13579 13576 7149 
4496 2693 3136 5907 5905 6539 13582 13583 13584 
4497 2727 5905 5907 5906 13585 13583 13586 13587 
4498 2522 5906 5907 4868 13588 13586 13589 10750 
4499 2629 4868 5907 3136 10761 13589 13582 6540 
4500 1321 3397 5910 1320 7132 13590 13591 2066 
4501 1319 1320 5910 5908 2065 13591 13592 13593 
4502 2350 5908 5910 5909 13594 13592 13595 13596 
4503 3120 5909 5910 3397 13597 13595 13590 7133 
4504 1015 3391 5912 1014 7118 13598 13599 1760 
4505 1013 1014 5912 4184 1759 13599 13600 8956 
4506 2307 4184 5912 5911 8955 13600 13601 13602 
4507 3060 5911 5912 3391 13603 13601 13598 7119 
4508 2494 5914 5915 5148 13604 13605 13606 11520 
4509 2633 5148 5915 5913 11519 13606 13607 13608 
4510 2552 5913 5915 4969 13609 13607 13610 11036 
4511 2319 4969 5915 5914 11035 13610 13605 13611 
4512 1253 3388 5916 1252 7111 13612 13613 1998 
4513 1251 1252 5916 4086 1997 13613 13614 8718 
4514 2345 4086 5916 3290 8717 13614 13615 6889 
4515 3022 3290 5916 3388 6888 13615 13612 7112 
4516 1353 3394 5917 1352 7125 13616 13617 2098 
4517 1351 1352 5917 4028 2097 13617 13618 8578 
4518 2362 4028 5917 3934 8577 13618 13619 8362 
4519 3021 3934 5917 3394 8361 13619 13616 7126 
4520 2494 5920 5921 5914 13620 13621 13622 13604 
4521 2319 5914 5921 5918 13611 13622 13623 13624 
4522 2440 5918 5921 5919 13625 13623 13626 13627 
4523 2664 5919 5921 5920 13628 13626 13621 13629 
4524 1189 3381 5922 1188 7095 13630 13631 1934 
4525 1187 1188 5922 4106 1933 13631 13632 8766 
4526 2303 4106 5922 3938 8765 13632 13633 8371 
4527 3080 3938 5922 3381 8370 13633 13630 7096 
4528 3068 5923 5924 3304 13634 13635 13636 6912 
4529 3089 3304 5924 3485 6920 13636 13637 7333 
4530 1227 3485 5924 1226 7332 13637 13638 1972 
4531 1225 1226 5924 5923 1971 13638 13635 13639 
4532 2665 5862 5926 3431 13454 13640 13641 7210 
4533 2555 3431 5926 5925 7209 13641 13642 13643 
4534 2413 5925 5926 3912 13644 13642 13645 8304 
4535 2690 3912 5926 5862 8312 13645 13640 13455 
4536 1419 3374 5927 1418 7079 13646 13647 2164 
4537 1417 1418 5927 5562 2163 13647 13648 12637 
4538 2328 5562 5927 3147 12636 13648 13649 6565 
4539 2855 3147 5927 3374 6564 13649 13646 7080 
4540 1059 3356 5928 1058 7038 13650 13651 1804 
4541 1057 1058 5928 3781 1803 13651 13652 8009 
4542 2306 3781 5928 3238 8015 13652 13653 6763 
4543 3081 3238 5928 3356 6771 13653 13650 7039 
4544 1103 3359 5929 1102 7045 13654 13655 1848 
4545 1101 1102 5929 4129 1847 13655 13656 8822 
4546 2305 4129 5929 3187 8821 13656 13657 6647 
4547 3124 3187 5929 3359 6655 13657 13654 7046 
4548 1501 3353 5931 1500 7031 13658 13659 2246 
4549 1499 1500 5931 3806 2245 13659 13660 8067 
4550 2355 3806 5931 5930 8073 13660 13661 13662 
4551 2829 5930 5931 3353 13663 13661 13658 7032 
4552 2969 3626 5933 5739 7656 13664 13665 13129 
4553 3095 5739 5933 5932 13128 13665 13666 13667 
4554 2992 5932 5933 4975 13668 13666 13669 11042 
4555 2943 4975 5933 3626 11051 13669 13664 7657 
4556 2992 4888 5935 5932 10815 13670 13671 13668 
4557 3095 5932 5935 5556 13667 13671 13672 12620 
4558 3013 5556 5935 5934 12619 13672 13673 13674 
4559 3010 5934 5935 4888 13675 13673 13670 10816 
4560 2724 5939 5940 5936 13676 13677 13678 13679 
4561 2805 5936 5940 5937 13680 13678 13681 13682 
4562 2772 5937 5940 5938 13683 13681 13684 13685 
4563 2887 5938 5940 5939 13686 13684 13677 13687 
4564 1393 1394 5942 5941 2139 13688 13689 13690 
4565 2915 5941 5942 5786 13691 13689 13692 13244 
4566 2936 5786 5942 3591 13253 13692 13693 7579 
4567 1395 3591 5942 1394 7578 13693 13688 2140 
4568 3046 5944 5945 3244 13694 13695 13696 6785 
4569 2997 3244 5945 5943 6784 13696 13697 13698 
4570 3030 5943 5945 5606 13699 13697 13700 12756 
4571 3047 5606 5945 5944 12755 13700 13695 13701 
4572 2691 5948 5949 5946 13702 13703 13704 13705 
4573 2774 5946 5949 5947 13706 13704 13707 13708 
4574 2503 5947 5949 3372 13709 13707 13710 7066 
4575 2725 3372 5949 5948 7074 13710 13703 13711 
4576 2439 3323 5951 5699 6963 13712 13713 13019 
4577 2331 5699 5951 5950 13018 13713 13714 13715 
4578 2498 5950 5951 5802 13716 13714 13717 13295 
4579 2634 5802 5951 3323 13294 13717 13712 6964 
4580 1409 5734 5953 1408 13117 13718 13719 2154 
4581 1407 1408 5953 3757 2153 13719 13720 7953 
4582 2374 3757 5953 5952 7959 13720 13721 13722 
4583 2981 5952 5953 5734 13723 13721 13718 13110 
4584 215 216 5955 5310 237 13724 13725 11945 
4585 2558 5310 5955 3598 11944 13725 13726 7594 
4586 2369 3598 5955 5954 7593 13726 13727 13728 
4587 3 5954 5955 216 13729 13727 13724 238 
4588 2803 5736 5956 5032 13123 13730 13731 11207 
4589 2751 5032 5956 5354 11206 13731 13732 12050 
4590 2684 5354 5956 4919 12057 13732 13733 10894 
4591 2757 4919 5956 5736 10901 13733 13730 13124 
4592 2488 5959 5960 5143 13734 13735 13736 11506 
4593 2385 5143 5960 5957 11505 13736 13737 13738 
4594 2504 5957 5960 5958 13739 13737 13740 13741 
4595 2631 5958 5960 5959 13742 13740 13735 13743 
4596 2560 3573 5962 3272 7536 13744 13745 6849 
4597 2427 3272 5962 3412 6848 13745 13746 7158 
4598 2670 3412 5962 5961 7166 13746 13747 13748 
4599 2557 5961 5962 3573 13749 13747 13744 7528 
4600 2898 4602 5964 5391 10019 13750 13751 12153 
4601 2912 5391 5964 3463 12152 13751 13752 7282 
4602 2875 3463 5964 5963 7281 13752 13753 13754 
4603 2841 5963 5964 4602 13755 13753 13750 10020 
4604 2474 5967 5968 3171 13756 13757 13758 6611 
4605 2727 3171 5968 5965 6619 13758 13759 13760 
4606 2723 5965 5968 5966 13761 13759 13762 13763 
4607 2484 5966 5968 5967 13764 13762 13757 13765 
4608 2836 5183 5969 3401 11617 13766 13767 7142 
4609 2758 3401 5969 5091 7141 13767 13768 11366 
4610 2782 5091 5969 3343 11365 13768 13769 7000 
4611 2842 3343 5969 5183 7008 13769 13766 11610 
4612 2970 5535 5971 3179 12561 13770 13771 6629 
4613 2984 3179 5971 5970 6637 13771 13772 13773 
4614 2934 5970 5971 3351 13774 13772 13775 7018 
4615 2960 3351 5971 5535 7026 13775 13770 12562 
4616 2633 5973 5974 5151 13776 13777 13778 11516 
4617 2777 5151 5974 3378 11527 13778 13779 7089 
4618 2715 3378 5974 5972 7088 13779 13780 13781 
4619 2502 5972 5974 5973 13782 13780 13777 13783 
4620 2374 5976 5977 3756 13784 13785 13786 7958 
4621 1405 3756 5977 3791 7957 13786 13787 8032 
4622 2935 3791 5977 5975 8038 13787 13788 13789 
4623 3006 5975 5977 5976 13790 13788 13785 13791 
4624 3049 3718 5980 5978 7868 13792 13793 13794 
4625 3079 5978 5980 5979 13795 13793 13796 13797 
4626 3057 5979 5980 3466 13798 13796 13799 7289 
4627 1067 3466 5980 3718 7288 13799 13792 7862 
4628 2620 3824 5983 5981 8114 13800 13801 13802 
4629 2721 5981 5983 5982 13803 13801 13804 13805 
4630 2582 5982 5983 5241 13806 13804 13807 11766 
4631 2311 5241 5983 3824 11765 13807 13800 8106 
4632 3001 3785 5986 3217 8024 13808 13809 6724 
4633 2961 3217 5986 5984 6723 13809 13810 13811 
4634 2323 5984 5986 5985 13812 13810 13813 13814 
4635 2972 5985 5986 3785 13815 13813 13808 8016 
4636 2622 3832 5989 5987 8132 13816 13817 13818 
4637 2722 5987 5989 5988 13819 13817 13820 13821 
4638 2590 5988 5989 5282 13822 13820 13823 11870 
4639 2314 5282 5989 3832 11869 13823 13816 8124 
4640 2808 5815 5990 4924 13329 13824 13825 10918 
4641 2881 4924 5990 5681 10917 13825 13826 12966 
4642 2850 5681 5990 5756 12965 13826 13827 13174 
4643 2738 5756 5990 5815 13173 13827 13824 13320 
4644 2315 5992 5993 5991 13828 13829 13830 13831 
4645 2559 5991 5993 5841 13832 13830 13833 13395 
4646 1 5841 5993 9 13394 13833 13834 102 
4647 10 9 5993 5992 103 13834 13829 13835 
4648 10 5992 5994 11 13835 13836 13837 104 
4649 12 11 5994 5041 105 13837 13838 11231 
4650 2462 5041 5994 3469 11230 13838 13839 7295 
4651 2315 3469 5994 5992 7294 13839 13836 13828 
4652 2447 5997 5998 5028 13840 13841 13842 11197 
4653 2522 5028 5998 5995 11196 13842 13843 13844 
4654 2561 5995 5998 5996 13845 13843 13846 13847 
4655 295 5996 5998 5997 13848 13846 13841 13849 
4656 40 39 6000 5141 133 13850 13851 11501 
4657 2465 5141 6000 5890 11500 13851 13852 13541 
4658 2342 5890 6000 5999 13540 13852 13853 13854 
4659 38 5999 6000 39 13855 13853 13850 132 
4660 3076 3932 6002 5740 8357 13856 13857 13132 
4661 2969 5740 6002 6001 13131 13857 13858 13859 
4662 3084 6001 6002 3302 13860 13858 13861 6916 
4663 3068 3302 6002 3932 6915 13861 13856 8349 
4664 3007 5336 6005 6003 12009 13862 13863 13864 
4665 3028 6003 6005 3439 13865 13863 13866 7228 
4666 3027 3439 6005 6004 7227 13866 13867 13868 
4667 3003 6004 6005 5336 13869 13867 13862 12010 
4668 2938 3650 6008 6006 7711 13870 13871 13872 
4669 2820 6006 6008 6007 13873 13871 13874 13875 
4670 3050 6007 6008 3815 13876 13874 13877 8095 
4671 2959 3815 6008 3650 8094 13877 13870 7712 
4672 2319 5918 6009 4971 13624 13878 13879 11032 
4673 98 4971 6009 99 11041 13879 13880 192 
4674 100 99 6009 5843 193 13880 13881 13401 
4675 2440 5843 6009 5918 13400 13881 13878 13625 
4676 2754 6010 6011 5761 13882 13883 13884 13188 
4677 2801 5761 6011 5412 13187 13884 13885 12202 
4678 2748 5412 6011 3899 12209 13885 13886 8284 
4679 2700 3899 6011 6010 8283 13886 13883 13887 
4680 2350 5909 6014 6012 13596 13888 13889 13890 
4681 3102 6012 6014 6013 13891 13889 13892 13893 
4682 3103 6013 6014 3328 13894 13892 13895 6966 
4683 3120 3328 6014 5909 6974 13895 13888 13597 
4684 3023 3636 6017 6015 7679 13896 13897 13898 
4685 3006 6015 6017 5975 13899 13897 13900 13790 
4686 2935 5975 6017 6016 13789 13900 13901 13902 
4687 2911 6016 6017 3636 13903 13901 13896 7671 
4688 3006 6019 6020 6018 13904 13905 13906 13907 
4689 2886 6018 6020 5537 13908 13906 13909 12570 
4690 2756 5537 6020 3140 12569 13909 13910 6549 
4691 2963 3140 6020 6019 6548 13910 13905 13911 
4692 2359 5381 6022 6021 12127 13912 13913 13914 
4693 66 6021 6022 3643 13915 13913 13916 7689 
4694 2488 3643 6022 5959 7695 13916 13917 13734 
4695 2631 5959 6022 5381 13743 13917 13912 12118 
4696 3126 5566 6025 3974 12647 13918 13919 8452 
4697 3097 3974 6025 6023 8451 13919 13920 13921 
4698 3125 6023 6025 6024 13922 13920 13923 13924 
4699 3118 6024 6025 5566 13925 13923 13918 12638 
4700 2657 6026 6027 3645 13926 13927 13928 7700 
4701 2500 3645 6027 3887 7699 13928 13929 8257 
4702 2489 3887 6027 5073 8256 13929 13930 11316 
4703 2569 5073 6027 6026 11315 13930 13927 13931 
4704 1551 3268 6030 1550 6839 13932 13933 2296 
4705 1549 1550 6030 6028 2295 13933 13934 13935 
4706 2487 6028 6030 6029 13936 13934 13937 13938 
4707 2436 6029 6030 3268 13939 13937 13932 6840 
4708 2753 6033 6034 6031 13940 13941 13942 13943 
4709 2750 6031 6034 6032 13944 13942 13945 13946 
4710 2785 6032 6034 5195 13947 13945 13948 11638 
4711 2400 5195 6034 6033 11649 13948 13941 13949 
4712 2413 6035 6036 5925 13950 13951 13952 13644 
4713 2555 5925 6036 5377 13643 13952 13953 12112 
4714 748 5377 6036 747 12117 13953 13954 783 
4715 746 747 6036 6035 782 13954 13951 13955 
4716 2683 3898 6039 3947 8280 13956 13957 8392 
4717 2677 3947 6039 6037 8391 13957 13958 13959 
4718 2676 6037 6039 6038 13960 13958 13961 13962 
4719 2700 6038 6039 3898 13963 13961 13956 8281 
4720 2692 5400 6041 6040 12177 13964 13965 13966 
4721 2324 6040 6041 5086 13967 13965 13968 11352 
4722 2506 5086 6041 5748 11351 13968 13969 13155 
4723 2778 5748 6041 5400 13154 13969 13964 12178 
4724 3097 3320 6043 3976 6956 13970 13971 8448 
4725 3129 3976 6043 6042 8456 13971 13972 13973 
4726 3124 6042 6043 3186 13974 13972 13975 6654 
4727 3091 3186 6043 3320 6653 13975 13970 6948 
4728 2645 6044 6045 5795 13976 13977 13978 13279 
4729 2774 5795 6045 5946 13278 13978 13979 13706 
4730 2691 5946 6045 5803 13705 13979 13980 13298 
4731 2498 5803 6045 6044 13297 13980 13977 13981 
4732 2498 6044 6047 5950 13981 13982 13983 13716 
4733 2331 5950 6047 4990 13715 13983 13984 11090 
4734 2523 4990 6047 6046 11089 13984 13985 13986 
4735 2645 6046 6047 6044 13987 13985 13982 13976 
4736 2491 5818 6051 6048 13337 13988 13989 13990 
4737 36 6048 6051 6049 13991 13989 13992 13993 
4738 2490 6049 6051 6050 13994 13992 13995 13996 
4739 2497 6050 6051 5818 13997 13995 13988 13330 
4740 3020 3237 6054 6052 6769 13998 13999 14000 
4741 3100 6052 6054 3665 14001 13999 14002 7746 
4742 3079 3665 6054 6053 7745 14002 14003 14004 
4743 3081 6053 6054 3237 14005 14003 13998 6770 
4744 2563 3844 6055 5893 8159 14006 14007 13550 
4745 2732 5893 6055 3206 13549 14007 14008 6699 
4746 2497 3206 6055 6050 6698 14008 14009 13997 
4747 2490 6050 6055 3844 13996 14009 14006 8151 
4748 2772 6057 6058 6056 14010 14011 14012 14013 
4749 2423 6056 6058 4054 14014 14012 14015 8643 
4750 1479 4054 6058 4059 8642 14015 14016 8654 
4751 2348 4059 6058 6057 8653 14016 14011 14017 
4752 2652 3848 6061 6059 8168 14018 14019 14020 
4753 2730 6059 6061 6060 14021 14019 14022 14023 
4754 2571 6060 6061 5229 14024 14022 14025 11736 
4755 2392 5229 6061 3848 11735 14025 14018 8160 
4756 2987 5647 6062 3222 12871 14026 14027 6726 
4757 3051 3222 6062 3245 6734 14027 14028 6788 
4758 3046 3245 6062 3415 6787 14028 14029 7174 
4759 2945 3415 6062 5647 7173 14029 14026 12872 
4760 2895 6065 6066 6063 14030 14031 14032 14033 
4761 2946 6063 6066 6064 14034 14032 14035 14036 
4762 2962 6064 6066 5525 14037 14035 14038 12533 
4763 2937 5525 6066 6065 12532 14038 14031 14039 
4764 2437 3588 6067 5745 7571 14040 14041 13145 
4765 2367 5745 6067 3618 13144 14041 14042 7639 
4766 2505 3618 6067 3638 7638 14042 14043 7684 
4767 2660 3638 6067 3588 7683 14043 14040 7572 
4768 2914 4015 6069 6068 8547 14044 14045 14046 
4769 2938 6068 6069 3649 14047 14045 14048 7709 
4770 2363 3649 6069 4013 7708 14048 14049 8543 
4771 1377 4013 6069 4015 8542 14049 14044 8548 
4772 2435 3152 6070 3308 6576 14050 14051 6921 
4773 2600 3308 6070 3835 6929 14051 14052 8140 
4774 2463 3835 6070 5305 8139 14052 14053 11930 
4775 2524 5305 6070 3152 11929 14053 14050 6577 
4776 2567 6073 6074 6071 14054 14055 14056 14057 
4777 2365 6071 6074 6072 14058 14056 14059 14060 
4778 46 6072 6074 47 14061 14059 14062 140 
4779 48 47 6074 6073 141 14062 14055 14063 
4780 2946 3422 6076 6063 7188 14064 14065 14034 
4781 2895 6063 6076 6075 14033 14065 14066 14067 
4782 2850 6075 6076 5680 14068 14066 14069 12963 
4783 2897 5680 6076 3422 12962 14069 14064 7189 
4784 2863 4078 6078 6077 8699 14070 14071 14072 
4785 2888 6077 6078 3954 14073 14071 14074 8407 
4786 2390 3954 6078 4073 8406 14074 14075 8689 
4787 1451 4073 6078 4078 8688 14075 14070 8700 
4788 2355 5930 6082 6079 13662 14076 14077 14078 
4789 2698 6079 6082 6080 14079 14077 14080 14081 
4790 2827 6080 6082 6081 14082 14080 14083 14084 
4791 2829 6081 6082 5930 14085 14083 14076 13663 
4792 2669 3864 6084 3972 8204 14086 14087 8439 
4793 2731 3972 6084 6083 8447 14087 14088 14089 
4794 2594 6083 6084 5345 14090 14088 14091 12034 
4795 2349 5345 6084 3864 12033 14091 14086 8196 
4796 38 37 6085 5999 131 14092 14093 13855 
4797 2342 5999 6085 3842 13854 14093 14094 8155 
4798 2490 3842 6085 6049 8154 14094 14095 13994 
4799 36 6049 6085 37 13993 14095 14092 130 
4800 2652 6087 6088 3847 14096 14097 14098 8167 
4801 2511 3847 6088 5464 8166 14098 14099 12351 
4802 2485 5464 6088 6086 12350 14099 14100 14101 
4803 2613 6086 6088 6087 14102 14100 14097 14103 
4804 2730 6091 6092 6089 14104 14105 14106 14107 
4805 2754 6089 6092 6010 14108 14106 14109 13882 
4806 2700 6010 6092 6090 13887 14109 14110 14111 
4807 2608 6090 6092 6091 14112 14110 14105 14113 
4808 2715 5972 6093 5139 13781 14114 14115 11493 
4809 2630 5139 6093 5686 11492 14115 14116 12980 
4810 2663 5686 6093 5723 12979 14116 14117 13085 
4811 2502 5723 6093 5972 13084 14117 14114 13782 
4812 2569 6026 6096 6094 13931 14118 14119 14120 
4813 2365 6094 6096 6095 14121 14119 14122 14123 
4814 2615 6095 6096 3630 14124 14122 14125 7666 
4815 2657 3630 6096 6026 7665 14125 14118 13926 
4816 1083 3473 6098 1082 7304 14126 14127 1828 
4817 1081 1082 6098 3721 1827 14127 14128 7869 
4818 2335 3721 6098 6097 7875 14128 14129 14130 
4819 3092 6097 6098 3473 14131 14129 14126 7305 
4820 2314 3830 6099 5284 8127 14132 14133 11866 
4821 855 5284 6099 854 11875 14133 14134 1600 
4822 853 854 6099 3477 1599 14134 14135 7307 
4823 2521 3477 6099 3830 7313 14135 14132 8128 
4824 2819 5765 6100 3456 13199 14136 14137 7257 
4825 2860 3456 6100 3448 7265 14137 14138 7239 
4826 2889 3448 6100 5119 7247 14138 14139 11432 
4827 2846 5119 6100 5765 11441 14139 14136 13192 
4828 971 3479 6101 970 7318 14140 14141 1716 
4829 969 970 6101 3703 1715 14141 14142 7827 
4830 2308 3703 6101 3277 7833 14142 14143 6851 
4831 2989 3277 6101 3479 6859 14143 14140 7319 
4832 740 3233 6102 739 6760 14144 14145 775 
4833 8 739 6102 1554 774 14145 14146 2300 
4834 1553 1554 6102 3269 2299 14146 14147 6835 
4835 2436 3269 6102 3233 6841 14147 14144 6761 
4836 891 3492 6105 890 7348 14148 14149 1636 
4837 889 890 6105 6103 1635 14149 14150 14151 
4838 2301 6103 6105 6104 14152 14150 14153 14154 
4839 2752 6104 6105 3492 14155 14153 14148 7349 
4840 2400 6033 6106 4189 13949 14156 14157 8969 
4841 901 4189 6106 900 8968 14157 14158 1646 
4842 899 900 6106 3483 1645 14158 14159 7321 
4843 2753 3483 6106 6033 7327 14159 14156 13940 
4844 3098 3194 6107 3672 6671 14160 14161 7762 
4845 1237 3672 6107 1236 7761 14161 14162 1982 
4846 1235 1236 6107 3496 1981 14162 14163 7351 
4847 3108 3496 6107 3194 7357 14163 14160 6672 
4848 3005 6108 6109 5442 14164 14165 14166 12282 
4849 999 5442 6109 998 12289 14166 14167 1744 
4850 997 998 6109 3508 1743 14167 14168 7379 
4851 3012 3508 6109 6108 7385 14168 14165 14169 
4852 2316 6110 6111 5300 14170 14171 14172 11908 
4853 825 5300 6111 824 11917 14172 14173 1570 
4854 823 824 6111 3517 1569 14173 14174 7400 
4855 2518 3517 6111 6110 7406 14174 14171 14175 
4856 2353 6112 6113 5308 14176 14177 14178 11932 
4857 841 5308 6113 840 11939 14178 14179 1586 
4858 839 840 6113 3520 1585 14179 14180 7407 
4859 2517 3520 6113 6112 7413 14180 14177 14181 
4860 1509 3522 6115 1508 7418 14182 14183 2254 
4861 1507 1508 6115 5439 2253 14183 14184 12281 
4862 2771 5439 6115 6114 12280 14184 14185 14186 
4863 2787 6114 6115 3522 14187 14185 14182 7419 
4864 2344 6116 6117 5314 14188 14189 14190 11946 
4865 873 5314 6117 872 11955 14190 14191 1618 
4866 871 872 6117 3526 1617 14191 14192 7421 
4867 2516 3526 6117 6116 7427 14192 14189 14193 
4868 985 3544 6118 984 7469 14194 14195 1730 
4869 983 984 6118 3676 1729 14195 14196 7764 
4870 2377 3676 6118 5621 7770 14196 14197 12794 
4871 3055 5621 6118 3544 12801 14197 14194 7470 
4872 2301 3914 6119 6103 8316 14198 14199 14152 
4873 889 6103 6119 888 14151 14199 14200 1634 
4874 887 888 6119 3548 1633 14200 14201 7472 
4875 2515 3548 6119 3914 7478 14201 14198 8317 
4876 3106 6120 6121 3750 14202 14203 14204 7944 
4877 1217 3750 6121 1216 7943 14204 14205 1962 
4878 1215 1216 6121 3499 1961 14205 14206 7358 
4879 3109 3499 6121 6120 7364 14206 14203 14207 
4880 911 3501 6123 910 7369 14208 14209 1656 
4881 909 910 6123 3754 1655 14209 14210 7946 
4882 2340 3754 6123 6122 7952 14210 14211 14212 
4883 2872 6122 6123 3501 14213 14211 14208 7370 
4884 2989 5660 6125 3276 12907 14214 14215 6858 
4885 2942 3276 6125 3199 6857 14215 14216 6674 
4886 2991 3199 6125 6124 6682 14216 14217 14218 
4887 2982 6124 6125 5660 14219 14217 14214 12908 
4888 2375 5775 6127 6126 13225 14220 14221 14222 
4889 1201 6126 6127 1200 14223 14221 14224 1946 
4890 1199 1200 6127 3505 1945 14224 14225 7372 
4891 3056 3505 6127 5775 7378 14225 14220 13216 
4892 2977 6130 6131 6128 14226 14227 14228 14229 
4893 3015 6128 6131 6129 14230 14228 14231 14232 
4894 3032 6129 6131 5441 14233 14231 14234 12286 
4895 3005 5441 6131 6130 12285 14234 14227 14235 
4896 2416 5820 6132 5608 13343 14236 14237 12758 
4897 835 5608 6132 834 12763 14237 14238 1580 
4898 833 834 6132 3511 1579 14238 14239 7386 
4899 2519 3511 6132 5820 7392 14239 14236 13344 
4900 1039 3513 6134 1038 7397 14240 14241 1784 
4901 1037 1038 6134 5612 1783 14241 14242 12775 
4902 2334 5612 6134 6133 12774 14242 14243 14244 
4903 3075 6133 6134 3513 14245 14243 14240 7398 
4904 951 3578 6135 950 7548 14246 14247 1696 
4905 949 950 6135 3733 1695 14247 14248 7897 
4906 2329 3733 6135 3177 7903 14248 14249 6633 
4907 2970 3177 6135 3578 6632 14249 14246 7549 
4908 2373 6136 6137 5527 14250 14251 14252 12536 
4909 1431 5527 6137 1430 12541 14252 14253 2176 
4910 1429 1430 6137 3582 2175 14253 14254 7551 
4911 2822 3582 6137 6136 7557 14254 14251 14255 
4912 929 3538 6139 928 7455 14256 14257 1674 
4913 927 928 6139 3794 1673 14257 14258 8039 
4914 2309 3794 6139 6138 8045 14258 14259 14260 
4915 2947 6138 6139 3538 14261 14259 14256 7456 
4916 2891 6140 6141 5287 14262 14263 14264 11876 
4917 1437 5287 6141 1436 11883 14264 14265 2182 
4918 1435 1436 6141 3536 2181 14265 14266 7444 
4919 2899 3536 6141 6140 7450 14266 14263 14267 
4920 1485 3565 6143 1484 7518 14268 14269 2230 
4921 1483 1484 6143 4057 2229 14269 14270 8648 
4922 2423 4057 6143 6142 8647 14270 14271 14272 
4923 2520 6142 6143 3565 14273 14271 14268 7519 
4924 1029 3584 6145 1028 7562 14274 14275 1774 
4925 1027 1028 6145 3745 1773 14275 14276 7925 
4926 2376 3745 6145 6144 7931 14276 14277 14278 
4927 3036 6144 6145 3584 14279 14277 14274 7563 
4928 2313 3826 6146 5216 8118 14280 14281 11694 
4929 573 5216 6146 572 11703 14281 14282 722 
4930 571 572 6146 3533 721 14282 14283 7437 
4931 2514 3533 6146 3826 7443 14283 14280 8119 
4932 2310 5587 6147 5223 12705 14284 14285 11712 
4933 511 5223 6147 510 11721 14285 14286 660 
4934 509 510 6147 3542 659 14286 14287 7458 
4935 2513 3542 6147 5587 7464 14287 14284 12694 
4936 2311 3822 6148 5243 8109 14288 14289 11762 
4937 487 5243 6148 486 11771 14289 14290 636 
4938 485 486 6148 3554 635 14290 14291 7486 
4939 2512 3554 6148 3822 7492 14291 14288 8110 
4940 1203 3575 6150 1202 7541 14292 14293 1948 
4941 1201 1202 6150 6126 1947 14293 14294 14223 
4942 2375 6126 6150 6149 14222 14294 14295 14296 
4943 3107 6149 6150 3575 14297 14295 14292 7542 
4944 1169 3568 6151 1168 7525 14298 14299 1914 
4945 1167 1168 6151 3797 1913 14299 14300 8046 
4946 2332 3797 6151 3918 8052 14300 14301 8326 
4947 3128 3918 6151 3568 8325 14301 14298 7526 
4948 2392 3846 6152 5231 8163 14302 14303 11732 
4949 521 5231 6152 520 11741 14303 14304 670 
4950 519 520 6152 3551 669 14304 14305 7479 
4951 2511 3551 6152 3846 7485 14305 14302 8164 
4952 2397 6153 6154 5251 14306 14307 14308 11782 
4953 583 5251 6154 582 11791 14308 14309 732 
4954 581 582 6154 3557 731 14309 14310 7493 
4955 2510 3557 6154 6153 7499 14310 14307 14311 
4956 2389 3818 6155 5266 8100 14312 14313 11820 
4957 551 5266 6155 550 11829 14313 14314 700 
4958 549 550 6155 3560 699 14314 14315 7500 
4959 2509 3560 6155 3818 7506 14315 14312 8101 
4960 2371 6156 6157 5259 14316 14317 14318 11802 
4961 501 5259 6157 500 11811 14318 14319 650 
4962 499 500 6157 3563 649 14319 14320 7507 
4963 2508 3563 6157 6156 7513 14320 14317 14321 
4964 2585 5497 6160 6158 12451 14322 14323 14324 
4965 2723 6158 6160 6159 14325 14323 14326 14327 
4966 2638 6159 6160 3879 14328 14326 14329 8239 
4967 2475 3879 6160 5497 8238 14329 14322 12452 
4968 2596 5616 6163 6161 12785 14330 14331 14332 
4969 2731 6161 6163 6162 14333 14331 14334 14335 
4970 2603 6162 6163 3855 14336 14334 14337 8185 
4971 2415 3855 6163 5616 8184 14337 14330 12786 
4972 3040 3292 6166 6164 6893 14338 14339 14340 
4973 3028 6164 6166 6165 14341 14339 14342 14343 
4974 3002 6165 6166 5882 14344 14342 14345 13516 
4975 3022 5882 6166 3292 13515 14345 14338 6885 
4976 2564 5704 6167 5317 13031 14346 14347 11964 
4977 2659 5317 6167 5846 11963 14347 14348 13402 
4978 2504 5846 6167 5957 13409 14348 14349 13739 
4979 2385 5957 6167 5704 13738 14349 14346 13032 
4980 3051 3264 6169 3221 6829 14350 14351 6733 
4981 3035 3221 6169 6168 6732 14351 14352 14353 
4982 3075 6168 6169 6133 14354 14352 14355 14245 
4983 2334 6133 6169 3264 14244 14355 14350 6830 
4984 2517 6112 6171 3386 14181 14356 14357 7098 
4985 2736 3386 6171 6170 7106 14357 14358 14359 
4986 2632 6170 6171 3867 14360 14358 14361 8212 
4987 2353 3867 6171 6112 8211 14361 14356 14176 
4988 2610 5387 6172 5749 12142 14362 14363 13148 
4989 2327 5749 6172 5051 13157 14363 14364 11256 
4990 2556 5051 6172 3324 11255 14364 14365 6957 
4991 2634 3324 6172 5387 6965 14365 14362 12143 
4992 3130 6176 6177 6173 14366 14367 14368 14369 
4993 3131 6173 6177 6174 14370 14368 14371 14372 
4994 3041 6174 6177 6175 14373 14371 14374 14375 
4995 3111 6175 6177 6176 14376 14374 14367 14377 
4996 2595 5623 6180 6178 12805 14378 14379 14380 
4997 2722 6178 6180 3963 14381 14379 14382 8428 
4998 2602 3963 6180 6179 8427 14382 14383 14384 
4999 2432 6179 6180 5623 14385 14383 14378 12806 
5000 2573 5451 6182 6181 12313 14386 14387 14388 
5001 2721 6181 6182 3967 14389 14387 14390 8437 
5002 2617 3967 6182 3859 8436 14390 14391 8194 
5003 2419 3859 6182 5451 8193 14391 14386 12314 
5004 2464 5416 6183 3840 12218 14392 14393 8142 
5005 2562 3840 6183 5796 8150 14393 14394 13282 
5006 2645 5796 6183 6046 13281 14394 14395 13987 
5007 2523 6046 6183 5416 13986 14395 14392 12219 
5008 3052 3528 6185 6184 7431 14396 14397 14398 
5009 2923 6184 6185 3608 14399 14397 14400 7608 
5010 3123 3608 6185 5872 7616 14400 14401 13484 
5011 3072 5872 6185 3528 13483 14401 14396 7432 
5012 2445 3654 6187 5329 7720 14402 14403 11982 
5013 2637 5329 6187 6186 11993 14403 14404 14405 
5014 2567 6186 6187 6073 14406 14404 14407 14054 
5015 48 6073 6187 3654 14063 14407 14402 7714 
5016 2584 5487 6189 6188 12423 14408 14409 14410 
5017 2730 6188 6189 6091 14411 14409 14412 14104 
5018 2608 6091 6189 3875 14113 14412 14413 8230 
5019 2361 3875 6189 5487 8229 14413 14408 12424 
5020 2604 3434 6191 6190 7215 14414 14415 14416 
5021 2559 6190 6191 5991 14417 14415 14418 13832 
5022 2315 5991 6191 3471 13831 14418 14419 7291 
5023 2495 3471 6191 3434 7299 14419 14414 7216 
5024 2359 6021 6193 3668 13914 14420 14421 7752 
5025 2566 3668 6193 6192 7751 14421 14422 14423 
5026 64 6192 6193 65 14424 14422 14425 158 
5027 66 65 6193 6021 159 14425 14420 13915 
5028 2817 5887 6195 5411 13532 14426 14427 12207 
5029 2834 5411 6195 5044 12206 14427 14428 11239 
5030 2858 5044 6195 6194 11238 14428 14429 14430 
5031 2845 6194 6195 5887 14431 14429 14426 13533 
5032 2566 6192 6197 5655 14423 14432 14433 12893 
5033 2410 5655 6197 6196 12892 14433 14434 14435 
5034 62 6196 6197 63 14436 14434 14437 156 
5035 64 63 6197 6192 157 14437 14432 14424 
5036 3088 6199 6200 3627 14438 14439 14440 7660 
5037 2943 3627 6200 4979 7659 14440 14441 11052 
5038 2894 4979 6200 6198 11061 14441 14442 14443 
5039 2948 6198 6200 6199 14444 14442 14439 14445 
5040 2366 5771 6201 5326 13214 14446 14447 11986 
5041 2445 5326 6201 3653 11985 14447 14448 7719 
5042 50 3653 6201 51 7718 14448 14449 144 
5043 52 51 6201 5771 145 14449 14446 13215 
5044 2711 5154 6202 5149 11533 14450 14451 11523 
5045 2494 5149 6202 5920 11522 14451 14452 13620 
5046 2664 5920 6202 5715 13629 14452 14453 13064 
5047 2680 5715 6202 5154 13063 14453 14450 11534 
5048 2322 6203 6204 3997 14454 14455 14456 8506 
5049 1329 3997 6204 3772 8505 14456 14457 7988 
5050 3096 3772 6204 3978 7994 14457 14458 8461 
5051 3104 3978 6204 6203 8460 14458 14455 14459 
5052 2442 3661 6205 5743 7736 14460 14461 13140 
5053 2552 5743 6205 5913 13139 14461 14462 13609 
5054 2633 5913 6205 5973 13608 14462 14463 13776 
5055 2502 5973 6205 3661 13783 14463 14460 7737 
5056 2617 6208 6209 3966 14464 14465 14466 8434 
5057 2694 3966 6209 6206 8433 14466 14467 14468 
5058 2666 6206 6209 6207 14469 14467 14470 14471 
5059 2579 6207 6209 6208 14472 14470 14465 14473 
5060 2948 6199 6210 3440 14445 14474 14475 7221 
5061 3028 3440 6210 6164 7229 14475 14476 14341 
5062 3040 6164 6210 3596 14340 14476 14477 7581 
5063 3088 3596 6210 6199 7589 14477 14474 14438 
5064 1137 3224 6212 1136 6739 14478 14479 1882 
5065 1135 1136 6212 3803 1881 14479 14480 8060 
5066 2387 3803 6212 6211 8066 14480 14481 14482 
5067 3087 6211 6212 3224 14483 14481 14478 6740 
5068 1313 3230 6213 1312 6753 14484 14485 2058 
5069 1311 1312 6213 3778 2057 14485 14486 8002 
5070 2393 3778 6213 3922 8008 14486 14487 8335 
5071 3112 3922 6213 3230 8334 14487 14484 6754 
5072 2621 5654 6215 5380 12888 14488 14489 12125 
5073 2729 5380 6215 6214 12124 14489 14490 14491 
5074 2656 6214 6215 3191 14492 14490 14493 6656 
5075 2674 3191 6215 5654 6664 14493 14488 12889 
5076 2603 6218 6219 6216 14494 14495 14496 14497 
5077 2688 6216 6219 3958 14498 14496 14499 8416 
5078 2655 3958 6219 6217 8415 14499 14500 14501 
5079 2591 6217 6219 6218 14502 14500 14495 14503 
5080 2614 3926 6221 5162 8343 14504 14505 11550 
5081 2379 5162 6221 5517 11557 14505 14506 12510 
5082 2520 5517 6221 6220 12509 14506 14507 14508 
5083 2687 6220 6221 3926 14509 14507 14504 8344 
5084 2441 3280 6222 5676 6866 14510 14511 12954 
5085 2324 5676 6222 6040 12953 14511 14512 13967 
5086 2692 6040 6222 5550 13966 14512 14513 12605 
5087 2755 5550 6222 3280 12604 14513 14510 6867 
5088 3026 6223 6224 5620 14514 14515 14516 12799 
5089 2991 5620 6224 3198 12798 14516 14517 6681 
5090 2897 3198 6224 5651 6680 14517 14518 12884 
5091 2945 5651 6224 6223 12883 14518 14515 14519 
5092 3131 4112 6225 6173 8781 14520 14521 14370 
5093 3130 6173 6225 3919 14369 14521 14522 8329 
5094 2332 3919 6225 3796 8328 14522 14523 8051 
5095 1165 3796 6225 4112 8050 14523 14520 8782 
5096 2335 6097 6228 6226 14130 14524 14525 14526 
5097 3093 6226 6228 6227 14527 14525 14528 14529 
5098 3062 6227 6228 3250 14530 14528 14531 6790 
5099 3092 3250 6228 6097 6798 14531 14524 14131 
5100 3078 5553 6229 5641 12613 14532 14533 12856 
5101 3104 5641 6229 3980 12855 14533 14534 8457 
5102 3115 3980 6229 3326 8465 14534 14535 6970 
5103 3103 3326 6229 5553 6969 14535 14532 12614 
5104 2553 5316 6230 5693 11959 14536 14537 13000 
5105 2600 5693 6230 3307 12999 14537 14538 6928 
5106 2550 3307 6230 4718 6927 14538 14539 10350 
5107 2424 4718 6230 5316 10349 14539 14536 11960 
5108 2350 6012 6231 5908 13890 14540 14541 13594 
5109 1319 5908 6231 1318 13593 14541 14542 2064 
5110 1317 1318 6231 5384 2063 14542 14543 12135 
5111 3102 5384 6231 6012 12134 14543 14540 13891 
5112 3034 3319 6232 3368 6954 14544 14545 7057 
5113 3059 3368 6232 3420 7065 14545 14546 7176 
5114 3125 3420 6232 6023 7184 14546 14547 13922 
5115 3097 6023 6232 3319 13921 14547 14544 6955 
5116 2733 3428 6233 3639 7202 14548 14549 7687 
5117 2505 3639 6233 5185 7686 14549 14550 11623 
5118 2635 5185 6233 5190 11622 14550 14551 11637 
5119 2406 5190 6233 3428 11636 14551 14548 7194 
5120 2326 6235 6236 6234 14552 14553 14554 14555 
5121 1391 6234 6236 1390 14556 14554 14557 2136 
5122 1389 1390 6236 3228 2135 14557 14558 6742 
5123 2922 3228 6236 6235 6748 14558 14553 14559 
5124 3107 3623 6237 6149 7650 14560 14561 14297 
5125 2375 6149 6237 5774 14296 14561 14562 13224 
5126 3085 5774 6237 3300 13223 14562 14563 6903 
5127 3110 3300 6237 3623 6911 14563 14560 7651 
5128 2787 6239 6240 6114 14564 14565 14566 14187 
5129 2771 6114 6240 6238 14186 14566 14567 14568 
5130 2827 6238 6240 3335 14569 14567 14570 6991 
5131 2690 3335 6240 6239 6990 14570 14565 14571 
5132 2972 5595 6241 5985 12726 14572 14573 13815 
5133 2323 5985 6241 3705 13814 14573 14574 7839 
5134 1361 3705 6241 1360 7838 14574 14575 2106 
5135 1359 1360 6241 5595 2105 14575 14572 12727 
5136 2396 5126 6242 4091 11459 14576 14577 8731 
5137 1241 4091 6242 1240 8730 14577 14578 1986 
5138 1239 1240 6242 3673 1985 14578 14579 7757 
5139 3098 3673 6242 5126 7763 14579 14576 11450 
5140 2388 6243 6244 3173 14580 14581 14582 6624 
5141 2480 3173 6244 3699 6623 14582 14583 7825 
5142 451 3699 6244 450 7824 14583 14584 600 
5143 449 450 6244 6243 599 14584 14581 14585 
5144 1127 1128 6246 4093 1873 14586 14587 8736 
5145 2338 4093 6246 6245 8735 14587 14588 14589 
5146 3113 6245 6246 5711 14590 14588 14591 13042 
5147 1129 5711 6246 1128 13051 14591 14586 1874 
5148 3048 5582 6247 5359 12692 14592 14593 12062 
5149 2330 5359 6247 3787 12071 14593 14594 8030 
5150 991 3787 6247 990 8029 14594 14595 1736 
5151 989 990 6247 5582 1735 14595 14592 12693 
5152 2391 3350 6248 4174 7024 14596 14597 8933 
5153 959 4174 6248 958 8932 14597 14598 1704 
5154 957 958 6248 3739 1703 14598 14599 7911 
5155 2960 3739 6248 3350 7917 14599 14596 7025 
5156 1401 1402 6249 3730 2147 14600 14601 7890 
5157 2911 3730 6249 6016 7896 14601 14602 13903 
5158 2935 6016 6249 3790 13902 14602 14603 8037 
5159 1403 3790 6249 1402 8036 14603 14600 2148 
5160 3004 5363 6250 3202 12080 14604 14605 6690 
5161 2377 3202 6250 3675 6689 14605 14606 7769 
5162 981 3675 6250 980 7768 14606 14607 1726 
5163 979 980 6250 5363 1725 14607 14604 12081 
5164 2480 3700 6251 5691 7826 14608 14609 12995 
5165 2360 5691 6251 3684 12994 14609 14610 7790 
5166 455 3684 6251 454 7789 14610 14611 604 
5167 453 454 6251 3700 603 14611 14608 7820 
5168 1295 1296 6253 3812 2041 14612 14613 8081 
5169 3061 3812 6253 6252 8087 14613 14614 14615 
5170 3072 6252 6253 5873 14616 14614 14617 13480 
5171 1297 5873 6253 1296 13487 14617 14612 2042 
5172 1345 1346 6254 4030 2091 14618 14619 8584 
5173 2395 4030 6254 3902 8583 14619 14620 8290 
5174 3067 3902 6254 5164 8289 14620 14621 11561 
5175 1347 5164 6254 1346 11560 14621 14618 2092 
5176 2360 3685 6255 3169 7791 14622 14623 6615 
5177 2474 3169 6255 3711 6614 14623 14624 7853 
5178 459 3711 6255 458 7852 14624 14625 608 
5179 457 458 6255 3685 607 14625 14622 7785 
5180 2474 3712 6256 5967 7854 14626 14627 13756 
5181 2484 5967 6256 3687 13765 14627 14628 7797 
5182 463 3687 6256 462 7796 14628 14629 612 
5183 461 462 6256 3712 611 14629 14626 7848 
5184 2859 5575 6257 5839 12670 14630 14631 13382 
5185 2404 5839 6257 4191 13391 14631 14632 8975 
5186 917 4191 6257 916 8974 14632 14633 1662 
5187 915 916 6257 5575 1661 14633 14630 12671 
5188 3093 3164 6258 6226 6603 14634 14635 14527 
5189 2335 6226 6258 3720 14526 14635 14636 7874 
5190 1079 3720 6258 1078 7873 14636 14637 1824 
5191 1077 1078 6258 3164 1823 14637 14634 6597 
5192 2484 3688 6260 6259 7798 14638 14639 14640 
5193 2339 6259 6260 3693 14641 14639 14642 7811 
5194 467 3693 6260 466 7810 14642 14643 616 
5195 465 466 6260 3688 615 14643 14638 7792 
5196 2370 5275 6261 4166 11853 14644 14645 8913 
5197 1113 4166 6261 1112 8912 14645 14646 1858 
5198 1111 1112 6261 3709 1857 14646 14647 7841 
5199 3114 3709 6261 5275 7847 14647 14644 11854 
5200 2402 5064 6262 4052 11291 14648 14649 8637 
5201 1091 4052 6262 1090 8636 14649 14650 1836 
5202 1089 1090 6262 3809 1835 14650 14651 8074 
5203 3083 3809 6262 5064 8080 14651 14648 11282 
5204 1287 1288 6264 4145 2033 14652 14653 8862 
5205 2343 4145 6264 6263 8861 14653 14654 14655 
5206 3074 6263 6264 5427 14656 14654 14657 12240 
5207 1289 5427 6264 1288 12249 14657 14652 2034 
5208 1181 1182 6266 4108 1927 14658 14659 8772 
5209 2399 4108 6266 6265 8771 14659 14660 14661 
5210 3116 6265 6266 5171 14662 14660 14663 11579 
5211 1183 5171 6266 1182 11578 14663 14658 1928 
5212 939 940 6268 3691 1685 14664 14665 7799 
5213 2958 3691 6268 6267 7805 14665 14666 14667 
5214 2398 6267 6268 4179 14668 14666 14669 8945 
5215 941 4179 6268 940 8944 14669 14664 1686 
5216 2698 3167 6269 6079 6610 14670 14671 14079 
5217 2355 6079 6269 3805 14078 14671 14672 8072 
5218 1497 3805 6269 1496 8071 14672 14673 2242 
5219 1495 1496 6269 3167 2241 14673 14670 6604 
5220 1159 1160 6271 4117 1905 14674 14675 8794 
5221 2378 4117 6271 6270 8793 14675 14676 14677 
5222 3131 6270 6271 4115 14678 14676 14679 8789 
5223 1161 4115 6271 1160 8788 14679 14674 1906 
5224 2378 6272 6273 4120 14680 14681 14682 8801 
5225 1155 4120 6273 1154 8800 14682 14683 1900 
5226 1153 1154 6273 3800 1899 14683 14684 8053 
5227 3063 3800 6273 6272 8059 14684 14681 14685 
5228 1543 1544 6275 4140 2289 14686 14687 8850 
5229 2433 4140 6275 6274 8849 14687 14688 14689 
5230 2411 6274 6275 3774 14690 14688 14691 8000 
5231 1545 3774 6275 1544 7999 14691 14686 2290 
5232 1547 1548 6277 3775 2293 14692 14693 7995 
5233 2411 3775 6277 6276 8001 14693 14694 14695 
5234 2487 6276 6277 6028 14696 14694 14697 13936 
5235 1549 6028 6277 1548 13935 14697 14692 2294 
5236 1523 3714 6279 1522 7859 14698 14699 2268 
5237 1521 1522 6279 5851 2267 14699 14700 13423 
5238 2673 5851 6279 6278 13422 14700 14701 14702 
5239 2382 6278 6279 3714 14703 14701 14698 7860 
5240 1455 1456 6280 4076 2201 14704 14705 8694 
5241 2390 4076 6280 3956 8693 14705 14706 8403 
5242 2913 3956 6280 5167 8411 14706 14707 11569 
5243 1457 5167 6280 1456 11568 14707 14704 2202 
5244 3090 5710 6282 6281 13048 14708 14709 14710 
5245 2387 6281 6282 3802 14711 14709 14712 8065 
5246 1133 3802 6282 1132 8064 14712 14713 1878 
5247 1131 1132 6282 5710 1877 14713 14708 13049 
5248 2376 6283 6284 3744 14714 14715 14716 7930 
5249 1025 3744 6284 1024 7929 14716 14717 1770 
5250 1023 1024 6284 3769 1769 14717 14718 7981 
5251 3030 3769 6284 6283 7987 14718 14715 14719 
5252 2401 6285 6286 4071 14720 14721 14722 8683 
5253 1047 4071 6286 1046 8682 14722 14723 1792 
5254 1045 1046 6286 3742 1791 14723 14724 7918 
5255 3066 3742 6286 6285 7924 14724 14721 14725 
5256 744 745 6290 6287 780 14726 14727 14728 
5257 2434 6287 6290 6288 14729 14727 14730 14731 
5258 2461 6288 6290 6289 14732 14730 14733 14734 
5259 746 6289 6290 745 14735 14733 14726 781 
5260 742 743 6292 3234 778 14736 14737 6756 
5261 2436 3234 6292 6291 6762 14737 14738 14739 
5262 2434 6291 6292 6287 14740 14738 14741 14729 
5263 744 6287 6292 743 14728 14741 14736 779 
5264 1537 1538 6293 4035 2283 14742 14743 8596 
5265 2368 4035 6293 5834 8595 14743 14744 13379 
5266 2433 5834 6293 4143 13378 14744 14745 8857 
5267 1539 4143 6293 1538 8856 14745 14742 2284 
5268 2486 4040 6294 3132 8607 14746 14747 6531 
5269 2368 3132 6294 4038 6530 14747 14748 8603 
5270 1533 4038 6294 1532 8602 14748 14749 2278 
5271 1531 1532 6294 4040 2277 14749 14746 8608 
5272 2959 3651 6295 3209 7713 14750 14751 6706 
5273 1383 3209 6295 1382 6705 14751 14752 2128 
5274 1381 1382 6295 4010 2127 14752 14753 8536 
5275 2363 4010 6295 3651 8535 14753 14750 7705 
5276 447 448 6296 3682 597 14754 14755 7778 
5277 2430 3682 6296 5778 7784 14755 14756 13226 
5278 2388 5778 6296 6243 13233 14756 14757 14580 
5279 449 6243 6296 448 14585 14757 14754 598 
5280 2696 6297 6298 3287 14758 14759 14760 6883 
5281 1517 3287 6298 1516 6882 14760 14761 2262 
5282 1515 1516 6298 3766 2261 14761 14762 7974 
5283 2354 3766 6298 6297 7980 14762 14759 14763 
5284 2799 5634 6300 6299 12836 14764 14765 14766 
5285 2832 6299 6300 3726 14767 14765 14768 7888 
5286 1471 3726 6300 1470 7887 14768 14769 2216 
5287 1469 1470 6300 5634 2215 14769 14764 12837 
5288 2382 3715 6302 6301 7861 14770 14771 14772 
5289 2486 6301 6302 4043 14773 14771 14774 8615 
5290 1527 4043 6302 1526 8614 14774 14775 2272 
5291 1525 1526 6302 3715 2271 14775 14770 7855 
5292 879 880 6303 3748 1625 14776 14777 7932 
5293 2469 3748 6303 5080 7938 14777 14778 11336 
5294 2418 5080 6303 3759 11335 14778 14779 7965 
5295 881 3759 6303 880 7964 14779 14776 1626 
5296 1443 1444 6305 3736 2189 14780 14781 7904 
5297 2346 3736 6305 6304 7910 14781 14782 14783 
5298 2883 6304 6305 5302 14784 14782 14785 11921 
5299 1445 5302 6305 1444 11920 14785 14780 2190 
5300 3069 3595 6306 5124 7587 14786 14787 11455 
5301 3084 5124 6306 6001 11454 14787 14788 13860 
5302 2969 6001 6306 3628 13859 14788 14789 7653 
5303 3088 3628 6306 3595 7661 14789 14786 7588 
5304 2752 6307 6308 6104 14790 14791 14792 14155 
5305 2301 6104 6308 3916 14154 14792 14793 8313 
5306 2611 3916 6308 3312 8321 14793 14794 6930 
5307 2750 3312 6308 6307 6938 14794 14791 14795 
5308 2916 5520 6310 3615 12519 14796 14797 7633 
5309 2900 3615 6310 6309 7632 14797 14798 14799 
5310 2883 6309 6310 6304 14800 14798 14801 14784 
5311 2346 6304 6310 5520 14783 14801 14796 12520 
5312 2777 3379 6311 5150 7090 14802 14803 11526 
5313 2711 5150 6311 5153 11525 14803 14804 11531 
5314 2746 5153 6311 5737 11530 14804 14805 13118 
5315 2757 5737 6311 3379 13125 14805 14802 7082 
5316 2772 6312 6313 5937 14806 14807 14808 13683 
5317 2805 5937 6313 5860 13682 14808 14809 13449 
5318 2764 5860 6313 3927 13448 14809 14810 8347 
5319 2687 3927 6313 6312 8346 14810 14807 14811 
5320 2305 3185 6314 4126 6650 14812 14813 8817 
5321 1097 4126 6314 3992 8816 14813 14814 8487 
5322 2402 3992 6314 5063 8493 14814 14815 11290 
5323 3091 5063 6314 3185 11289 14815 14812 6651 
5324 2675 6317 6318 6315 14816 14817 14818 14819 
5325 2700 6315 6318 6038 14820 14818 14821 13963 
5326 2676 6038 6318 6316 13962 14821 14822 14823 
5327 2575 6316 6318 6317 14824 14822 14817 14825 
5328 2304 6319 6320 3678 14826 14827 14828 7776 
5329 1141 3678 6320 1140 7775 14828 14829 1886 
5330 1139 1140 6320 3225 1885 14829 14830 6735 
5331 3087 3225 6320 6319 6741 14830 14827 14831 
5332 2365 6072 6321 6094 14060 14832 14833 14121 
5333 2569 6094 6321 5072 14120 14833 14834 11313 
5334 44 5072 6321 45 11312 14834 14835 138 
5335 46 45 6321 6072 139 14835 14832 14061 
5336 2899 6140 6322 3907 14267 14836 14837 8302 
5337 2861 3907 6322 5788 8301 14837 14838 13254 
5338 2900 5788 6322 3614 13259 14838 14839 7630 
5339 2891 3614 6322 6140 7629 14839 14836 14262 
5340 2662 6325 6326 6323 14840 14841 14842 14843 
5341 2602 6323 6326 3962 14844 14842 14845 8425 
5342 2679 3962 6326 6324 8424 14845 14846 14847 
5343 2717 6324 6326 6325 14848 14846 14841 14849 
5344 3099 6328 6329 3529 14850 14851 14852 7435 
5345 3072 3529 6329 6252 7434 14852 14853 14616 
5346 3061 6252 6329 6327 14615 14853 14854 14855 
5347 3070 6327 6329 6328 14856 14854 14851 14857 
5348 2664 5716 6330 5919 13065 14858 14859 13628 
5349 2440 5919 6330 5842 13627 14859 14860 13398 
5350 2559 5842 6330 6190 13397 14860 14861 14417 
5351 2604 6190 6330 5716 14416 14861 14858 13058 
5352 3125 6332 6333 3419 14862 14863 14864 7183 
5353 3077 3419 6333 6331 7182 14864 14865 14866 
5354 3090 6331 6333 5709 14867 14865 14868 13046 
5355 3113 5709 6333 6332 13045 14868 14863 14869 
5356 1119 5565 6334 1118 12645 14870 14871 1864 
5357 1117 1118 6334 4163 1863 14871 14872 8906 
5358 2370 4163 6334 5274 8905 14872 14873 11851 
5359 3126 5274 6334 5565 11850 14873 14870 12646 
5360 2783 4985 6337 6335 11077 14874 14875 14876 
5361 2820 6335 6337 5421 14877 14875 14878 12234 
5362 3029 5421 6337 6336 12233 14878 14879 14880 
5363 2839 6336 6337 4985 14881 14879 14874 11070 
5364 2492 3896 6340 6338 8276 14882 14883 14884 
5365 2431 6338 6340 6339 14885 14883 14886 14887 
5366 74 6339 6340 75 14888 14886 14889 168 
5367 76 75 6340 3896 169 14889 14882 8268 
5368 2658 5845 6342 6341 13407 14890 14891 14892 
5369 2729 6341 6342 5379 14893 14891 14894 12122 
5370 2631 5379 6342 5958 12121 14894 14895 13742 
5371 2504 5958 6342 5845 13741 14895 14890 13408 
5372 2393 3923 6343 3777 8337 14896 14897 8007 
5373 1309 3777 6343 1308 8006 14897 14898 2054 
5374 1307 1308 6343 3145 2053 14898 14899 6554 
5375 3122 3145 6343 3923 6560 14899 14896 8338 
5376 2461 6289 6344 5835 14734 14900 14901 13372 
5377 2565 5835 6344 3910 13381 14901 14902 8308 
5378 2413 3910 6344 6035 8307 14902 14903 13950 
5379 746 6035 6344 6289 13955 14903 14900 14735 
5380 2613 6345 6346 5585 14904 14905 14906 12701 
5381 2666 5585 6346 6206 12700 14906 14907 14469 
5382 2694 6206 6346 5762 14468 14907 14908 13191 
5383 2754 5762 6346 6345 13190 14908 14905 14909 
5384 2628 5328 6348 6347 11991 14910 14911 14912 
5385 2672 6347 6348 4900 14913 14911 14914 10850 
5386 2701 4900 6348 3257 10849 14914 14915 6815 
5387 2637 3257 6348 5328 6814 14915 14910 11992 
5388 2731 6162 6349 3971 14335 14916 14917 8446 
5389 2699 3971 6349 3890 8445 14917 14918 8263 
5390 2688 3890 6349 6216 8262 14918 14919 14498 
5391 2603 6216 6349 6162 14497 14919 14916 14336 
5392 2423 6142 6350 6056 14272 14920 14921 14014 
5393 2772 6056 6350 6312 14013 14921 14922 14806 
5394 2687 6312 6350 6220 14811 14922 14923 14509 
5395 2520 6220 6350 6142 14508 14923 14920 14273 
5396 2395 3903 6351 4033 8292 14924 14925 8591 
5397 1341 4033 6351 1340 8590 14925 14926 2086 
5398 1339 1340 6351 5823 2085 14926 14927 13349 
5399 3071 5823 6351 3903 13348 14927 14924 8293 
5400 1337 5824 6352 1336 13352 14928 14929 2082 
5401 1335 1336 6352 4124 2081 14929 14930 8810 
5402 2322 4124 6352 6203 8809 14930 14931 14454 
5403 3104 6203 6352 5824 14459 14931 14928 13353 
5404 2410 6196 6353 3882 14435 14932 14933 8245 
5405 2599 3882 6353 5394 8244 14933 14934 12154 
5406 60 5394 6353 61 12161 14934 14935 154 
5407 62 61 6353 6196 155 14935 14932 14436 
5408 3101 3940 6354 5752 8375 14936 14937 13165 
5409 3013 5752 6354 5558 13164 14937 14938 12616 
5410 3086 5558 6354 3241 12625 14938 14939 6779 
5411 3080 3241 6354 3940 6778 14939 14936 8367 
5412 2697 5386 6355 5094 12139 14940 14941 11374 
5413 2749 5094 6355 5401 11373 14941 14942 12170 
5414 2778 5401 6355 5747 12179 14942 14943 13152 
5415 2610 5747 6355 5386 13151 14943 14940 12140 
5416 2821 5296 6356 5117 11906 14944 14945 11436 
5417 2889 5117 6356 3447 11435 14945 14946 7246 
5418 2830 3447 6356 5016 7245 14946 14947 11150 
5419 2792 5016 6356 5296 11161 14947 14944 11907 
5420 2338 6357 6358 4096 14948 14949 14950 8743 
5421 1123 4096 6358 1122 8742 14950 14951 1868 
5422 1121 1122 6358 5564 1867 14951 14952 12642 
5423 3118 5564 6358 6357 12641 14952 14949 14953 
5424 1225 5923 6359 1224 13639 14954 14955 1970 
5425 1223 1224 6359 4101 1969 14955 14956 8754 
5426 2403 4101 6359 3930 8753 14956 14957 8353 
5427 3068 3930 6359 5923 8352 14957 14954 13634 
5428 2671 3944 6361 6360 8384 14958 14959 14960 
5429 2717 6360 6361 3310 14961 14959 14962 6934 
5430 2611 3310 6361 3915 6933 14962 14963 8320 
5431 2515 3915 6361 3944 8319 14963 14958 8376 
5432 2861 3603 6363 3906 7605 14964 14965 8299 
5433 2373 3906 6363 6136 8298 14965 14966 14250 
5434 2822 6136 6363 6362 14255 14966 14967 14968 
5435 2862 6362 6363 3603 14969 14967 14964 7606 
5436 3130 3920 6365 6176 8330 14970 14971 14366 
5437 3111 6176 6365 6364 14377 14971 14972 14973 
5438 3119 6364 6365 3612 14974 14972 14975 7617 
5439 3128 3612 6365 3920 7625 14975 14970 8322 
5440 2638 6369 6370 6366 14976 14977 14978 14979 
5441 2693 6366 6370 6367 14980 14978 14981 14982 
5442 2620 6367 6370 6368 14983 14981 14984 14985 
5443 2572 6368 6370 6369 14986 14984 14977 14987 
5444 2770 6372 6373 6371 14988 14989 14990 14991 
5445 2679 6371 6373 3964 14992 14990 14993 8421 
5446 2722 3964 6373 5987 8429 14993 14994 13819 
5447 2622 5987 6373 6372 13818 14994 14989 14995 
5448 2608 6375 6376 6090 14996 14997 14998 14112 
5449 2700 6090 6376 6315 14111 14998 14999 14820 
5450 2675 6315 6376 6374 14819 14999 15000 15001 
5451 2574 6374 6376 6375 15002 15000 14997 15003 
5452 2668 6378 6379 3314 15004 15005 15006 6943 
5453 2699 3314 6379 3970 6942 15006 15007 8443 
5454 2669 3970 6379 6377 8442 15007 15008 15009 
5455 2576 6377 6379 6378 15010 15008 15005 15011 
5456 3093 6227 6381 5177 14529 15012 15013 11600 
5457 3073 5177 6381 3666 11599 15013 15014 7739 
5458 3100 3666 6381 6380 7747 15014 15015 15016 
5459 3062 6380 6381 6227 15017 15015 15012 14530 
5460 3073 3664 6382 5178 7742 15018 15019 11596 
5461 2372 5178 6382 5683 11603 15019 15020 12972 
5462 3057 5683 6382 5979 12971 15020 15021 13798 
5463 3079 5979 6382 3664 13797 15021 15018 7743 
5464 2736 6170 6384 3959 14359 15022 15023 8419 
5465 2688 3959 6384 5849 8418 15023 15024 13417 
5466 2770 5849 6384 6383 13416 15024 15025 15026 
5467 2632 6383 6384 6170 15027 15025 15022 14360 
5468 2433 6274 6386 5833 14689 15028 15029 13376 
5469 2461 5833 6386 6288 13375 15029 15030 14732 
5470 2434 6288 6386 6385 14731 15030 15031 15032 
5471 2411 6385 6386 6274 15033 15031 15028 14690 
5472 2605 6389 6390 3948 15034 15035 15036 8385 
5473 2683 3948 6390 6387 8393 15036 15037 15038 
5474 2667 6387 6390 6388 15039 15037 15040 15041 
5475 2587 6388 6390 6389 15042 15040 15035 15043 
5476 72 5705 6392 73 13035 15044 15045 166 
5477 74 73 6392 6339 167 15045 15046 14888 
5478 2431 6339 6392 6391 14887 15046 15047 15048 
5479 2564 6391 6392 5705 15049 15047 15044 13028 
5480 2984 5970 6393 3423 13773 15050 15051 7192 
5481 2897 3423 6393 3197 7191 15051 15052 6678 
5482 2942 3197 6393 4994 6677 15052 15053 11099 
5483 2934 4994 6393 5970 11098 15053 15050 13774 
5484 2858 6194 6394 5043 14430 15054 15055 11236 
5485 2840 5043 6394 5418 11235 15055 15056 12227 
5486 2902 5418 6394 5404 12226 15056 15057 12180 
5487 2845 5404 6394 6194 12187 15057 15054 14431 
5488 2750 6032 6396 3311 13946 15058 15059 6937 
5489 2717 3311 6396 6395 6936 15059 15060 15061 
5490 2738 6395 6396 5755 15062 15060 15063 13171 
5491 2785 5755 6396 6032 13170 15063 15058 13947 
5492 3041 3155 6397 6174 6582 15064 15065 14373 
5493 3131 6174 6397 6270 14372 15065 15066 14678 
5494 2378 6270 6397 6272 14677 15066 15067 14680 
5495 3063 6272 6397 3155 14685 15067 15064 6583 
5496 2516 6399 6400 5589 15068 15069 15070 12710 
5497 2417 5589 6400 6398 12709 15070 15071 15072 
5498 2602 6398 6400 6323 15073 15071 15074 14844 
5499 2662 6323 6400 6399 14843 15074 15069 15075 
5500 2567 6071 6401 6186 14057 15076 15077 14406 
5501 2637 6186 6401 5414 14405 15077 15078 12215 
5502 2615 5414 6401 6095 12214 15078 15079 14124 
5503 2365 6095 6401 6071 14123 15079 15076 14058 
5504 3001 5781 6402 3784 13241 15080 15081 8023 
5505 3000 3784 6402 5884 8022 15081 15082 13522 
5506 3021 5884 6402 3936 13521 15082 15083 8358 
5507 3053 3936 6402 5781 8366 15083 15080 13242 
5508 1365 5718 6403 1364 13071 15084 15085 2110 
5509 1363 1364 6403 3706 2109 15085 15086 7834 
5510 2323 3706 6403 5984 7840 15086 15087 13812 
5511 2961 5984 6403 5718 13811 15087 15084 13066 
5512 2987 3220 6404 3214 6729 15088 15089 6708 
5513 3100 3214 6404 6052 6716 15089 15090 14001 
5514 3020 6052 6404 5430 14000 15090 15091 12257 
5515 3035 5430 6404 3220 12256 15091 15088 6730 
5516 2654 5799 6405 4825 13289 15092 15093 10643 
5517 2503 4825 6405 5947 10642 15093 15094 13709 
5518 2774 5947 6405 5794 13708 15094 15095 13276 
5519 2695 5794 6405 5799 13275 15095 15092 13290 
5520 2320 4161 6407 6406 8899 15096 15097 15098 
5521 3027 6406 6407 5132 15099 15097 15100 11475 
5522 2386 5132 6407 4155 11474 15100 15101 8887 
5523 1273 4155 6407 4161 8886 15101 15096 8900 
5524 2862 3604 6408 3951 7607 15102 15103 8401 
5525 2855 3951 6408 3149 8400 15103 15104 6561 
5526 2983 3149 6408 3141 6569 15104 15105 6552 
5527 2756 3141 6408 3604 6551 15105 15102 7599 
5528 2697 5095 6410 5389 11376 15106 15107 12136 
5529 2776 5389 6410 6409 12147 15107 15108 15109 
5530 2762 6409 6410 4325 15110 15108 15111 9311 
5531 2686 4325 6410 5095 9310 15111 15106 11377 
5532 2721 3968 6411 5981 8438 15112 15113 13803 
5533 2620 5981 6411 6367 13802 15113 15114 14983 
5534 2693 6367 6411 3138 14982 15114 15115 6536 
5535 2694 3138 6411 3968 6544 15115 15112 8430 
5536 2468 5373 6413 5547 12105 15116 15117 12596 
5537 2592 5547 6413 3868 12595 15117 15118 8205 
5538 2632 3868 6413 6412 8213 15118 15119 15120 
5539 2598 6412 6413 5373 15121 15119 15116 12106 
5540 2466 5341 6414 5618 12023 15122 15123 12792 
5541 2594 5618 6414 6083 12791 15123 15124 14090 
5542 2731 6083 6414 6161 14089 15124 15125 14333 
5543 2596 6161 6414 5341 14332 15125 15122 12024 
5544 2483 5349 6415 5515 12043 15126 15127 12504 
5545 2590 5515 6415 5988 12503 15127 15128 13822 
5546 2722 5988 6415 6178 13821 15128 15129 14381 
5547 2595 6178 6415 5349 14380 15129 15126 12044 
5548 2597 5592 6416 5331 12717 15130 15131 11998 
5549 2432 5331 6416 6179 11997 15131 15132 14385 
5550 2602 6179 6416 6398 14384 15132 15133 15073 
5551 2417 6398 6416 5592 15072 15133 15130 12718 
5552 2632 6412 6418 6383 15120 15134 15135 15027 
5553 2770 6383 6418 6372 15026 15135 15136 14988 
5554 2622 6372 6418 6417 14995 15136 15137 15138 
5555 2598 6417 6418 6412 15139 15137 15134 15121 
5556 3110 3624 6419 3284 7652 15140 15141 6876 
5557 2336 3284 6419 5577 6875 15141 15142 12676 
5558 3117 5577 6419 5322 12675 15142 15143 11976 
5559 3105 5322 6419 3624 11975 15143 15140 7644 
5560 2304 5901 6421 6319 13574 15144 15145 14826 
5561 3087 6319 6421 6420 14831 15145 15146 15147 
5562 3077 6420 6421 5768 15148 15146 15149 13200 
5563 3094 5768 6421 5901 13207 15149 15144 13575 
5564 3109 6120 6422 3285 14207 15150 15151 6869 
5565 3110 3285 6422 5741 6877 15151 15152 13135 
5566 3076 5741 6422 5688 13134 15152 15153 12987 
5567 3106 5688 6422 6120 12986 15153 15150 14202 
5568 2726 5320 6423 5830 11968 15154 15155 13368 
5569 2667 5830 6423 6387 13367 15155 15156 15039 
5570 2683 6387 6423 3900 15038 15156 15157 8277 
5571 2748 3900 6423 5320 8285 15157 15154 11969 
5572 2725 5948 6424 4786 13711 15158 15159 10529 
5573 2762 4786 6424 6409 10528 15159 15160 15110 
5574 2776 6409 6424 5804 15109 15160 15161 13301 
5575 2691 5804 6424 5948 13300 15161 15158 13702 
5576 2669 6377 6425 3863 15009 15162 15163 8203 
5577 2589 3863 6425 5292 8202 15163 15164 11896 
5578 2470 5292 6425 5485 11895 15164 15165 12418 
5579 2576 5485 6425 6377 12417 15165 15162 15010 
5580 3033 5513 6426 5278 12497 15166 15167 11860 
5581 3003 5278 6426 6004 11859 15167 15168 13869 
5582 3027 6004 6426 6406 13868 15168 15169 15099 
5583 2320 6406 6426 5513 15098 15169 15166 12498 
5584 2605 3872 6427 6389 8222 15170 15171 15034 
5585 2587 6389 6427 5268 15043 15171 15172 11834 
5586 2476 5268 6427 5466 11833 15172 15173 12358 
5587 2570 5466 6427 3872 12357 15173 15170 8214 
5588 2730 6060 6428 6188 14023 15174 15175 14411 
5589 2584 6188 6428 5253 14410 15175 15176 11796 
5590 2473 5253 6428 5470 11795 15176 15177 12372 
5591 2571 5470 6428 6060 12371 15177 15174 14024 
5592 3061 6327 6429 3811 14855 15178 15179 8086 
5593 1293 3811 6429 1292 8085 15179 15180 2038 
5594 1291 1292 6429 5426 2037 15180 15181 12247 
5595 3070 5426 6429 6327 12246 15181 15178 14856 
5596 2675 6374 6431 6430 15001 15182 15183 15184 
5597 2583 6430 6431 5245 15185 15183 15186 11776 
5598 2429 5245 6431 5481 11775 15186 15187 12406 
5599 2574 5481 6431 6374 12405 15187 15182 15002 
5600 2677 6432 6433 5397 15188 15189 15190 12162 
5601 2586 5397 6433 5225 12169 15190 15191 11726 
5602 2471 5225 6433 5499 11725 15191 15192 12458 
5603 2578 5499 6433 6432 12457 15192 15189 15193 
5604 2479 5237 6434 5453 11755 15194 15195 12320 
5605 2577 5453 6434 3876 12319 15195 15196 8223 
5606 2608 3876 6434 6375 8231 15196 15197 14996 
5607 2574 6375 6434 5237 15003 15197 15194 11756 
5608 2491 6048 6435 5817 13990 15198 15199 13336 
5609 2337 5817 6435 5113 13335 15199 15200 11418 
5610 34 5113 6435 35 11425 15200 15201 128 
5611 36 35 6435 6048 129 15201 15198 13991 
5612 2482 5233 6436 5455 11745 15202 15203 12326 
5613 2581 5455 6436 3880 12325 15203 15204 8232 
5614 2638 3880 6436 6369 8240 15204 15205 14976 
5615 2572 6369 6436 5233 14987 15205 15202 11746 
5616 2478 5200 6437 5483 11661 15206 15207 12412 
5617 2582 5483 6437 5982 12411 15207 15208 13806 
5618 2721 5982 6437 6181 13805 15208 15209 14389 
5619 2573 6181 6437 5200 14388 15209 15206 11662 
5620 2312 5207 6438 5479 11679 15210 15211 12400 
5621 2583 5479 6438 6430 12399 15211 15212 15185 
5622 2675 6430 6438 6317 15184 15212 15213 14816 
5623 2575 6317 6438 5207 14825 15213 15210 11680 
5624 2588 5461 6439 5221 12343 15214 15215 11716 
5625 2310 5221 6439 5586 11715 15215 15216 12704 
5626 2613 5586 6439 6086 12703 15216 15217 14102 
5627 2485 6086 6439 5461 14101 15217 15214 12344 
5628 2729 6214 6440 6341 14491 15218 15219 14893 
5629 2658 6341 6440 4946 14892 15219 15220 10973 
5630 2551 4946 6440 4757 10972 15220 15221 10452 
5631 2656 4757 6440 6214 10451 15221 15218 14492 
5632 2886 5538 6442 6441 12571 15222 15223 15224 
5633 3050 6441 6442 6007 15225 15223 15226 13876 
5634 2820 6007 6442 6335 13875 15226 15227 14877 
5635 2783 6335 6442 5538 14876 15227 15222 12564 
5636 3062 5062 6443 6380 11286 15228 15229 15017 
5637 3100 6380 6443 3213 15016 15229 15230 6715 
5638 3034 3213 6443 3318 6714 15230 15231 6952 
5639 3091 3318 6443 5062 6951 15231 15228 11287 
5640 1393 5941 6445 1392 13690 15232 15233 2138 
5641 1391 1392 6445 6234 2137 15233 15234 14556 
5642 2326 6234 6445 6444 14555 15234 15235 15236 
5643 2915 6444 6445 5941 15237 15235 15232 13691 
5644 2662 6399 6446 5864 15075 15238 15239 13459 
5645 2593 5864 6446 5312 13458 15239 15240 11950 
5646 2344 5312 6446 6116 11949 15240 15241 14188 
5647 2516 6116 6446 6399 14193 15241 15238 15068 
5648 2316 5298 6447 6110 11911 15242 15243 14170 
5649 2518 6110 6447 3856 14175 15243 15244 8178 
5650 2603 3856 6447 6218 8186 15244 15245 14494 
5651 2591 6218 6447 5298 14503 15245 15242 11912 
5652 2578 6432 6448 5264 15193 15246 15247 11824 
5653 2389 5264 6448 3820 11823 15247 15248 8097 
5654 2676 3820 6448 6037 8105 15248 15249 13960 
5655 2677 6037 6448 6432 13959 15249 15246 15188 
5656 2764 3928 6449 3336 8348 15250 15251 6984 
5657 2827 3336 6449 6080 6992 15251 15252 14082 
5658 2698 6080 6449 5161 14081 15252 15253 11554 
5659 2614 5161 6449 3928 11553 15253 15250 8340 
5660 2329 5047 6450 3732 11247 15254 15255 7902 
5661 947 3732 6450 946 7901 15255 15256 1692 
5662 945 946 6450 4176 1691 15256 15257 8938 
5663 2398 4176 6450 5047 8937 15257 15254 11248 
5664 1247 4083 6451 1246 8712 15258 15259 1992 
5665 1245 1246 6451 4088 1991 15259 15260 8724 
5666 2396 4088 6451 5180 8723 15260 15261 11609 
5667 2345 5180 6451 4083 11608 15261 15258 8713 
5668 2343 6452 6453 4148 15262 15263 15264 8869 
5669 1283 4148 6453 1282 8868 15264 15265 2028 
5670 1281 1282 6453 4150 2027 15265 15266 8874 
5671 2386 4150 6453 6452 8873 15266 15263 15267 
5672 2306 5431 6454 3780 12259 15268 15269 8014 
5673 1055 3780 6454 1054 8013 15269 15270 1800 
5674 1053 1054 6454 3989 1799 15270 15271 8480 
5675 2401 3989 6454 5431 8486 15271 15268 12250 
5676 2309 5367 6455 3793 12091 15272 15273 8044 
5677 925 3793 6455 924 8043 15273 15274 1670 
5678 923 924 6455 3983 1669 15274 15275 8466 
5679 2404 3983 6455 5367 8472 15275 15272 12092 
5680 1009 4181 6456 1008 8950 15276 15277 1754 
5681 1007 1008 6456 3763 1753 15277 15278 7967 
5682 2394 3763 6456 5730 7973 15278 15279 13108 
5683 2307 5730 6456 4181 13107 15279 15276 8951 
5684 2340 5194 6457 3753 11647 15280 15281 7951 
5685 907 3753 6457 906 7950 15281 15282 1652 
5686 905 906 6457 4186 1651 15282 15283 8962 
5687 2400 4186 6457 5194 8961 15283 15280 11648 
5688 2308 4995 6458 3702 11102 15284 15285 7832 
5689 967 3702 6458 966 7831 15285 15286 1712 
5690 965 966 6458 3986 1711 15286 15287 8473 
5691 2391 3986 6458 4995 8479 15287 15284 11103 
5692 2887 5939 6459 5168 13687 15288 15289 11572 
5693 2913 5168 6459 3955 11571 15289 15290 8410 
5694 2888 3955 6459 5108 8409 15290 15291 11413 
5695 2724 5108 6459 5939 11412 15291 15288 13676 
5696 2371 5257 6460 6156 11805 15292 15293 14316 
5697 2508 6156 6460 3860 14321 15293 15294 8187 
5698 2617 3860 6460 6208 8195 15294 15295 14464 
5699 2579 6208 6460 5257 14473 15295 15292 11806 
5700 2447 5029 6461 5997 11199 15296 15297 13840 
5701 295 5997 6461 294 13849 15297 15298 304 
5702 3 294 6461 5954 303 15298 15299 13729 
5703 2369 5954 6461 5029 13728 15299 15296 11200 
5704 2397 5249 6462 6153 11785 15300 15301 14306 
5705 2510 6153 6462 3852 14311 15301 15302 8169 
5706 2668 3852 6462 6378 8177 15302 15303 15004 
5707 2576 6378 6462 5249 15011 15303 15300 11786 
5708 3008 5362 6463 5663 12077 15304 15305 12915 
5709 2982 5663 6463 6124 12914 15305 15306 14219 
5710 2991 6124 6463 3203 14218 15306 15307 6683 
5711 3004 3203 6463 5362 6691 15307 15304 12078 
5712 2434 6385 6464 6291 15032 15308 15309 14740 
5713 2436 6291 6464 6029 14739 15309 15310 13939 
5714 2487 6029 6464 6276 13938 15310 15311 14696 
5715 2411 6276 6464 6385 14695 15311 15308 15033 
5716 2915 5784 6465 6444 13247 15312 15313 15237 
5717 2326 6444 6465 6235 15236 15313 15314 14552 
5718 2922 6235 6465 3816 14559 15314 15315 8088 
5719 3050 3816 6465 5784 8096 15315 15312 13248 
5720 2690 6239 6466 5811 14571 15316 15317 13310 
5721 2696 5811 6466 6297 13319 15317 15318 14758 
5722 2354 6297 6466 5603 14763 15318 15319 12748 
5723 2787 5603 6466 6239 12747 15319 15316 14564 
5724 3067 5165 6467 3904 11563 15320 15321 8286 
5725 3071 3904 6467 5643 8294 15321 15322 12862 
5726 2873 5643 6467 5782 12861 15322 15323 13234 
5727 3053 5782 6467 5165 13243 15323 15320 11564 
5728 2616 5759 6468 3432 13183 15324 15325 7203 
5729 2665 3432 6468 5861 7211 15325 15326 13452 
5730 2805 5861 6468 5936 13451 15326 15327 13680 
5731 2724 5936 6468 5759 13679 15327 15324 13178 
5732 2883 5303 6469 6309 11923 15328 15329 14800 
5733 2900 6309 6469 5109 14799 15329 15330 11416 
5734 2888 5109 6469 6077 11415 15330 15331 14073 
5735 2863 6077 6469 5303 14072 15331 15328 11924 
5736 3103 5554 6470 6013 12615 15332 15333 13894 
5737 3102 6013 6470 5383 13893 15333 15334 12132 
5738 3112 5383 6470 3924 12131 15334 15335 8331 
5739 3122 3924 6470 5554 8339 15335 15332 12606 
5740 2622 6417 6471 3831 15138 15336 15337 8131 
5741 2521 3831 6471 5669 8130 15337 15338 12932 
5742 2422 5669 6471 5672 12931 15338 15339 12940 
5743 2598 5672 6471 6417 12939 15339 15336 15139 
5744 2734 5639 6472 5636 12848 15340 15341 12842 
5745 2752 5636 6472 6307 12841 15341 15342 14790 
5746 2750 6307 6472 6031 14795 15342 15343 13944 
5747 2753 6031 6472 5639 13943 15343 15340 12849 
5748 3084 3303 6473 3195 6918 15344 15345 6665 
5749 3108 3195 6473 5627 6673 15345 15346 12818 
5750 2302 5627 6473 5630 12817 15346 15347 12826 
5751 3089 5630 6473 3303 12825 15347 15344 6919 
5752 2932 5720 6474 5422 13075 15348 15349 12237 
5753 2820 5422 6474 6006 12236 15349 15350 13873 
5754 2938 6006 6474 6068 13872 15350 15351 14047 
5755 2914 6068 6474 5720 14046 15351 15348 13076 
5756 2978 5597 6475 5601 12731 15352 15353 12742 
5757 3002 5601 6475 6165 12741 15353 15354 14344 
5758 3028 6165 6475 6003 14343 15354 15355 13865 
5759 3007 6003 6475 5597 13864 15355 15352 12732 
5760 3045 5572 6476 5569 12660 15356 15357 12654 
5761 3065 5569 6476 3242 12653 15357 15358 6772 
5762 3086 3242 6476 5773 6780 15358 15359 13220 
5763 3056 5773 6476 5572 13219 15359 15356 12661 
5764 2467 5542 6477 5545 12581 15360 15361 12590 
5765 2591 5545 6477 6217 12589 15361 15362 14502 
5766 2655 6217 6477 5821 14501 15362 15363 13338 
5767 2519 5821 6477 5542 13345 15363 15360 12582 
5768 2862 3952 6478 6362 8402 15364 15365 14969 
5769 2822 6362 6478 5533 14968 15365 15366 12555 
5770 2800 5533 6478 5530 12554 15366 15367 12548 
5771 2831 5530 6478 3952 12547 15367 15364 8394 
5772 2421 5504 6479 5501 12470 15368 15369 12464 
5773 2587 5501 6479 6388 12463 15369 15370 15042 
5774 2667 6388 6479 3827 15041 15370 15371 8122 
5775 2514 3827 6479 5504 8121 15371 15368 12471 
5776 2666 6207 6480 5584 14471 15372 15373 12698 
5777 2513 5584 6480 5495 12697 15373 15374 12445 
5778 2472 5495 6480 5492 12444 15374 15375 12438 
5779 2579 5492 6480 6207 12437 15375 15372 14472 
5780 2620 6368 6481 3823 14985 15376 15377 8113 
5781 2512 3823 6481 5473 8112 15377 15378 12382 
5782 2420 5473 6481 5476 12381 15378 15379 12390 
5783 2572 5476 6481 6368 12389 15379 15376 14986 
5784 2676 6316 6482 3819 14823 15380 15381 8104 
5785 2509 3819 6482 5444 8103 15381 15382 12294 
5786 2477 5444 6482 5449 12293 15382 15383 12308 
5787 2575 5449 6482 6316 12307 15383 15380 14824 
5788 2754 6345 6483 6089 14909 15384 15385 14108 
5789 2730 6089 6483 6059 14107 15385 15386 14021 
5790 2652 6059 6483 6087 14020 15386 15387 14096 
5791 2613 6087 6483 6345 14103 15387 15384 14904 
5792 2343 6263 6485 6452 14655 15388 15389 15262 
5793 2386 6452 6485 5131 15267 15389 15390 11472 
5794 3052 5131 6485 6484 11471 15390 15391 15392 
5795 3074 6484 6485 6263 15393 15391 15388 14656 
5796 3046 5729 6486 5944 13104 15394 15395 13694 
5797 3047 5944 6486 5880 13701 15395 15396 13510 
5798 3060 5880 6486 5911 13509 15396 15397 13603 
5799 2307 5911 6486 5729 13602 15397 15394 13105 
5800 3087 6420 6487 6211 15147 15398 15399 14483 
5801 2387 6211 6487 6281 14482 15399 15400 14711 
5802 3090 6281 6487 6331 14710 15400 15401 14867 
5803 3077 6331 6487 6420 14866 15401 15398 15148 
5804 3012 6108 6488 5625 14169 15402 15403 12811 
5805 2330 5625 6488 5358 12810 15403 15404 12070 
5806 2977 5358 6488 6130 12069 15404 15405 14226 
5807 3005 6130 6488 6108 14235 15405 15402 14164 
5808 2856 5877 6490 5903 13499 15406 15407 13581 
5809 2351 5903 6490 5169 13580 15407 15408 11575 
5810 2887 5169 6490 6489 11574 15408 15409 15410 
5811 2833 6489 6490 5877 15411 15409 15406 13500 
5812 2816 5193 6491 5837 11644 15412 15413 13386 
5813 2859 5837 6491 5574 13385 15413 15414 12668 
5814 2872 5574 6491 6122 12667 15414 15415 14213 
5815 2340 6122 6491 5193 14212 15415 15412 11645 
5816 2947 5522 6492 6138 12525 15416 15417 14261 
5817 2309 6138 6492 5366 14260 15417 15418 12089 
5818 2895 5366 6492 6065 12088 15418 15419 14030 
5819 2937 6065 6492 5522 14039 15419 15416 12526 
5820 301 302 6493 5667 311 15420 15421 12918 
5821 2430 5667 6493 4168 12927 15421 15422 8919 
5822 441 4168 6493 440 8918 15422 15423 590 
5823 5 440 6493 302 589 15423 15420 312 
5824 3116 5753 6494 6265 13167 15424 15425 14662 
5825 2399 6265 6494 5867 14661 15425 15426 13464 
5826 3119 5867 6494 6364 13469 15426 15427 14974 
5827 3111 6364 6494 5753 14973 15427 15424 13158 
5828 2958 6267 6495 5290 14667 15428 15429 11890 
5829 2962 5290 6495 6064 11889 15429 15430 14037 
5830 2946 6064 6495 5048 14036 15430 15431 11242 
5831 2398 5048 6495 6267 11249 15431 15428 14668 
5832 2723 5966 6496 6158 13763 15432 15433 14325 
5833 2585 6158 6496 5261 14324 15433 15434 11815 
5834 2339 5261 6496 6259 11814 15434 15435 14641 
5835 2484 6259 6496 5966 14640 15435 15432 13764 
5836 3025 4210 6497 5198 9021 15436 15437 11656 
5837 3032 5198 6497 6129 11655 15437 15438 14233 
5838 3015 6129 6497 5731 14232 15438 15439 13100 
5839 2394 5731 6497 4210 13109 15439 15436 9022 
5840 2894 6198 6498 5806 14443 15440 15441 13305 
5841 2923 5806 6498 6184 13304 15441 15442 14399 
5842 3052 6184 6498 5130 14398 15442 15443 11469 
5843 2948 5130 6498 6198 11468 15443 15440 14444 
5844 3113 6332 6499 6245 14869 15444 15445 14590 
5845 2338 6245 6499 6357 14589 15445 15446 14948 
5846 3118 6357 6499 6024 14953 15446 15447 13925 
5847 3125 6024 6499 6332 13924 15447 15444 14862 
5848 2693 5905 6500 6366 13584 15448 15449 14980 
5849 2638 6366 6500 6159 14979 15449 15450 14328 
5850 2723 6159 6500 5965 14327 15450 15451 13761 
5851 2727 5965 6500 5905 13760 15451 15448 13585 
5852 2981 5733 6501 5952 13113 15452 15453 13723 
5853 2374 5952 6501 5976 13722 15453 15454 13784 
5854 3006 5976 6501 6019 13791 15454 15455 13904 
5855 2963 6019 6501 5733 13911 15455 15452 13114 
5856 3099 3530 6502 6328 7436 15456 15457 14850 
5857 3070 6328 6502 5425 14857 15457 15458 12244 
5858 3074 5425 6502 6484 12243 15458 15459 15393 
5859 3052 6484 6502 3530 15392 15459 15456 7428 
5860 2672 4901 6503 6347 10851 15460 15461 14913 
5861 2628 6347 6503 5858 14912 15461 15462 13440 
5862 2660 5858 6503 5707 13445 15462 15463 13041 
5863 2414 5707 6503 4901 13040 15463 15460 10842 
5864 2773 5790 6504 5370 13263 15464 15465 12098 
5865 2718 5370 6504 4792 12097 15465 15466 10546 
5866 2765 4792 6504 5828 10545 15466 15467 13354 
5867 2612 5828 6504 5790 13363 15467 15464 13264 
5868 2772 5938 6506 6505 13685 15468 15469 15470 
5869 2799 6505 6506 5633 15471 15469 15472 12834 
5870 2833 5633 6506 6489 12833 15472 15473 15411 
5871 2887 6489 6506 5938 15410 15473 15468 13686 
5872 2738 5813 6507 6395 13323 15474 15475 15062 
5873 2717 6395 6507 6324 15061 15475 15476 14848 
5874 2679 6324 6507 6371 14847 15476 15477 14992 
5875 2770 6371 6507 5813 14991 15477 15474 13324 
5876 2627 5079 6508 5865 11331 15478 15479 13462 
5877 2662 5865 6508 6325 13461 15479 15480 14840 
5878 2717 6325 6508 6360 14849 15480 15481 14961 
5879 2671 6360 6508 5079 14960 15481 15478 11332 
5880 2431 6391 6509 6338 15048 15482 15483 14885 
5881 2492 6338 6509 5694 14884 15483 15484 13003 
5882 2553 5694 6509 5318 13002 15484 15485 11956 
5883 2564 5318 6509 6391 11965 15485 15482 15049 
5884 2412 5665 6510 4000 12922 15486 15487 8513 
5885 297 4000 6510 296 8512 15487 15488 306 
5886 295 296 6510 5996 305 15488 15489 13848 
5887 2561 5996 6510 5665 13847 15489 15486 12923 
5888 2565 5809 6511 3133 13314 15490 15491 6534 
5889 2486 3133 6511 6301 6533 15491 15492 14773 
5890 2382 6301 6511 6278 14772 15492 15493 14703 
5891 2673 6278 6511 5809 14702 15493 15490 13315 
5892 3066 6285 6512 5540 14725 15494 15495 12576 
5893 3075 5540 6512 6168 12575 15495 15496 14354 
5894 3035 6168 6512 5429 14353 15496 15497 12254 
5895 2401 5429 6512 6285 12253 15497 15494 14720 
5896 2839 5807 6513 6336 13308 15498 15499 14881 
5897 3029 6336 6513 5780 14880 15499 15500 13238 
5898 2873 5780 6513 5642 13237 15500 15501 12859 
5899 3078 5642 6513 5807 12858 15501 15498 13309 
5900 2997 5943 6514 5869 13698 15502 15503 13473 
5901 3036 5869 6514 6144 13472 15503 15504 14279 
5902 2376 6144 6514 6283 14278 15504 15505 14714 
5903 3030 6283 6514 5943 14719 15505 15502 13699 
5904 2977 6128 6515 5357 14229 15506 15507 12067 
5905 3026 5357 6515 6223 12066 15507 15508 14514 
5906 2945 6223 6515 3414 14519 15508 15509 7171 
5907 3015 3414 6515 6128 7170 15509 15506 14230 
5908 3079 6053 6516 5978 14004 15510 15511 13795 
5909 3049 5978 6516 5508 13794 15511 15512 12484 
5910 3064 5508 6516 5895 12483 15512 15513 13556 
5911 3081 5895 6516 6053 13555 15513 15510 14005 
5912 3129 6042 6517 5276 13973 15514 15515 11846 
5913 3114 5276 6517 5490 11855 15515 15516 12432 
5914 3121 5490 6517 5897 12431 15516 15517 13562 
5915 3124 5897 6517 6042 13561 15517 15514 13974 
5916 2804 5438 6518 5899 12277 15518 15519 13568 
5917 2829 5899 6518 6081 13567 15519 15520 14085 
5918 2827 6081 6518 6238 14084 15520 15521 14569 
5919 2771 6238 6518 5438 14568 15521 15518 12278 
5920 3023 6015 6519 5785 13898 15522 15523 13251 
5921 3050 5785 6519 6441 13250 15523 15524 15225 
5922 2886 6441 6519 6018 15224 15524 15525 13908 
5923 3006 6018 6519 6015 13907 15525 15522 13899 
5924 2854 5037 6520 4933 11221 15526 15527 10940 
5925 2870 4933 6520 5419 10939 15527 15528 12222 
5926 2890 5419 6520 5060 12229 15528 15529 11274 
5927 2835 5060 6520 5037 11281 15529 15526 11212 
5928 3010 5510 6521 5934 12489 15530 15531 13675 
5929 3013 5934 6521 5751 13674 15531 15532 13162 
5930 3111 5751 6521 6175 13161 15532 15533 14376 
5931 3041 6175 6521 5510 14375 15533 15530 12490 
5932 2875 5963 6522 5764 13754 15534 15535 13196 
5933 2846 5764 6522 4683 13195 15535 15536 10240 
5934 2885 4683 6522 4607 10249 15536 15537 10034 
5935 2841 4607 6522 5963 10033 15537 15534 13755 
5936 2850 5757 6523 6075 13176 15538 15539 14068 
5937 2895 6075 6523 5365 14067 15539 15540 12086 
5938 2871 5365 6523 5838 12085 15540 15541 13389 
5939 2816 5838 6523 5757 13388 15541 15538 13177 
5940 2438 5702 6524 5726 13027 15542 15543 13094 
5941 2557 5726 6524 5961 13093 15543 15544 13749 
5942 2670 5961 6524 5856 13748 15544 15545 13438 
5943 2384 5856 6524 5702 13437 15545 15542 13020 
5944 2522 5995 6525 5906 13844 15546 15547 13588 
5945 2727 5906 6525 5690 13587 15547 15548 12991 
5946 2661 5690 6525 5777 12990 15548 15549 13231 
5947 2561 5777 6525 5995 13230 15549 15546 13845 
5948 2772 6505 6526 6057 15470 15550 15551 14010 
5949 2348 6057 6526 4207 14017 15551 15552 9014 
5950 2832 4207 6526 6299 9013 15552 15553 14767 
5951 2799 6299 6526 6505 14766 15553 15550 15471 
$EndElements
